dataset,entry_id,pdb_id,chain_id,tool,selector_variant,locked_role,pair_order,pair_position,reused_output,returncode,runtime_s,peak_rss_kb,command_json,normalized_command_json,cwd_role,input_structure_sha256,raw_summary_role,raw_summary_sha256,stdout_sha256,stderr_sha256,selector_status_sha256,requested_selector,selector_used,fallback,error_code,selector_warning_code,excluded_candidate_count,binary_sha256,model_manifest_sha256,runtime_manifest_sha256
cath663,19hcA,19hc,A,sword2-rust,factorized,factorized-accuracy,,,False,0,0.3860928607173264,12960,"[""/home/chili/cretin/PROJECTS/SWORD2/target/release/sword2"",""-i"",""/home/chili/cretin/PROJECTS/SWORD2/benchmark/cache/chains/19hcA.pdb"",""-o"",""/home/chili/cretin/PROJECTS/SWORD2/benchmark/results_factorized_locked_model_attempt6/raw/sword2-rust/19hcA"",""-j"",""1"",""--use-factorized-ranker""]","[""<binary>"",""-i"",""<input_structure>"",""-o"",""<process_output>"",""-j"",""1"",""--use-factorized-ranker""]",repository_root,08cf18ce16049eafdb15cea7f269b7ab1a55feb217c4070cc91c1d3dc7933ec3,raw/sword2-rust/19hcA/19hcA_A/summary.json,247bdc37557fd2edd82da65985ff0bf02a02bfba3a357612887d49bd6f10b292,e3b0c44298fc1c149afbf4c8996fb92427ae41e4649b934ca495991b7852b855,780f4d93e6cb5c93959a53d87cb79c67f0741c79300cd4c832aab4c540e79f31,696355a5d230f7607fccf47600c3149601c3fe872aaebc65fde3ff9da7d61f28,factorized,factorized,False,,,0,0d9e5fdba57c30b9b0e238876011815027bab365040d0c605f74fba1987f67c5,b45f6d311a33a790cfe03615f347a4626e5c0a6412309c39e4d07882f98a09c0,770c3d348365b7f744f2eaee964b61cc57615c10f8ca9a47a061ac03ee1c343e
cath663,1a59A,1a59,A,sword2-rust,factorized,factorized-accuracy,,,False,0,0.5993201676756144,20432,"[""/home/chili/cretin/PROJECTS/SWORD2/target/release/sword2"",""-i"",""/home/chili/cretin/PROJECTS/SWORD2/benchmark/cache/chains/1a59A.pdb"",""-o"",""/home/chili/cretin/PROJECTS/SWORD2/benchmark/results_factorized_locked_model_attempt6/raw/sword2-rust/1a59A"",""-j"",""1"",""--use-factorized-ranker""]","[""<binary>"",""-i"",""<input_structure>"",""-o"",""<process_output>"",""-j"",""1"",""--use-factorized-ranker""]",repository_root,ca8de169d9c59b79982427f10840eea2b92c3f7e1c818495405ffb8fc20139b1,raw/sword2-rust/1a59A/1a59A_A/summary.json,31043759d4d2d42ac3dc7c5a91b1ae077e0d7b49d51d2b59a392c169f36f149a,e3b0c44298fc1c149afbf4c8996fb92427ae41e4649b934ca495991b7852b855,974fce8528dd0282dcff258c8101a8e280c3df6cfbe851601732e811b57fc80e,696355a5d230f7607fccf47600c3149601c3fe872aaebc65fde3ff9da7d61f28,factorized,factorized,False,,,0,0d9e5fdba57c30b9b0e238876011815027bab365040d0c605f74fba1987f67c5,b45f6d311a33a790cfe03615f347a4626e5c0a6412309c39e4d07882f98a09c0,770c3d348365b7f744f2eaee964b61cc57615c10f8ca9a47a061ac03ee1c343e
cath663,1aj8A,1aj8,A,sword2-rust,factorized,factorized-accuracy,,,False,0,0.6385565679520369,21132,"[""/home/chili/cretin/PROJECTS/SWORD2/target/release/sword2"",""-i"",""/home/chili/cretin/PROJECTS/SWORD2/benchmark/cache/chains/1aj8A.pdb"",""-o"",""/home/chili/cretin/PROJECTS/SWORD2/benchmark/results_factorized_locked_model_attempt6/raw/sword2-rust/1aj8A"",""-j"",""1"",""--use-factorized-ranker""]","[""<binary>"",""-i"",""<input_structure>"",""-o"",""<process_output>"",""-j"",""1"",""--use-factorized-ranker""]",repository_root,8bb3f82e16a0b7b16e7c41eb705b1dbf4a7ab59e94d6e9e460820b428171f898,raw/sword2-rust/1aj8A/1aj8A_A/summary.json,7f37e75b9a752fcf6dc2ae998e7ee27cc52e80f39cdf33ed6ea9008fa64e5b2e,e3b0c44298fc1c149afbf4c8996fb92427ae41e4649b934ca495991b7852b855,172484f7f8692d69f026591a013134670651573401b3d9fb69b46dbcee47cdcd,696355a5d230f7607fccf47600c3149601c3fe872aaebc65fde3ff9da7d61f28,factorized,factorized,False,,,0,0d9e5fdba57c30b9b0e238876011815027bab365040d0c605f74fba1987f67c5,b45f6d311a33a790cfe03615f347a4626e5c0a6412309c39e4d07882f98a09c0,770c3d348365b7f744f2eaee964b61cc57615c10f8ca9a47a061ac03ee1c343e
cath663,1anxA,1anx,A,sword2-rust,factorized,factorized-accuracy,,,False,0,0.4941794858314097,15324,"[""/home/chili/cretin/PROJECTS/SWORD2/target/release/sword2"",""-i"",""/home/chili/cretin/PROJECTS/SWORD2/benchmark/cache/chains/1anxA.pdb"",""-o"",""/home/chili/cretin/PROJECTS/SWORD2/benchmark/results_factorized_locked_model_attempt6/raw/sword2-rust/1anxA"",""-j"",""1"",""--use-factorized-ranker""]","[""<binary>"",""-i"",""<input_structure>"",""-o"",""<process_output>"",""-j"",""1"",""--use-factorized-ranker""]",repository_root,6b155fc756acbdc505f0e61c3b72818edd15f9e9f1ac309443df5ff6b59fe125,raw/sword2-rust/1anxA/1anxA_A/summary.json,616620fc281f10fc0e0894273de38fe9e663dbdf2d2c715ca1482783c654ea9a,e3b0c44298fc1c149afbf4c8996fb92427ae41e4649b934ca495991b7852b855,d2e32909e99d061145ff08bf15c9a9204216bed752d0d4dacf64b352feb2e8dd,696355a5d230f7607fccf47600c3149601c3fe872aaebc65fde3ff9da7d61f28,factorized,factorized,False,,,0,0d9e5fdba57c30b9b0e238876011815027bab365040d0c605f74fba1987f67c5,b45f6d311a33a790cfe03615f347a4626e5c0a6412309c39e4d07882f98a09c0,770c3d348365b7f744f2eaee964b61cc57615c10f8ca9a47a061ac03ee1c343e
cath663,1avcA,1avc,A,sword2-rust,factorized,factorized-accuracy,,,False,0,0.9877208950929344,31512,"[""/home/chili/cretin/PROJECTS/SWORD2/target/release/sword2"",""-i"",""/home/chili/cretin/PROJECTS/SWORD2/benchmark/cache/chains/1avcA.pdb"",""-o"",""/home/chili/cretin/PROJECTS/SWORD2/benchmark/results_factorized_locked_model_attempt6/raw/sword2-rust/1avcA"",""-j"",""1"",""--use-factorized-ranker""]","[""<binary>"",""-i"",""<input_structure>"",""-o"",""<process_output>"",""-j"",""1"",""--use-factorized-ranker""]",repository_root,df16c011b92c66f0ffcea826b50e1ca07c45853a7b4a97dfe3735f92cc77f06e,raw/sword2-rust/1avcA/1avcA_A/summary.json,98111d2cb5ecb649cf202297ed5cdf5e47d76e1c03fdffa8ee4516fbf3643598,e3b0c44298fc1c149afbf4c8996fb92427ae41e4649b934ca495991b7852b855,c1f4d527f5a64b61a9f47e4033ec25fb7d489635d931eab35d9909182e393b40,696355a5d230f7607fccf47600c3149601c3fe872aaebc65fde3ff9da7d61f28,factorized,factorized,False,,,0,0d9e5fdba57c30b9b0e238876011815027bab365040d0c605f74fba1987f67c5,b45f6d311a33a790cfe03615f347a4626e5c0a6412309c39e4d07882f98a09c0,770c3d348365b7f744f2eaee964b61cc57615c10f8ca9a47a061ac03ee1c343e
cath663,1axnA,1axn,A,sword2-rust,factorized,factorized-accuracy,,,False,0,0.5056161810643971,14376,"[""/home/chili/cretin/PROJECTS/SWORD2/target/release/sword2"",""-i"",""/home/chili/cretin/PROJECTS/SWORD2/benchmark/cache/chains/1axnA.pdb"",""-o"",""/home/chili/cretin/PROJECTS/SWORD2/benchmark/results_factorized_locked_model_attempt6/raw/sword2-rust/1axnA"",""-j"",""1"",""--use-factorized-ranker""]","[""<binary>"",""-i"",""<input_structure>"",""-o"",""<process_output>"",""-j"",""1"",""--use-factorized-ranker""]",repository_root,ecf56d9477634c0d26144c18ca867df12ce0f5647b9068de64de6362a3b82b8d,raw/sword2-rust/1axnA/1axnA_A/summary.json,9861c97ea2cfd5f8c2621a9109cc2985471f1cd607e7613de49fcad0001fe272,e3b0c44298fc1c149afbf4c8996fb92427ae41e4649b934ca495991b7852b855,400109c6dbdfc495223e2eb147dab1913eac506e4d068fc8fc810a9249a86501,696355a5d230f7607fccf47600c3149601c3fe872aaebc65fde3ff9da7d61f28,factorized,factorized,False,,,0,0d9e5fdba57c30b9b0e238876011815027bab365040d0c605f74fba1987f67c5,b45f6d311a33a790cfe03615f347a4626e5c0a6412309c39e4d07882f98a09c0,770c3d348365b7f744f2eaee964b61cc57615c10f8ca9a47a061ac03ee1c343e
cath663,1bpoA,1bpo,A,sword2-rust,factorized,factorized-accuracy,,,False,0,0.6306854654103518,21508,"[""/home/chili/cretin/PROJECTS/SWORD2/target/release/sword2"",""-i"",""/home/chili/cretin/PROJECTS/SWORD2/benchmark/cache/chains/1bpoA.pdb"",""-o"",""/home/chili/cretin/PROJECTS/SWORD2/benchmark/results_factorized_locked_model_attempt6/raw/sword2-rust/1bpoA"",""-j"",""1"",""--use-factorized-ranker""]","[""<binary>"",""-i"",""<input_structure>"",""-o"",""<process_output>"",""-j"",""1"",""--use-factorized-ranker""]",repository_root,b9f33b2d67bfa6de3135107456a62ec04edc9fdb8acb7a272a1f8e98e20cdf66,raw/sword2-rust/1bpoA/1bpoA_A/summary.json,7c21543fc4098e4daea1c1e08816d248177b1d94a865e6814cbb4af28ba7f1c8,e3b0c44298fc1c149afbf4c8996fb92427ae41e4649b934ca495991b7852b855,1040e24206badbfe31dedf44a478d291c10c19ef1112d33211509deab9fc3305,696355a5d230f7607fccf47600c3149601c3fe872aaebc65fde3ff9da7d61f28,factorized,factorized,False,,,0,0d9e5fdba57c30b9b0e238876011815027bab365040d0c605f74fba1987f67c5,b45f6d311a33a790cfe03615f347a4626e5c0a6412309c39e4d07882f98a09c0,770c3d348365b7f744f2eaee964b61cc57615c10f8ca9a47a061ac03ee1c343e
cath663,1c3cA,1c3c,A,sword2-rust,factorized,factorized-accuracy,,,False,0,0.7871625786647201,25120,"[""/home/chili/cretin/PROJECTS/SWORD2/target/release/sword2"",""-i"",""/home/chili/cretin/PROJECTS/SWORD2/benchmark/cache/chains/1c3cA.pdb"",""-o"",""/home/chili/cretin/PROJECTS/SWORD2/benchmark/results_factorized_locked_model_attempt6/raw/sword2-rust/1c3cA"",""-j"",""1"",""--use-factorized-ranker""]","[""<binary>"",""-i"",""<input_structure>"",""-o"",""<process_output>"",""-j"",""1"",""--use-factorized-ranker""]",repository_root,5deaaaa7941ffbef4471bdd9e212d8debfcb9f86be3c4abd1fea782ab31ccec4,raw/sword2-rust/1c3cA/1c3cA_A/summary.json,2013234064ede87d9fa14efecd333a042980b3aac2a63797a5482f6e05f3ce70,e3b0c44298fc1c149afbf4c8996fb92427ae41e4649b934ca495991b7852b855,58fd84eadbe03b9e11a58f3037a4a5b52867a162ba5388b7303224dc1928324d,696355a5d230f7607fccf47600c3149601c3fe872aaebc65fde3ff9da7d61f28,factorized,factorized,False,,,0,0d9e5fdba57c30b9b0e238876011815027bab365040d0c605f74fba1987f67c5,b45f6d311a33a790cfe03615f347a4626e5c0a6412309c39e4d07882f98a09c0,770c3d348365b7f744f2eaee964b61cc57615c10f8ca9a47a061ac03ee1c343e
cath663,1chkA,1chk,A,sword2-rust,factorized,factorized-accuracy,,,False,0,0.2179225143045187,11488,"[""/home/chili/cretin/PROJECTS/SWORD2/target/release/sword2"",""-i"",""/home/chili/cretin/PROJECTS/SWORD2/benchmark/cache/chains/1chkA.pdb"",""-o"",""/home/chili/cretin/PROJECTS/SWORD2/benchmark/results_factorized_locked_model_attempt6/raw/sword2-rust/1chkA"",""-j"",""1"",""--use-factorized-ranker""]","[""<binary>"",""-i"",""<input_structure>"",""-o"",""<process_output>"",""-j"",""1"",""--use-factorized-ranker""]",repository_root,333d654d393e85f961d2bf90df0325781cb3c50c05729c4b986e12dd28f31ba6,raw/sword2-rust/1chkA/1chkA_A/summary.json,037d5c179d4b126c4c3e83eb8e74616e41b5884862ccffb5a54e1a736286f8fe,e3b0c44298fc1c149afbf4c8996fb92427ae41e4649b934ca495991b7852b855,e8bca03fff3b208aebbe685827832a254f4a0126c397cf0fb056bd6641cb3ab2,696355a5d230f7607fccf47600c3149601c3fe872aaebc65fde3ff9da7d61f28,factorized,factorized,False,,,0,0d9e5fdba57c30b9b0e238876011815027bab365040d0c605f74fba1987f67c5,b45f6d311a33a790cfe03615f347a4626e5c0a6412309c39e4d07882f98a09c0,770c3d348365b7f744f2eaee964b61cc57615c10f8ca9a47a061ac03ee1c343e
cath663,1crkA,1crk,A,sword2-rust,factorized,factorized-accuracy,,,False,0,0.7514447546564043,22804,"[""/home/chili/cretin/PROJECTS/SWORD2/target/release/sword2"",""-i"",""/home/chili/cretin/PROJECTS/SWORD2/benchmark/cache/chains/1crkA.pdb"",""-o"",""/home/chili/cretin/PROJECTS/SWORD2/benchmark/results_factorized_locked_model_attempt6/raw/sword2-rust/1crkA"",""-j"",""1"",""--use-factorized-ranker""]","[""<binary>"",""-i"",""<input_structure>"",""-o"",""<process_output>"",""-j"",""1"",""--use-factorized-ranker""]",repository_root,794b0ea18770fc1321aeb3987544f3c8089502a4f5109a5ca5521286ff10b9d9,raw/sword2-rust/1crkA/1crkA_A/summary.json,2338fd00c493fb796268d2bc426244afd04831d6b6a5ec7c9329af60a30972c2,e3b0c44298fc1c149afbf4c8996fb92427ae41e4649b934ca495991b7852b855,042d3ddb672da9ec2f742b6638600050951750f23a0b989816b727d47bedd581,696355a5d230f7607fccf47600c3149601c3fe872aaebc65fde3ff9da7d61f28,factorized,factorized,False,,,0,0d9e5fdba57c30b9b0e238876011815027bab365040d0c605f74fba1987f67c5,b45f6d311a33a790cfe03615f347a4626e5c0a6412309c39e4d07882f98a09c0,770c3d348365b7f744f2eaee964b61cc57615c10f8ca9a47a061ac03ee1c343e
cath663,1cscA,1csc,A,sword2-rust,factorized,factorized-accuracy,,,False,0,0.8753549079410732,28192,"[""/home/chili/cretin/PROJECTS/SWORD2/target/release/sword2"",""-i"",""/home/chili/cretin/PROJECTS/SWORD2/benchmark/cache/chains/1cscA.pdb"",""-o"",""/home/chili/cretin/PROJECTS/SWORD2/benchmark/results_factorized_locked_model_attempt6/raw/sword2-rust/1cscA"",""-j"",""1"",""--use-factorized-ranker""]","[""<binary>"",""-i"",""<input_structure>"",""-o"",""<process_output>"",""-j"",""1"",""--use-factorized-ranker""]",repository_root,7d9bf8036370ac8a10361ac1983d78c48a0d7a85ac783b2319bd96a4f3337779,raw/sword2-rust/1cscA/1cscA_A/summary.json,cf318f185101904e8902efe40f2aaea1b94b371d6689ab49f7dd0dc4612b872f,e3b0c44298fc1c149afbf4c8996fb92427ae41e4649b934ca495991b7852b855,9a45c7972245d9f472e7b4702f2910b7b0743b84e79c51dd3309293cf522c3ab,696355a5d230f7607fccf47600c3149601c3fe872aaebc65fde3ff9da7d61f28,factorized,factorized,False,,,0,0d9e5fdba57c30b9b0e238876011815027bab365040d0c605f74fba1987f67c5,b45f6d311a33a790cfe03615f347a4626e5c0a6412309c39e4d07882f98a09c0,770c3d348365b7f744f2eaee964b61cc57615c10f8ca9a47a061ac03ee1c343e
cath663,1cshA,1csh,A,sword2-rust,factorized,factorized-accuracy,,,False,0,0.759923436678946,26184,"[""/home/chili/cretin/PROJECTS/SWORD2/target/release/sword2"",""-i"",""/home/chili/cretin/PROJECTS/SWORD2/benchmark/cache/chains/1cshA.pdb"",""-o"",""/home/chili/cretin/PROJECTS/SWORD2/benchmark/results_factorized_locked_model_attempt6/raw/sword2-rust/1cshA"",""-j"",""1"",""--use-factorized-ranker""]","[""<binary>"",""-i"",""<input_structure>"",""-o"",""<process_output>"",""-j"",""1"",""--use-factorized-ranker""]",repository_root,958facb3415dfa4b31349aa466fb0d07489f7bc75f9216c8e7ec2c3226f8b2b8,raw/sword2-rust/1cshA/1cshA_A/summary.json,4c9a7b128b0dc8e84877b324f7fc1d02e61856fc61771a3688b8bfbe37769fdf,e3b0c44298fc1c149afbf4c8996fb92427ae41e4649b934ca495991b7852b855,2501d8e431636eb6cf32961b27a1737d6416f8e125e18558e93a4565ce346b9c,696355a5d230f7607fccf47600c3149601c3fe872aaebc65fde3ff9da7d61f28,factorized,factorized,False,,,0,0d9e5fdba57c30b9b0e238876011815027bab365040d0c605f74fba1987f67c5,b45f6d311a33a790cfe03615f347a4626e5c0a6412309c39e4d07882f98a09c0,770c3d348365b7f744f2eaee964b61cc57615c10f8ca9a47a061ac03ee1c343e
cath663,1ddzA,1ddz,A,sword2-rust,factorized,factorized-accuracy,,,False,0,0.948032604996115,28204,"[""/home/chili/cretin/PROJECTS/SWORD2/target/release/sword2"",""-i"",""/home/chili/cretin/PROJECTS/SWORD2/benchmark/cache/chains/1ddzA.pdb"",""-o"",""/home/chili/cretin/PROJECTS/SWORD2/benchmark/results_factorized_locked_model_attempt6/raw/sword2-rust/1ddzA"",""-j"",""1"",""--use-factorized-ranker""]","[""<binary>"",""-i"",""<input_structure>"",""-o"",""<process_output>"",""-j"",""1"",""--use-factorized-ranker""]",repository_root,fa2007e4e7bdf972daf7739fd480ef1e99b5845d9f33cb15a408e173b5ca8332,raw/sword2-rust/1ddzA/1ddzA_A/summary.json,c07505fb4b7cc6d18c5fca37c40b6321a7d138a37baee9b4548609e7aa2b4cc0,e3b0c44298fc1c149afbf4c8996fb92427ae41e4649b934ca495991b7852b855,24aa8ceb45baf89a8c0783bc047c751d32ce6125091400ad3bb50b405391a1e9,696355a5d230f7607fccf47600c3149601c3fe872aaebc65fde3ff9da7d61f28,factorized,factorized,False,,,0,0d9e5fdba57c30b9b0e238876011815027bab365040d0c605f74fba1987f67c5,b45f6d311a33a790cfe03615f347a4626e5c0a6412309c39e4d07882f98a09c0,770c3d348365b7f744f2eaee964b61cc57615c10f8ca9a47a061ac03ee1c343e
cath663,1dfaA,1dfa,A,sword2-rust,factorized,factorized-accuracy,,,False,0,0.7683330769650638,25588,"[""/home/chili/cretin/PROJECTS/SWORD2/target/release/sword2"",""-i"",""/home/chili/cretin/PROJECTS/SWORD2/benchmark/cache/chains/1dfaA.pdb"",""-o"",""/home/chili/cretin/PROJECTS/SWORD2/benchmark/results_factorized_locked_model_attempt6/raw/sword2-rust/1dfaA"",""-j"",""1"",""--use-factorized-ranker""]","[""<binary>"",""-i"",""<input_structure>"",""-o"",""<process_output>"",""-j"",""1"",""--use-factorized-ranker""]",repository_root,18323a4cef2120e684e06c051d2ed784b2022cc69391e0d4dc960e61d49c1f52,raw/sword2-rust/1dfaA/1dfaA_A/summary.json,9612a2d3dfa1f8ea19012e756f1118744637b66f6dd2f16ef8d35e10f916ad1e,e3b0c44298fc1c149afbf4c8996fb92427ae41e4649b934ca495991b7852b855,56a06f6b8a0a1720df15548aa553a011a83df19caa27e6e59aa48897c6ca55b5,696355a5d230f7607fccf47600c3149601c3fe872aaebc65fde3ff9da7d61f28,factorized,factorized,False,,,0,0d9e5fdba57c30b9b0e238876011815027bab365040d0c605f74fba1987f67c5,b45f6d311a33a790cfe03615f347a4626e5c0a6412309c39e4d07882f98a09c0,770c3d348365b7f744f2eaee964b61cc57615c10f8ca9a47a061ac03ee1c343e
cath663,1dk5A,1dk5,A,sword2-rust,factorized,factorized-accuracy,,,False,0,0.4060051990672946,13972,"[""/home/chili/cretin/PROJECTS/SWORD2/target/release/sword2"",""-i"",""/home/chili/cretin/PROJECTS/SWORD2/benchmark/cache/chains/1dk5A.pdb"",""-o"",""/home/chili/cretin/PROJECTS/SWORD2/benchmark/results_factorized_locked_model_attempt6/raw/sword2-rust/1dk5A"",""-j"",""1"",""--use-factorized-ranker""]","[""<binary>"",""-i"",""<input_structure>"",""-o"",""<process_output>"",""-j"",""1"",""--use-factorized-ranker""]",repository_root,f442e8efd7e5944778f79e9ffa3cbbae74fcd9946882026e3821b9bc9625ae7d,raw/sword2-rust/1dk5A/1dk5A_A/summary.json,90d6cd74844662199790049f725f8ebad321eaa0512e07344712b7d12b74a72f,e3b0c44298fc1c149afbf4c8996fb92427ae41e4649b934ca495991b7852b855,825da18b22453ab713a470633280b905e482b54d85a7c160970c04a1f43b03c5,696355a5d230f7607fccf47600c3149601c3fe872aaebc65fde3ff9da7d61f28,factorized,factorized,False,,,0,0d9e5fdba57c30b9b0e238876011815027bab365040d0c605f74fba1987f67c5,b45f6d311a33a790cfe03615f347a4626e5c0a6412309c39e4d07882f98a09c0,770c3d348365b7f744f2eaee964b61cc57615c10f8ca9a47a061ac03ee1c343e
cath663,1dk5B,1dk5,B,sword2-rust,factorized,factorized-accuracy,,,False,0,0.42829614877700806,14392,"[""/home/chili/cretin/PROJECTS/SWORD2/target/release/sword2"",""-i"",""/home/chili/cretin/PROJECTS/SWORD2/benchmark/cache/chains/1dk5B.pdb"",""-o"",""/home/chili/cretin/PROJECTS/SWORD2/benchmark/results_factorized_locked_model_attempt6/raw/sword2-rust/1dk5B"",""-j"",""1"",""--use-factorized-ranker""]","[""<binary>"",""-i"",""<input_structure>"",""-o"",""<process_output>"",""-j"",""1"",""--use-factorized-ranker""]",repository_root,e16d53f3be64f96aae236ab4bdaec817dfe71b248654d9fe646e69f44618a89d,raw/sword2-rust/1dk5B/1dk5B_B/summary.json,be76b3ebc41f16e1bb308cea3c445b8b9c0147dd96bc6766529ed1bb1a2b1e6f,e3b0c44298fc1c149afbf4c8996fb92427ae41e4649b934ca495991b7852b855,dd30fa5e6ad44d00bb4606e07ba5def825e85adc8ebf624376cd7a4d8afabf73,696355a5d230f7607fccf47600c3149601c3fe872aaebc65fde3ff9da7d61f28,factorized,factorized,False,,,0,0d9e5fdba57c30b9b0e238876011815027bab365040d0c605f74fba1987f67c5,b45f6d311a33a790cfe03615f347a4626e5c0a6412309c39e4d07882f98a09c0,770c3d348365b7f744f2eaee964b61cc57615c10f8ca9a47a061ac03ee1c343e
cath663,1dkgA,1dkg,A,sword2-rust,factorized,factorized-accuracy,,,False,0,0.08789291977882385,8640,"[""/home/chili/cretin/PROJECTS/SWORD2/target/release/sword2"",""-i"",""/home/chili/cretin/PROJECTS/SWORD2/benchmark/cache/chains/1dkgA.pdb"",""-o"",""/home/chili/cretin/PROJECTS/SWORD2/benchmark/results_factorized_locked_model_attempt6/raw/sword2-rust/1dkgA"",""-j"",""1"",""--use-factorized-ranker""]","[""<binary>"",""-i"",""<input_structure>"",""-o"",""<process_output>"",""-j"",""1"",""--use-factorized-ranker""]",repository_root,7c1ff15b0057e7480a1017225abd31a5c24dd1cb02ad9f2f58a9e51a09682794,raw/sword2-rust/1dkgA/1dkgA_A/summary.json,f065cc2c2fb308c506f418a642e551eae02bf64e184a51b137e11a9e4856b56e,e3b0c44298fc1c149afbf4c8996fb92427ae41e4649b934ca495991b7852b855,0d350d60eeec5a9185f3f95169a0a4756ad4b1936d9b615462852180af3c8dfe,696355a5d230f7607fccf47600c3149601c3fe872aaebc65fde3ff9da7d61f28,factorized,factorized,False,,,0,0d9e5fdba57c30b9b0e238876011815027bab365040d0c605f74fba1987f67c5,b45f6d311a33a790cfe03615f347a4626e5c0a6412309c39e4d07882f98a09c0,770c3d348365b7f744f2eaee964b61cc57615c10f8ca9a47a061ac03ee1c343e
cath663,1dkgB,1dkg,B,sword2-rust,factorized,factorized-accuracy,,,False,0,0.05636584432795644,8960,"[""/home/chili/cretin/PROJECTS/SWORD2/target/release/sword2"",""-i"",""/home/chili/cretin/PROJECTS/SWORD2/benchmark/cache/chains/1dkgB.pdb"",""-o"",""/home/chili/cretin/PROJECTS/SWORD2/benchmark/results_factorized_locked_model_attempt6/raw/sword2-rust/1dkgB"",""-j"",""1"",""--use-factorized-ranker""]","[""<binary>"",""-i"",""<input_structure>"",""-o"",""<process_output>"",""-j"",""1"",""--use-factorized-ranker""]",repository_root,ec68ee47b1d07544ef3672a8616a56d4fa6db8115da24e51038e602d8ba18e20,raw/sword2-rust/1dkgB/1dkgB_B/summary.json,41dc5f405f2e82daa462d3152b88b0a2dc61f3a9ec487d2fc9d881d5c640d5ea,e3b0c44298fc1c149afbf4c8996fb92427ae41e4649b934ca495991b7852b855,b13f4b28742cf20be2fef9c300b302f81e989b3173f7d1cad553a9dcefe46cf1,696355a5d230f7607fccf47600c3149601c3fe872aaebc65fde3ff9da7d61f28,factorized,factorized,False,,,0,0d9e5fdba57c30b9b0e238876011815027bab365040d0c605f74fba1987f67c5,b45f6d311a33a790cfe03615f347a4626e5c0a6412309c39e4d07882f98a09c0,770c3d348365b7f744f2eaee964b61cc57615c10f8ca9a47a061ac03ee1c343e
cath663,1dm5A,1dm5,A,sword2-rust,factorized,factorized-accuracy,,,False,0,0.4088168083690107,14040,"[""/home/chili/cretin/PROJECTS/SWORD2/target/release/sword2"",""-i"",""/home/chili/cretin/PROJECTS/SWORD2/benchmark/cache/chains/1dm5A.pdb"",""-o"",""/home/chili/cretin/PROJECTS/SWORD2/benchmark/results_factorized_locked_model_attempt6/raw/sword2-rust/1dm5A"",""-j"",""1"",""--use-factorized-ranker""]","[""<binary>"",""-i"",""<input_structure>"",""-o"",""<process_output>"",""-j"",""1"",""--use-factorized-ranker""]",repository_root,cdd25b028cc2a59f3c5270c2b84c85952517f2cede3f62f7e8eb193c9ade712c,raw/sword2-rust/1dm5A/1dm5A_A/summary.json,544b14d5f12dab0bb11d5cc76c8e2d651c0e05671c34de321f99e550a33b9c0c,e3b0c44298fc1c149afbf4c8996fb92427ae41e4649b934ca495991b7852b855,5f6ee12b8f0346c4c50706d497096f97dc8d378b1ddfffbcced71b7062bc0680,696355a5d230f7607fccf47600c3149601c3fe872aaebc65fde3ff9da7d61f28,factorized,factorized,False,,,0,0d9e5fdba57c30b9b0e238876011815027bab365040d0c605f74fba1987f67c5,b45f6d311a33a790cfe03615f347a4626e5c0a6412309c39e4d07882f98a09c0,770c3d348365b7f744f2eaee964b61cc57615c10f8ca9a47a061ac03ee1c343e
cath663,1dofA,1dof,A,sword2-rust,factorized,factorized-accuracy,,,False,0,0.7439443161711097,19428,"[""/home/chili/cretin/PROJECTS/SWORD2/target/release/sword2"",""-i"",""/home/chili/cretin/PROJECTS/SWORD2/benchmark/cache/chains/1dofA.pdb"",""-o"",""/home/chili/cretin/PROJECTS/SWORD2/benchmark/results_factorized_locked_model_attempt6/raw/sword2-rust/1dofA"",""-j"",""1"",""--use-factorized-ranker""]","[""<binary>"",""-i"",""<input_structure>"",""-o"",""<process_output>"",""-j"",""1"",""--use-factorized-ranker""]",repository_root,efafb535edf6189948217e5e19e96f463c2a9ac48877595337820269d9bdaaf7,raw/sword2-rust/1dofA/1dofA_A/summary.json,c8a6c35870926d92b8b6528e4d357ac6ca84dcf6be613159d25bd24224c31d87,e3b0c44298fc1c149afbf4c8996fb92427ae41e4649b934ca495991b7852b855,05ab339ea27cc2023f1d5549cb15bd56477e6b93c4c7d57916f725171146d1fb,696355a5d230f7607fccf47600c3149601c3fe872aaebc65fde3ff9da7d61f28,factorized,factorized,False,,,0,0d9e5fdba57c30b9b0e238876011815027bab365040d0c605f74fba1987f67c5,b45f6d311a33a790cfe03615f347a4626e5c0a6412309c39e4d07882f98a09c0,770c3d348365b7f744f2eaee964b61cc57615c10f8ca9a47a061ac03ee1c343e
cath663,1dq3A,1dq3,A,sword2-rust,factorized,factorized-accuracy,,,False,0,1.145486228633672,33324,"[""/home/chili/cretin/PROJECTS/SWORD2/target/release/sword2"",""-i"",""/home/chili/cretin/PROJECTS/SWORD2/benchmark/cache/chains/1dq3A.pdb"",""-o"",""/home/chili/cretin/PROJECTS/SWORD2/benchmark/results_factorized_locked_model_attempt6/raw/sword2-rust/1dq3A"",""-j"",""1"",""--use-factorized-ranker""]","[""<binary>"",""-i"",""<input_structure>"",""-o"",""<process_output>"",""-j"",""1"",""--use-factorized-ranker""]",repository_root,55402a47c0b1e6b40c22653af7fa572ac24372b36e9a76057e0ead01489a88d3,raw/sword2-rust/1dq3A/1dq3A_A/summary.json,f420917d6bd31296166a09091543cc75d3f6a13d5ae0c62e6fc1e3d82400f58d,e3b0c44298fc1c149afbf4c8996fb92427ae41e4649b934ca495991b7852b855,d8428a484c1f00701c85ab9226ea0af9d34c24e04e8c460bfdf210046645b386,696355a5d230f7607fccf47600c3149601c3fe872aaebc65fde3ff9da7d61f28,factorized,factorized,False,,,0,0d9e5fdba57c30b9b0e238876011815027bab365040d0c605f74fba1987f67c5,b45f6d311a33a790cfe03615f347a4626e5c0a6412309c39e4d07882f98a09c0,770c3d348365b7f744f2eaee964b61cc57615c10f8ca9a47a061ac03ee1c343e
cath663,1duwA,1duw,A,sword2-rust,factorized,factorized-accuracy,,,False,0,0.4318464156240225,13072,"[""/home/chili/cretin/PROJECTS/SWORD2/target/release/sword2"",""-i"",""/home/chili/cretin/PROJECTS/SWORD2/benchmark/cache/chains/1duwA.pdb"",""-o"",""/home/chili/cretin/PROJECTS/SWORD2/benchmark/results_factorized_locked_model_attempt6/raw/sword2-rust/1duwA"",""-j"",""1"",""--use-factorized-ranker""]","[""<binary>"",""-i"",""<input_structure>"",""-o"",""<process_output>"",""-j"",""1"",""--use-factorized-ranker""]",repository_root,8f618da64857b5ae1610c21de92b4ccfb9629f6438f28538b993acc8efa2044e,raw/sword2-rust/1duwA/1duwA_A/summary.json,4c7e195b0fbbaccd4937b75958ab84364b079c5d6e1dd417aee06ffb197edf09,e3b0c44298fc1c149afbf4c8996fb92427ae41e4649b934ca495991b7852b855,53f4f9deabd4585ddf58f3251feb68b45fa1e42f32d9b11e2fb0c558f7ba6534,696355a5d230f7607fccf47600c3149601c3fe872aaebc65fde3ff9da7d61f28,factorized,factorized,False,,,0,0d9e5fdba57c30b9b0e238876011815027bab365040d0c605f74fba1987f67c5,b45f6d311a33a790cfe03615f347a4626e5c0a6412309c39e4d07882f98a09c0,770c3d348365b7f744f2eaee964b61cc57615c10f8ca9a47a061ac03ee1c343e
cath663,1e2tA,1e2t,A,sword2-rust,factorized,factorized-accuracy,,,False,0,0.4283312358893454,12236,"[""/home/chili/cretin/PROJECTS/SWORD2/target/release/sword2"",""-i"",""/home/chili/cretin/PROJECTS/SWORD2/benchmark/cache/chains/1e2tA.pdb"",""-o"",""/home/chili/cretin/PROJECTS/SWORD2/benchmark/results_factorized_locked_model_attempt6/raw/sword2-rust/1e2tA"",""-j"",""1"",""--use-factorized-ranker""]","[""<binary>"",""-i"",""<input_structure>"",""-o"",""<process_output>"",""-j"",""1"",""--use-factorized-ranker""]",repository_root,4c39820945063f7056e1135e985eeb22b1962cdf8c9eea84ec6974c09b2df2ee,raw/sword2-rust/1e2tA/1e2tA_A/summary.json,8e6807d3582c8db7e1a6b51d76ee9cfa084fbe34d44da6dc2a71d32b98192cd7,e3b0c44298fc1c149afbf4c8996fb92427ae41e4649b934ca495991b7852b855,011d9962f97a7f72e21742e0ce5f60db4d2a4a65b6f0f5f57a4604b281cc6341,696355a5d230f7607fccf47600c3149601c3fe872aaebc65fde3ff9da7d61f28,factorized,factorized,False,,,0,0d9e5fdba57c30b9b0e238876011815027bab365040d0c605f74fba1987f67c5,b45f6d311a33a790cfe03615f347a4626e5c0a6412309c39e4d07882f98a09c0,770c3d348365b7f744f2eaee964b61cc57615c10f8ca9a47a061ac03ee1c343e
cath663,1ef0B,1ef0,B,sword2-rust,factorized,factorized-accuracy,,,False,0,0.7435526330955327,25748,"[""/home/chili/cretin/PROJECTS/SWORD2/target/release/sword2"",""-i"",""/home/chili/cretin/PROJECTS/SWORD2/benchmark/cache/chains/1ef0B.pdb"",""-o"",""/home/chili/cretin/PROJECTS/SWORD2/benchmark/results_factorized_locked_model_attempt6/raw/sword2-rust/1ef0B"",""-j"",""1"",""--use-factorized-ranker""]","[""<binary>"",""-i"",""<input_structure>"",""-o"",""<process_output>"",""-j"",""1"",""--use-factorized-ranker""]",repository_root,01379b96d0e4bb797217830d257a133865c0eddd77353055eff9952892a7ba2c,raw/sword2-rust/1ef0B/1ef0B_B/summary.json,d18f3d92fcd2af3271631325a3e25f2119da7b52c700fe0b774edb662f02a85d,e3b0c44298fc1c149afbf4c8996fb92427ae41e4649b934ca495991b7852b855,4b7e19c0b280b3068fab5ea336517254067d1aa2fd954d04c595240284a54625,696355a5d230f7607fccf47600c3149601c3fe872aaebc65fde3ff9da7d61f28,factorized,factorized,False,,,0,0d9e5fdba57c30b9b0e238876011815027bab365040d0c605f74fba1987f67c5,b45f6d311a33a790cfe03615f347a4626e5c0a6412309c39e4d07882f98a09c0,770c3d348365b7f744f2eaee964b61cc57615c10f8ca9a47a061ac03ee1c343e
cath663,1efdN,1efd,N,sword2-rust,factorized,factorized-accuracy,,,False,0,0.24408622505143285,12708,"[""/home/chili/cretin/PROJECTS/SWORD2/target/release/sword2"",""-i"",""/home/chili/cretin/PROJECTS/SWORD2/benchmark/cache/chains/1efdN.pdb"",""-o"",""/home/chili/cretin/PROJECTS/SWORD2/benchmark/results_factorized_locked_model_attempt6/raw/sword2-rust/1efdN"",""-j"",""1"",""--use-factorized-ranker""]","[""<binary>"",""-i"",""<input_structure>"",""-o"",""<process_output>"",""-j"",""1"",""--use-factorized-ranker""]",repository_root,9d2dc6e73ba660454c7cd7289dfed6a979f82d7431ed9149a03e7fa44edf73da,raw/sword2-rust/1efdN/1efdN_N/summary.json,83e9c7fad3f31d3c62b4f77d15653cc55d73419e4fb0058a60e5932249f36448,e3b0c44298fc1c149afbf4c8996fb92427ae41e4649b934ca495991b7852b855,a891e93b7b3cf464dc6b459717d34a918865c0b75cb93184e1b0a6cdba91fcfa,696355a5d230f7607fccf47600c3149601c3fe872aaebc65fde3ff9da7d61f28,factorized,factorized,False,,,0,0d9e5fdba57c30b9b0e238876011815027bab365040d0c605f74fba1987f67c5,b45f6d311a33a790cfe03615f347a4626e5c0a6412309c39e4d07882f98a09c0,770c3d348365b7f744f2eaee964b61cc57615c10f8ca9a47a061ac03ee1c343e
cath663,1epuA,1epu,A,sword2-rust,factorized,factorized-accuracy,,,False,0,1.2157015912234783,36780,"[""/home/chili/cretin/PROJECTS/SWORD2/target/release/sword2"",""-i"",""/home/chili/cretin/PROJECTS/SWORD2/benchmark/cache/chains/1epuA.pdb"",""-o"",""/home/chili/cretin/PROJECTS/SWORD2/benchmark/results_factorized_locked_model_attempt6/raw/sword2-rust/1epuA"",""-j"",""1"",""--use-factorized-ranker""]","[""<binary>"",""-i"",""<input_structure>"",""-o"",""<process_output>"",""-j"",""1"",""--use-factorized-ranker""]",repository_root,2aad33f548fcb2b0e9b9a03a61b6096938a7b0457d7294f625a671d855b766ab,raw/sword2-rust/1epuA/1epuA_A/summary.json,ae44cdddbdc606194d7dbf685fcc1d7e9749e57938ad1c7813cd46adad392b46,e3b0c44298fc1c149afbf4c8996fb92427ae41e4649b934ca495991b7852b855,bec402fabf3ca4801a9c4b85fed6b538cc83387151d6ff4ab3ee73a5cefcc948,696355a5d230f7607fccf47600c3149601c3fe872aaebc65fde3ff9da7d61f28,factorized,factorized,False,,,0,0d9e5fdba57c30b9b0e238876011815027bab365040d0c605f74fba1987f67c5,b45f6d311a33a790cfe03615f347a4626e5c0a6412309c39e4d07882f98a09c0,770c3d348365b7f744f2eaee964b61cc57615c10f8ca9a47a061ac03ee1c343e
cath663,1f52A,1f52,A,sword2-rust,factorized,factorized-accuracy,,,False,0,1.2160143577493727,38512,"[""/home/chili/cretin/PROJECTS/SWORD2/target/release/sword2"",""-i"",""/home/chili/cretin/PROJECTS/SWORD2/benchmark/cache/chains/1f52A.pdb"",""-o"",""/home/chili/cretin/PROJECTS/SWORD2/benchmark/results_factorized_locked_model_attempt6/raw/sword2-rust/1f52A"",""-j"",""1"",""--use-factorized-ranker""]","[""<binary>"",""-i"",""<input_structure>"",""-o"",""<process_output>"",""-j"",""1"",""--use-factorized-ranker""]",repository_root,7c3c9ea92f327608212e3478f8027dbd893908dde6f56e03dfd09743f2a7500b,raw/sword2-rust/1f52A/1f52A_A/summary.json,d53cc3cdc243ec84c97094e274b93879c48fc395502c2262c98bbdf13ef239de,e3b0c44298fc1c149afbf4c8996fb92427ae41e4649b934ca495991b7852b855,627b84c8eeff44ce57384ba1ebb0eaf2743e80aea2cb7e25bd724ba42a53b6c0,696355a5d230f7607fccf47600c3149601c3fe872aaebc65fde3ff9da7d61f28,factorized,factorized,False,,,0,0d9e5fdba57c30b9b0e238876011815027bab365040d0c605f74fba1987f67c5,b45f6d311a33a790cfe03615f347a4626e5c0a6412309c39e4d07882f98a09c0,770c3d348365b7f744f2eaee964b61cc57615c10f8ca9a47a061ac03ee1c343e
cath663,1ftrA,1ftr,A,sword2-rust,factorized,factorized-accuracy,,,False,0,0.4116384848020971,13260,"[""/home/chili/cretin/PROJECTS/SWORD2/target/release/sword2"",""-i"",""/home/chili/cretin/PROJECTS/SWORD2/benchmark/cache/chains/1ftrA.pdb"",""-o"",""/home/chili/cretin/PROJECTS/SWORD2/benchmark/results_factorized_locked_model_attempt6/raw/sword2-rust/1ftrA"",""-j"",""1"",""--use-factorized-ranker""]","[""<binary>"",""-i"",""<input_structure>"",""-o"",""<process_output>"",""-j"",""1"",""--use-factorized-ranker""]",repository_root,1aa06a9759bc961f4af76ba76f1bd58088518ecfef56b5695805ca464764915a,raw/sword2-rust/1ftrA/1ftrA_A/summary.json,3be475b483088e7241fdfe3da049cbf098e9c1574e952696935aa68fc3688600,e3b0c44298fc1c149afbf4c8996fb92427ae41e4649b934ca495991b7852b855,0fe531f12764bf0837c2a2bf97ee10f7cdd1af4034dae6c9927bec61d911796b,696355a5d230f7607fccf47600c3149601c3fe872aaebc65fde3ff9da7d61f28,factorized,factorized,False,,,0,0d9e5fdba57c30b9b0e238876011815027bab365040d0c605f74fba1987f67c5,b45f6d311a33a790cfe03615f347a4626e5c0a6412309c39e4d07882f98a09c0,770c3d348365b7f744f2eaee964b61cc57615c10f8ca9a47a061ac03ee1c343e
cath663,1furA,1fur,A,sword2-rust,factorized,factorized-accuracy,,,False,0,0.8069500480778515,27436,"[""/home/chili/cretin/PROJECTS/SWORD2/target/release/sword2"",""-i"",""/home/chili/cretin/PROJECTS/SWORD2/benchmark/cache/chains/1furA.pdb"",""-o"",""/home/chili/cretin/PROJECTS/SWORD2/benchmark/results_factorized_locked_model_attempt6/raw/sword2-rust/1furA"",""-j"",""1"",""--use-factorized-ranker""]","[""<binary>"",""-i"",""<input_structure>"",""-o"",""<process_output>"",""-j"",""1"",""--use-factorized-ranker""]",repository_root,93839dc9f9cd550b1443585f6e20dc0a397c13ea7222909b1234533f867f661f,raw/sword2-rust/1furA/1furA_A/summary.json,1ae550728652ff7587868290ed636ce7687942e2e48a0837490063408ab1c959,e3b0c44298fc1c149afbf4c8996fb92427ae41e4649b934ca495991b7852b855,5452fa99dad99faa3a5f60d9258c14e33b5d4160c31f2876615e1ad00a87ad44,696355a5d230f7607fccf47600c3149601c3fe872aaebc65fde3ff9da7d61f28,factorized,factorized,False,,,0,0d9e5fdba57c30b9b0e238876011815027bab365040d0c605f74fba1987f67c5,b45f6d311a33a790cfe03615f347a4626e5c0a6412309c39e4d07882f98a09c0,770c3d348365b7f744f2eaee964b61cc57615c10f8ca9a47a061ac03ee1c343e
cath663,1furB,1fur,B,sword2-rust,factorized,factorized-accuracy,,,False,0,0.6899515287950635,25792,"[""/home/chili/cretin/PROJECTS/SWORD2/target/release/sword2"",""-i"",""/home/chili/cretin/PROJECTS/SWORD2/benchmark/cache/chains/1furB.pdb"",""-o"",""/home/chili/cretin/PROJECTS/SWORD2/benchmark/results_factorized_locked_model_attempt6/raw/sword2-rust/1furB"",""-j"",""1"",""--use-factorized-ranker""]","[""<binary>"",""-i"",""<input_structure>"",""-o"",""<process_output>"",""-j"",""1"",""--use-factorized-ranker""]",repository_root,3f2396d0d5cecedac8259993be724933da74d9d2fbbb6e36ec2aebb19b577f0b,raw/sword2-rust/1furB/1furB_B/summary.json,6b818fa0f16731515b4f28a380b915d3fd8003cdf89d3017eaade520589a4a21,e3b0c44298fc1c149afbf4c8996fb92427ae41e4649b934ca495991b7852b855,e3c8de35ef630aa7af0557b07666cb4df501b374590fface24f88ca31e29b0d6,696355a5d230f7607fccf47600c3149601c3fe872aaebc65fde3ff9da7d61f28,factorized,factorized,False,,,0,0d9e5fdba57c30b9b0e238876011815027bab365040d0c605f74fba1987f67c5,b45f6d311a33a790cfe03615f347a4626e5c0a6412309c39e4d07882f98a09c0,770c3d348365b7f744f2eaee964b61cc57615c10f8ca9a47a061ac03ee1c343e
cath663,1fvhA,1fvh,A,sword2-rust,factorized,factorized-accuracy,,,False,0,1.1544757429510355,37148,"[""/home/chili/cretin/PROJECTS/SWORD2/target/release/sword2"",""-i"",""/home/chili/cretin/PROJECTS/SWORD2/benchmark/cache/chains/1fvhA.pdb"",""-o"",""/home/chili/cretin/PROJECTS/SWORD2/benchmark/results_factorized_locked_model_attempt6/raw/sword2-rust/1fvhA"",""-j"",""1"",""--use-factorized-ranker""]","[""<binary>"",""-i"",""<input_structure>"",""-o"",""<process_output>"",""-j"",""1"",""--use-factorized-ranker""]",repository_root,3bfe7ed0d8b6202dfdf5ce45415223f4653ce717b6c4e43b7e67eb65956bef1e,raw/sword2-rust/1fvhA/1fvhA_A/summary.json,af80512b07872114f5bcf480f6aa986abbb74ae1c3773894e64534c97ac69d24,e3b0c44298fc1c149afbf4c8996fb92427ae41e4649b934ca495991b7852b855,acaa588f97a7bb6a82adaa5acba66d084979d52825d7c0dd74e696b8a699e9e9,696355a5d230f7607fccf47600c3149601c3fe872aaebc65fde3ff9da7d61f28,factorized,factorized,False,,,0,0d9e5fdba57c30b9b0e238876011815027bab365040d0c605f74fba1987f67c5,b45f6d311a33a790cfe03615f347a4626e5c0a6412309c39e4d07882f98a09c0,770c3d348365b7f744f2eaee964b61cc57615c10f8ca9a47a061ac03ee1c343e
cath663,1fzcC,1fzc,C,sword2-rust,factorized,factorized-accuracy,,,False,0,0.34975101286545396,13000,"[""/home/chili/cretin/PROJECTS/SWORD2/target/release/sword2"",""-i"",""/home/chili/cretin/PROJECTS/SWORD2/benchmark/cache/chains/1fzcC.pdb"",""-o"",""/home/chili/cretin/PROJECTS/SWORD2/benchmark/results_factorized_locked_model_attempt6/raw/sword2-rust/1fzcC"",""-j"",""1"",""--use-factorized-ranker""]","[""<binary>"",""-i"",""<input_structure>"",""-o"",""<process_output>"",""-j"",""1"",""--use-factorized-ranker""]",repository_root,84972d6d14788e2fb5c9a2e81e266f0a203480971b4fca4d82e6a5fc7de89e75,raw/sword2-rust/1fzcC/1fzcC_C/summary.json,6c62a705de06e9742bb3cb8a495ce91da7e134100f59eec8dc2b0829483906d3,e3b0c44298fc1c149afbf4c8996fb92427ae41e4649b934ca495991b7852b855,9d5333e2d6164ee81402ff1c97e4c184b81ac61e0b0ee95ae2e98202d682408c,696355a5d230f7607fccf47600c3149601c3fe872aaebc65fde3ff9da7d61f28,factorized,factorized,False,,,0,0d9e5fdba57c30b9b0e238876011815027bab365040d0c605f74fba1987f67c5,b45f6d311a33a790cfe03615f347a4626e5c0a6412309c39e4d07882f98a09c0,770c3d348365b7f744f2eaee964b61cc57615c10f8ca9a47a061ac03ee1c343e
cath663,1fzdA,1fzd,A,sword2-rust,factorized,factorized-accuracy,,,False,0,0.12005610065534711,10880,"[""/home/chili/cretin/PROJECTS/SWORD2/target/release/sword2"",""-i"",""/home/chili/cretin/PROJECTS/SWORD2/benchmark/cache/chains/1fzdA.pdb"",""-o"",""/home/chili/cretin/PROJECTS/SWORD2/benchmark/results_factorized_locked_model_attempt6/raw/sword2-rust/1fzdA"",""-j"",""1"",""--use-factorized-ranker""]","[""<binary>"",""-i"",""<input_structure>"",""-o"",""<process_output>"",""-j"",""1"",""--use-factorized-ranker""]",repository_root,81c0ef9a2b47615ea994fe9b56ceb9e1b682025a731a2eb66939aead732f4933,raw/sword2-rust/1fzdA/1fzdA_A/summary.json,ee6acaf4aa695fcd4bd211fe30b086213d4d6f8025fc7f309a1bbc92c07d58d7,e3b0c44298fc1c149afbf4c8996fb92427ae41e4649b934ca495991b7852b855,4f8b9de0f853a67e036f6b5694fdb5f7a10cd6bfde8564c8967452c2d68c2280,696355a5d230f7607fccf47600c3149601c3fe872aaebc65fde3ff9da7d61f28,factorized,factorized,False,,,0,0d9e5fdba57c30b9b0e238876011815027bab365040d0c605f74fba1987f67c5,b45f6d311a33a790cfe03615f347a4626e5c0a6412309c39e4d07882f98a09c0,770c3d348365b7f744f2eaee964b61cc57615c10f8ca9a47a061ac03ee1c343e
cath663,1g4mA,1g4m,A,sword2-rust,factorized,factorized-accuracy,,,False,0,0.6049022609367967,19996,"[""/home/chili/cretin/PROJECTS/SWORD2/target/release/sword2"",""-i"",""/home/chili/cretin/PROJECTS/SWORD2/benchmark/cache/chains/1g4mA.pdb"",""-o"",""/home/chili/cretin/PROJECTS/SWORD2/benchmark/results_factorized_locked_model_attempt6/raw/sword2-rust/1g4mA"",""-j"",""1"",""--use-factorized-ranker""]","[""<binary>"",""-i"",""<input_structure>"",""-o"",""<process_output>"",""-j"",""1"",""--use-factorized-ranker""]",repository_root,6efe67b0a55cf687d13fa476633ef7c64e799869cb9a536f5ff92ac08f6a568d,raw/sword2-rust/1g4mA/1g4mA_A/summary.json,c152fbe1b84a4725c25b2a3c4427ac1d44073cbf7679c3f9c991e60fcd5d9b5f,e3b0c44298fc1c149afbf4c8996fb92427ae41e4649b934ca495991b7852b855,28558598081380b143920d595d7cbe06cc73c2b8208cc8c0b9047bfde06e1a14,696355a5d230f7607fccf47600c3149601c3fe872aaebc65fde3ff9da7d61f28,factorized,factorized,False,,,0,0d9e5fdba57c30b9b0e238876011815027bab365040d0c605f74fba1987f67c5,b45f6d311a33a790cfe03615f347a4626e5c0a6412309c39e4d07882f98a09c0,770c3d348365b7f744f2eaee964b61cc57615c10f8ca9a47a061ac03ee1c343e
cath663,1gkmA,1gkm,A,sword2-rust,factorized,factorized-accuracy,,,False,0,1.557576852850616,49920,"[""/home/chili/cretin/PROJECTS/SWORD2/target/release/sword2"",""-i"",""/home/chili/cretin/PROJECTS/SWORD2/benchmark/cache/chains/1gkmA.pdb"",""-o"",""/home/chili/cretin/PROJECTS/SWORD2/benchmark/results_factorized_locked_model_attempt6/raw/sword2-rust/1gkmA"",""-j"",""1"",""--use-factorized-ranker""]","[""<binary>"",""-i"",""<input_structure>"",""-o"",""<process_output>"",""-j"",""1"",""--use-factorized-ranker""]",repository_root,b74cb3c2037b7fbc73f86cec1b3deae9cdee8786d3ce9299bc9baa5a47086b87,raw/sword2-rust/1gkmA/1gkmA_A/summary.json,bdb6432c19c98a5f7af8f03510a1b1174f7973b218b5b7b2201eb234aee5c7f2,e3b0c44298fc1c149afbf4c8996fb92427ae41e4649b934ca495991b7852b855,3354abfe16806d2a053cc461671d9a39bcd65e8652d885201ff2843a94133eda,696355a5d230f7607fccf47600c3149601c3fe872aaebc65fde3ff9da7d61f28,factorized,factorized,False,,,0,0d9e5fdba57c30b9b0e238876011815027bab365040d0c605f74fba1987f67c5,b45f6d311a33a790cfe03615f347a4626e5c0a6412309c39e4d07882f98a09c0,770c3d348365b7f744f2eaee964b61cc57615c10f8ca9a47a061ac03ee1c343e
cath663,1gttA,1gtt,A,sword2-rust,factorized,factorized-accuracy,,,False,0,0.9395649661310017,28316,"[""/home/chili/cretin/PROJECTS/SWORD2/target/release/sword2"",""-i"",""/home/chili/cretin/PROJECTS/SWORD2/benchmark/cache/chains/1gttA.pdb"",""-o"",""/home/chili/cretin/PROJECTS/SWORD2/benchmark/results_factorized_locked_model_attempt6/raw/sword2-rust/1gttA"",""-j"",""1"",""--use-factorized-ranker""]","[""<binary>"",""-i"",""<input_structure>"",""-o"",""<process_output>"",""-j"",""1"",""--use-factorized-ranker""]",repository_root,d885ea1e037737695e8725e6236644254ec66ef2e79257208ab1f6d01cc73f4f,raw/sword2-rust/1gttA/1gttA_A/summary.json,4b9fa05f9987e8bd38a7b6acd7e74315bdb25dc09188dee078feb698d5ca7a0b,e3b0c44298fc1c149afbf4c8996fb92427ae41e4649b934ca495991b7852b855,9bac729705bf8b6060d56224c818635bf35e9ffe11491cb5bb99dedd4a645ee0,696355a5d230f7607fccf47600c3149601c3fe872aaebc65fde3ff9da7d61f28,factorized,factorized,False,,,0,0d9e5fdba57c30b9b0e238876011815027bab365040d0c605f74fba1987f67c5,b45f6d311a33a790cfe03615f347a4626e5c0a6412309c39e4d07882f98a09c0,770c3d348365b7f744f2eaee964b61cc57615c10f8ca9a47a061ac03ee1c343e
cath663,1h1lD,1h1l,D,sword2-rust,factorized,factorized-accuracy,,,False,0,1.5167937921360135,40572,"[""/home/chili/cretin/PROJECTS/SWORD2/target/release/sword2"",""-i"",""/home/chili/cretin/PROJECTS/SWORD2/benchmark/cache/chains/1h1lD.pdb"",""-o"",""/home/chili/cretin/PROJECTS/SWORD2/benchmark/results_factorized_locked_model_attempt6/raw/sword2-rust/1h1lD"",""-j"",""1"",""--use-factorized-ranker""]","[""<binary>"",""-i"",""<input_structure>"",""-o"",""<process_output>"",""-j"",""1"",""--use-factorized-ranker""]",repository_root,63de7281a9d029f40a7d2affb95f8728b6c55ef2699b603be01a847df7abd423,raw/sword2-rust/1h1lD/1h1lD_D/summary.json,b36a9a480a37ce6fabf1e5602571af7ddf78407ea68d19672fe6b26ba40e1f57,e3b0c44298fc1c149afbf4c8996fb92427ae41e4649b934ca495991b7852b855,caba869bd1a1df2ce807907367c775a0385fddedf9170bc1f984cd0f08fea0a7,696355a5d230f7607fccf47600c3149601c3fe872aaebc65fde3ff9da7d61f28,factorized,factorized,False,,,0,0d9e5fdba57c30b9b0e238876011815027bab365040d0c605f74fba1987f67c5,b45f6d311a33a790cfe03615f347a4626e5c0a6412309c39e4d07882f98a09c0,770c3d348365b7f744f2eaee964b61cc57615c10f8ca9a47a061ac03ee1c343e
cath663,1h29B,1h29,B,sword2-rust,factorized,factorized-accuracy,,,False,0,0.6371796056628227,22928,"[""/home/chili/cretin/PROJECTS/SWORD2/target/release/sword2"",""-i"",""/home/chili/cretin/PROJECTS/SWORD2/benchmark/cache/chains/1h29B.pdb"",""-o"",""/home/chili/cretin/PROJECTS/SWORD2/benchmark/results_factorized_locked_model_attempt6/raw/sword2-rust/1h29B"",""-j"",""1"",""--use-factorized-ranker""]","[""<binary>"",""-i"",""<input_structure>"",""-o"",""<process_output>"",""-j"",""1"",""--use-factorized-ranker""]",repository_root,b88045626bbd530486eb57ed4a256e07b073f8f7af752c1f4e1ef2c00cd7af82,raw/sword2-rust/1h29B/1h29B_B/summary.json,ca28e62e63f7fad116d8ccf380e5407430aba6637fbbed3a31579a5580c9a13c,e3b0c44298fc1c149afbf4c8996fb92427ae41e4649b934ca495991b7852b855,ea71e1b5ef56faee277d20b8820b48bbf27d772e41924a98cd6e00a2d6772672,696355a5d230f7607fccf47600c3149601c3fe872aaebc65fde3ff9da7d61f28,factorized,factorized,False,,,0,0d9e5fdba57c30b9b0e238876011815027bab365040d0c605f74fba1987f67c5,b45f6d311a33a790cfe03615f347a4626e5c0a6412309c39e4d07882f98a09c0,770c3d348365b7f744f2eaee964b61cc57615c10f8ca9a47a061ac03ee1c343e
cath663,1h29D,1h29,D,sword2-rust,factorized,factorized-accuracy,,,False,0,0.7406964120455086,27820,"[""/home/chili/cretin/PROJECTS/SWORD2/target/release/sword2"",""-i"",""/home/chili/cretin/PROJECTS/SWORD2/benchmark/cache/chains/1h29D.pdb"",""-o"",""/home/chili/cretin/PROJECTS/SWORD2/benchmark/results_factorized_locked_model_attempt6/raw/sword2-rust/1h29D"",""-j"",""1"",""--use-factorized-ranker""]","[""<binary>"",""-i"",""<input_structure>"",""-o"",""<process_output>"",""-j"",""1"",""--use-factorized-ranker""]",repository_root,68d87ca3994ba80098d820f99b796b11831c3dff9fb9e3288e4c05e0562b8544,raw/sword2-rust/1h29D/1h29D_D/summary.json,718c17141b26e23db2cb9a7a5216386ece5bc5c4dc231a6ae6cc3b74ad7daa87,e3b0c44298fc1c149afbf4c8996fb92427ae41e4649b934ca495991b7852b855,4e492acddef504857117544355f094d3cb36462ca85aa0bde2fbb63a30098810,696355a5d230f7607fccf47600c3149601c3fe872aaebc65fde3ff9da7d61f28,factorized,factorized,False,,,0,0d9e5fdba57c30b9b0e238876011815027bab365040d0c605f74fba1987f67c5,b45f6d311a33a790cfe03615f347a4626e5c0a6412309c39e4d07882f98a09c0,770c3d348365b7f744f2eaee964b61cc57615c10f8ca9a47a061ac03ee1c343e
cath663,1hf2A,1hf2,A,sword2-rust,factorized,factorized-accuracy,,,False,0,0.24784997617825866,10880,"[""/home/chili/cretin/PROJECTS/SWORD2/target/release/sword2"",""-i"",""/home/chili/cretin/PROJECTS/SWORD2/benchmark/cache/chains/1hf2A.pdb"",""-o"",""/home/chili/cretin/PROJECTS/SWORD2/benchmark/results_factorized_locked_model_attempt6/raw/sword2-rust/1hf2A"",""-j"",""1"",""--use-factorized-ranker""]","[""<binary>"",""-i"",""<input_structure>"",""-o"",""<process_output>"",""-j"",""1"",""--use-factorized-ranker""]",repository_root,b9f001855ba7c7c15a4b95f64893476886fdcccf467450c8035e8ad938486f4a,raw/sword2-rust/1hf2A/1hf2A_A/summary.json,1397b627b9c408492bf99c50292aaa3b388adc9ac91b219fb873cac253900fa7,e3b0c44298fc1c149afbf4c8996fb92427ae41e4649b934ca495991b7852b855,69b509a319e72ac66192f11cd21d79992a17fd3a5f7731e99b4987920fcb4678,696355a5d230f7607fccf47600c3149601c3fe872aaebc65fde3ff9da7d61f28,factorized,factorized,False,,,0,0d9e5fdba57c30b9b0e238876011815027bab365040d0c605f74fba1987f67c5,b45f6d311a33a790cfe03615f347a4626e5c0a6412309c39e4d07882f98a09c0,770c3d348365b7f744f2eaee964b61cc57615c10f8ca9a47a061ac03ee1c343e
cath663,1hf2C,1hf2,C,sword2-rust,factorized,factorized-accuracy,,,False,0,0.20285569038242102,10560,"[""/home/chili/cretin/PROJECTS/SWORD2/target/release/sword2"",""-i"",""/home/chili/cretin/PROJECTS/SWORD2/benchmark/cache/chains/1hf2C.pdb"",""-o"",""/home/chili/cretin/PROJECTS/SWORD2/benchmark/results_factorized_locked_model_attempt6/raw/sword2-rust/1hf2C"",""-j"",""1"",""--use-factorized-ranker""]","[""<binary>"",""-i"",""<input_structure>"",""-o"",""<process_output>"",""-j"",""1"",""--use-factorized-ranker""]",repository_root,f94c600722568518734daa5406aef75b286534f2837d84efde4f3c5d01997635,raw/sword2-rust/1hf2C/1hf2C_C/summary.json,558751d53eedc70be5864aed3e55be324a912eb7cdaf5781c0f107d06f008526,e3b0c44298fc1c149afbf4c8996fb92427ae41e4649b934ca495991b7852b855,96e492c1d62c7d7a2f0df6eb4c5ba05d6b50d3b237a9670657e0e47e811e105d,696355a5d230f7607fccf47600c3149601c3fe872aaebc65fde3ff9da7d61f28,factorized,factorized,False,,,0,0d9e5fdba57c30b9b0e238876011815027bab365040d0c605f74fba1987f67c5,b45f6d311a33a790cfe03615f347a4626e5c0a6412309c39e4d07882f98a09c0,770c3d348365b7f744f2eaee964b61cc57615c10f8ca9a47a061ac03ee1c343e
cath663,1hi8A,1hi8,A,sword2-rust,factorized,factorized-accuracy,,,False,0,2.1839455757290125,62636,"[""/home/chili/cretin/PROJECTS/SWORD2/target/release/sword2"",""-i"",""/home/chili/cretin/PROJECTS/SWORD2/benchmark/cache/chains/1hi8A.pdb"",""-o"",""/home/chili/cretin/PROJECTS/SWORD2/benchmark/results_factorized_locked_model_attempt6/raw/sword2-rust/1hi8A"",""-j"",""1"",""--use-factorized-ranker""]","[""<binary>"",""-i"",""<input_structure>"",""-o"",""<process_output>"",""-j"",""1"",""--use-factorized-ranker""]",repository_root,2ac36256bdcc5a1e5153e3be17895fde526aa4b9f8de4c3f6eacbc601e3e0ada,raw/sword2-rust/1hi8A/1hi8A_A/summary.json,516328b8e4c48e0db61a8e09aa018332850d5afc9b6be86d41c7834d75cab215,e3b0c44298fc1c149afbf4c8996fb92427ae41e4649b934ca495991b7852b855,be9d3d83686e4cea5074c6568ebffb36ea394b9eb69ddd4ed03d77a34f7d6e5d,696355a5d230f7607fccf47600c3149601c3fe872aaebc65fde3ff9da7d61f28,factorized,factorized,False,,,0,0d9e5fdba57c30b9b0e238876011815027bab365040d0c605f74fba1987f67c5,b45f6d311a33a790cfe03615f347a4626e5c0a6412309c39e4d07882f98a09c0,770c3d348365b7f744f2eaee964b61cc57615c10f8ca9a47a061ac03ee1c343e
cath663,1hm6A,1hm6,A,sword2-rust,factorized,factorized-accuracy,,,False,0,0.6590696573257446,20416,"[""/home/chili/cretin/PROJECTS/SWORD2/target/release/sword2"",""-i"",""/home/chili/cretin/PROJECTS/SWORD2/benchmark/cache/chains/1hm6A.pdb"",""-o"",""/home/chili/cretin/PROJECTS/SWORD2/benchmark/results_factorized_locked_model_attempt6/raw/sword2-rust/1hm6A"",""-j"",""1"",""--use-factorized-ranker""]","[""<binary>"",""-i"",""<input_structure>"",""-o"",""<process_output>"",""-j"",""1"",""--use-factorized-ranker""]",repository_root,268db9cc795ce5c7cfaba9c67bf12caf5f7a31fca4699fc804ed139a9849bba1,raw/sword2-rust/1hm6A/1hm6A_A/summary.json,14eebb0b5c963283a1b87992fc3c685680a783faa464d2981c2f9d3072c61f8a,e3b0c44298fc1c149afbf4c8996fb92427ae41e4649b934ca495991b7852b855,9c890eb7718799ed153eb7f4d29fda6e229a5f02b99f8ab5ac50a13187fd1544,696355a5d230f7607fccf47600c3149601c3fe872aaebc65fde3ff9da7d61f28,factorized,factorized,False,,,0,0d9e5fdba57c30b9b0e238876011815027bab365040d0c605f74fba1987f67c5,b45f6d311a33a790cfe03615f347a4626e5c0a6412309c39e4d07882f98a09c0,770c3d348365b7f744f2eaee964b61cc57615c10f8ca9a47a061ac03ee1c343e
cath663,1hy0A,1hy0,A,sword2-rust,factorized,factorized-accuracy,,,False,0,0.9572070152498782,30048,"[""/home/chili/cretin/PROJECTS/SWORD2/target/release/sword2"",""-i"",""/home/chili/cretin/PROJECTS/SWORD2/benchmark/cache/chains/1hy0A.pdb"",""-o"",""/home/chili/cretin/PROJECTS/SWORD2/benchmark/results_factorized_locked_model_attempt6/raw/sword2-rust/1hy0A"",""-j"",""1"",""--use-factorized-ranker""]","[""<binary>"",""-i"",""<input_structure>"",""-o"",""<process_output>"",""-j"",""1"",""--use-factorized-ranker""]",repository_root,56677bb81a11936da54fbb9bf075d4ea6ddedb304969c603f348950b9db619d4,raw/sword2-rust/1hy0A/1hy0A_A/summary.json,b56a0fcfe810a5ef37ec56ee8b155d0c1a13078579faaef13d58975333a3e8ba,e3b0c44298fc1c149afbf4c8996fb92427ae41e4649b934ca495991b7852b855,ba872181759ac3efe0e33e19aebb3ff825ec16246ce2157fe33d7cec8b759852,696355a5d230f7607fccf47600c3149601c3fe872aaebc65fde3ff9da7d61f28,factorized,factorized,False,,,0,0d9e5fdba57c30b9b0e238876011815027bab365040d0c605f74fba1987f67c5,b45f6d311a33a790cfe03615f347a4626e5c0a6412309c39e4d07882f98a09c0,770c3d348365b7f744f2eaee964b61cc57615c10f8ca9a47a061ac03ee1c343e
cath663,1hyoA,1hyo,A,sword2-rust,factorized,factorized-accuracy,,,False,0,0.97404057206586,30552,"[""/home/chili/cretin/PROJECTS/SWORD2/target/release/sword2"",""-i"",""/home/chili/cretin/PROJECTS/SWORD2/benchmark/cache/chains/1hyoA.pdb"",""-o"",""/home/chili/cretin/PROJECTS/SWORD2/benchmark/results_factorized_locked_model_attempt6/raw/sword2-rust/1hyoA"",""-j"",""1"",""--use-factorized-ranker""]","[""<binary>"",""-i"",""<input_structure>"",""-o"",""<process_output>"",""-j"",""1"",""--use-factorized-ranker""]",repository_root,a8711a65cdf22afbab95c2c518a59ee63ffae8579b0e7c5a1c0ec067afba1168,raw/sword2-rust/1hyoA/1hyoA_A/summary.json,5f41a3cc5de8709e00a06534d7664c3cf98dc417248c04702d14febd32b3e199,e3b0c44298fc1c149afbf4c8996fb92427ae41e4649b934ca495991b7852b855,f03e93631f8fb91ed09187da389403490a05b2e1f05a3fcfa40ade67b5df4d6a,696355a5d230f7607fccf47600c3149601c3fe872aaebc65fde3ff9da7d61f28,factorized,factorized,False,,,0,0d9e5fdba57c30b9b0e238876011815027bab365040d0c605f74fba1987f67c5,b45f6d311a33a790cfe03615f347a4626e5c0a6412309c39e4d07882f98a09c0,770c3d348365b7f744f2eaee964b61cc57615c10f8ca9a47a061ac03ee1c343e
cath663,1i0aA,1i0a,A,sword2-rust,factorized,factorized-accuracy,,,False,0,0.7868101210333407,25892,"[""/home/chili/cretin/PROJECTS/SWORD2/target/release/sword2"",""-i"",""/home/chili/cretin/PROJECTS/SWORD2/benchmark/cache/chains/1i0aA.pdb"",""-o"",""/home/chili/cretin/PROJECTS/SWORD2/benchmark/results_factorized_locked_model_attempt6/raw/sword2-rust/1i0aA"",""-j"",""1"",""--use-factorized-ranker""]","[""<binary>"",""-i"",""<input_structure>"",""-o"",""<process_output>"",""-j"",""1"",""--use-factorized-ranker""]",repository_root,93052bbc59c797480223cff2dc2f8de16f5291cc5973c3d0227363f16c041f25,raw/sword2-rust/1i0aA/1i0aA_A/summary.json,1d470b286c1245bf17251a23c6762f2279016d9ad25f9da5dc479abb36d8a0c8,e3b0c44298fc1c149afbf4c8996fb92427ae41e4649b934ca495991b7852b855,1763bbe71578ead3475610c53ec41627b59429319e53404593b3c40da4070e0d,696355a5d230f7607fccf47600c3149601c3fe872aaebc65fde3ff9da7d61f28,factorized,factorized,False,,,0,0d9e5fdba57c30b9b0e238876011815027bab365040d0c605f74fba1987f67c5,b45f6d311a33a790cfe03615f347a4626e5c0a6412309c39e4d07882f98a09c0,770c3d348365b7f744f2eaee964b61cc57615c10f8ca9a47a061ac03ee1c343e
cath663,1i4aA,1i4a,A,sword2-rust,factorized,factorized-accuracy,,,False,0,0.4531281120143831,14684,"[""/home/chili/cretin/PROJECTS/SWORD2/target/release/sword2"",""-i"",""/home/chili/cretin/PROJECTS/SWORD2/benchmark/cache/chains/1i4aA.pdb"",""-o"",""/home/chili/cretin/PROJECTS/SWORD2/benchmark/results_factorized_locked_model_attempt6/raw/sword2-rust/1i4aA"",""-j"",""1"",""--use-factorized-ranker""]","[""<binary>"",""-i"",""<input_structure>"",""-o"",""<process_output>"",""-j"",""1"",""--use-factorized-ranker""]",repository_root,a52cdc35503f0a4bfa83b67cc4eb6e93f660252224e1b95b12305d7a6935df5d,raw/sword2-rust/1i4aA/1i4aA_A/summary.json,e0cab0982b44a37ffead768b7b7d154041f130bfddc85edf81b621e334e8202f,e3b0c44298fc1c149afbf4c8996fb92427ae41e4649b934ca495991b7852b855,6ebab8519e7e3a4897afd34adb38519bdc9959643787fce4e6ef58cf9020f2f3,696355a5d230f7607fccf47600c3149601c3fe872aaebc65fde3ff9da7d61f28,factorized,factorized,False,,,0,0d9e5fdba57c30b9b0e238876011815027bab365040d0c605f74fba1987f67c5,b45f6d311a33a790cfe03615f347a4626e5c0a6412309c39e4d07882f98a09c0,770c3d348365b7f744f2eaee964b61cc57615c10f8ca9a47a061ac03ee1c343e
cath663,1iomA,1iom,A,sword2-rust,factorized,factorized-accuracy,,,False,0,0.5782420728355646,21356,"[""/home/chili/cretin/PROJECTS/SWORD2/target/release/sword2"",""-i"",""/home/chili/cretin/PROJECTS/SWORD2/benchmark/cache/chains/1iomA.pdb"",""-o"",""/home/chili/cretin/PROJECTS/SWORD2/benchmark/results_factorized_locked_model_attempt6/raw/sword2-rust/1iomA"",""-j"",""1"",""--use-factorized-ranker""]","[""<binary>"",""-i"",""<input_structure>"",""-o"",""<process_output>"",""-j"",""1"",""--use-factorized-ranker""]",repository_root,753408a21f3b624eb446c04e2853ac37ef1b43efb7fb46ae9cd29b2deb5d560b,raw/sword2-rust/1iomA/1iomA_A/summary.json,c8d74fb476f3be6510676fcb178a9aa1b27d3f2c219ac961c3bf989df16fbc23,e3b0c44298fc1c149afbf4c8996fb92427ae41e4649b934ca495991b7852b855,2defdb4705eeeae6a88a5602a1addc1ba79f6bc841aac574154ce08d0592818e,696355a5d230f7607fccf47600c3149601c3fe872aaebc65fde3ff9da7d61f28,factorized,factorized,False,,,0,0d9e5fdba57c30b9b0e238876011815027bab365040d0c605f74fba1987f67c5,b45f6d311a33a790cfe03615f347a4626e5c0a6412309c39e4d07882f98a09c0,770c3d348365b7f744f2eaee964b61cc57615c10f8ca9a47a061ac03ee1c343e
cath663,1j1jA,1j1j,A,sword2-rust,factorized,factorized-accuracy,,,False,0,0.43496792996302247,10760,"[""/home/chili/cretin/PROJECTS/SWORD2/target/release/sword2"",""-i"",""/home/chili/cretin/PROJECTS/SWORD2/benchmark/cache/chains/1j1jA.pdb"",""-o"",""/home/chili/cretin/PROJECTS/SWORD2/benchmark/results_factorized_locked_model_attempt6/raw/sword2-rust/1j1jA"",""-j"",""1"",""--use-factorized-ranker""]","[""<binary>"",""-i"",""<input_structure>"",""-o"",""<process_output>"",""-j"",""1"",""--use-factorized-ranker""]",repository_root,d5ecb653ae24bc25d4dcc6d96530fe3f5b3723ec0458a24c4105039c3069a439,raw/sword2-rust/1j1jA/1j1jA_A/summary.json,fd8c5cb86e56e8893432a71f2f2d36c7f893dd38b61d67ee44a63542cdda0b8d,e3b0c44298fc1c149afbf4c8996fb92427ae41e4649b934ca495991b7852b855,634a4147bef4b2e047c130a9da344164a911c2127b6a1e44553f32bbcbb19e2b,696355a5d230f7607fccf47600c3149601c3fe872aaebc65fde3ff9da7d61f28,factorized,factorized,False,,,0,0d9e5fdba57c30b9b0e238876011815027bab365040d0c605f74fba1987f67c5,b45f6d311a33a790cfe03615f347a4626e5c0a6412309c39e4d07882f98a09c0,770c3d348365b7f744f2eaee964b61cc57615c10f8ca9a47a061ac03ee1c343e
cath663,1jc9A,1jc9,A,sword2-rust,factorized,factorized-accuracy,,,False,0,0.4760443950071931,10264,"[""/home/chili/cretin/PROJECTS/SWORD2/target/release/sword2"",""-i"",""/home/chili/cretin/PROJECTS/SWORD2/benchmark/cache/chains/1jc9A.pdb"",""-o"",""/home/chili/cretin/PROJECTS/SWORD2/benchmark/results_factorized_locked_model_attempt6/raw/sword2-rust/1jc9A"",""-j"",""1"",""--use-factorized-ranker""]","[""<binary>"",""-i"",""<input_structure>"",""-o"",""<process_output>"",""-j"",""1"",""--use-factorized-ranker""]",repository_root,cf79c1765697a561696ee0846d3d5dc9c2cdd56390562b3f7268f0e3acc306da,raw/sword2-rust/1jc9A/1jc9A_A/summary.json,d858f94dcec3a99a5e97971486524f45ef6022fe1f6ab71a37ca363e0c5f9059,e3b0c44298fc1c149afbf4c8996fb92427ae41e4649b934ca495991b7852b855,a3c6cbbd40b3a09e4c5d480403f6c97666227165d0cdbfd4002de89459162cf6,696355a5d230f7607fccf47600c3149601c3fe872aaebc65fde3ff9da7d61f28,factorized,factorized,False,,,0,0d9e5fdba57c30b9b0e238876011815027bab365040d0c605f74fba1987f67c5,b45f6d311a33a790cfe03615f347a4626e5c0a6412309c39e4d07882f98a09c0,770c3d348365b7f744f2eaee964b61cc57615c10f8ca9a47a061ac03ee1c343e
cath663,1jq5A,1jq5,A,sword2-rust,factorized,factorized-accuracy,,,False,0,0.8047836357727647,23460,"[""/home/chili/cretin/PROJECTS/SWORD2/target/release/sword2"",""-i"",""/home/chili/cretin/PROJECTS/SWORD2/benchmark/cache/chains/1jq5A.pdb"",""-o"",""/home/chili/cretin/PROJECTS/SWORD2/benchmark/results_factorized_locked_model_attempt6/raw/sword2-rust/1jq5A"",""-j"",""1"",""--use-factorized-ranker""]","[""<binary>"",""-i"",""<input_structure>"",""-o"",""<process_output>"",""-j"",""1"",""--use-factorized-ranker""]",repository_root,67c1e9367052d056ac532b0870f4297e3e9264262b982b7fcd8d8970ad346af0,raw/sword2-rust/1jq5A/1jq5A_A/summary.json,22761c88fd5b747c3f39014f10a5b69fccec25b80ed134b68c389fb866067b6a,e3b0c44298fc1c149afbf4c8996fb92427ae41e4649b934ca495991b7852b855,ea4080c423fe22053d6b4bd751c77e6c0dec05ed364c3f9dbbd434ed812dfdbd,696355a5d230f7607fccf47600c3149601c3fe872aaebc65fde3ff9da7d61f28,factorized,factorized,False,,,0,0d9e5fdba57c30b9b0e238876011815027bab365040d0c605f74fba1987f67c5,b45f6d311a33a790cfe03615f347a4626e5c0a6412309c39e4d07882f98a09c0,770c3d348365b7f744f2eaee964b61cc57615c10f8ca9a47a061ac03ee1c343e
cath663,1jswB,1jsw,B,sword2-rust,factorized,factorized-accuracy,,,False,0,0.9608094817958772,27040,"[""/home/chili/cretin/PROJECTS/SWORD2/target/release/sword2"",""-i"",""/home/chili/cretin/PROJECTS/SWORD2/benchmark/cache/chains/1jswB.pdb"",""-o"",""/home/chili/cretin/PROJECTS/SWORD2/benchmark/results_factorized_locked_model_attempt6/raw/sword2-rust/1jswB"",""-j"",""1"",""--use-factorized-ranker""]","[""<binary>"",""-i"",""<input_structure>"",""-o"",""<process_output>"",""-j"",""1"",""--use-factorized-ranker""]",repository_root,c7250cd0744ff30dfdf77746e2d2a9f0c84af105b35b89c607b6919eb0ca066c,raw/sword2-rust/1jswB/1jswB_B/summary.json,e001a90e352336f8cea15f1202c61200cb65c88092a8a673cc8df53d610d2211,e3b0c44298fc1c149afbf4c8996fb92427ae41e4649b934ca495991b7852b855,787efd8a0fb2e7df7ef858f0f5b66a3bc20eb509b711896b00ca4fa9203ad766,696355a5d230f7607fccf47600c3149601c3fe872aaebc65fde3ff9da7d61f28,factorized,factorized,False,,,0,0d9e5fdba57c30b9b0e238876011815027bab365040d0c605f74fba1987f67c5,b45f6d311a33a790cfe03615f347a4626e5c0a6412309c39e4d07882f98a09c0,770c3d348365b7f744f2eaee964b61cc57615c10f8ca9a47a061ac03ee1c343e
cath663,1jvaB,1jva,B,sword2-rust,factorized,factorized-accuracy,,,False,0,1.0364362350665033,32152,"[""/home/chili/cretin/PROJECTS/SWORD2/target/release/sword2"",""-i"",""/home/chili/cretin/PROJECTS/SWORD2/benchmark/cache/chains/1jvaB.pdb"",""-o"",""/home/chili/cretin/PROJECTS/SWORD2/benchmark/results_factorized_locked_model_attempt6/raw/sword2-rust/1jvaB"",""-j"",""1"",""--use-factorized-ranker""]","[""<binary>"",""-i"",""<input_structure>"",""-o"",""<process_output>"",""-j"",""1"",""--use-factorized-ranker""]",repository_root,9dbd203ce7b735d58927a27714dfea2d75b09a9156db866baac00f9c6a4627dc,raw/sword2-rust/1jvaB/1jvaB_B/summary.json,bf710566bee1abc10c85ff3fc32a0f69fa907edc2dbe6b9636cffb0698cc8bfc,e3b0c44298fc1c149afbf4c8996fb92427ae41e4649b934ca495991b7852b855,a659e4244703849a73c2fe4d20dd6b609c133f0e4a841a8de2bf6eeeb5876d20,696355a5d230f7607fccf47600c3149601c3fe872aaebc65fde3ff9da7d61f28,factorized,factorized,False,,,0,0d9e5fdba57c30b9b0e238876011815027bab365040d0c605f74fba1987f67c5,b45f6d311a33a790cfe03615f347a4626e5c0a6412309c39e4d07882f98a09c0,770c3d348365b7f744f2eaee964b61cc57615c10f8ca9a47a061ac03ee1c343e
cath663,1k62A,1k62,A,sword2-rust,factorized,factorized-accuracy,,,False,0,1.0629676529206336,28868,"[""/home/chili/cretin/PROJECTS/SWORD2/target/release/sword2"",""-i"",""/home/chili/cretin/PROJECTS/SWORD2/benchmark/cache/chains/1k62A.pdb"",""-o"",""/home/chili/cretin/PROJECTS/SWORD2/benchmark/results_factorized_locked_model_attempt6/raw/sword2-rust/1k62A"",""-j"",""1"",""--use-factorized-ranker""]","[""<binary>"",""-i"",""<input_structure>"",""-o"",""<process_output>"",""-j"",""1"",""--use-factorized-ranker""]",repository_root,c5ab946eff86a505c82227e861fa742a48536c158f64ab59ed1cf60f0d98cc18,raw/sword2-rust/1k62A/1k62A_A/summary.json,a2ad9da46d022471c16833b86d59f74ed1bca11eed152290b013c06b4940c2ea,e3b0c44298fc1c149afbf4c8996fb92427ae41e4649b934ca495991b7852b855,8ee22b7579aaba62e30a8ad2fa8b6d3da2239ce6b4dc7c7d4d7f9410cd8d7010,696355a5d230f7607fccf47600c3149601c3fe872aaebc65fde3ff9da7d61f28,factorized,factorized,False,,,0,0d9e5fdba57c30b9b0e238876011815027bab365040d0c605f74fba1987f67c5,b45f6d311a33a790cfe03615f347a4626e5c0a6412309c39e4d07882f98a09c0,770c3d348365b7f744f2eaee964b61cc57615c10f8ca9a47a061ac03ee1c343e
cath663,1k7wA,1k7w,A,sword2-rust,factorized,factorized-accuracy,,,False,0,0.9058294179849327,30932,"[""/home/chili/cretin/PROJECTS/SWORD2/target/release/sword2"",""-i"",""/home/chili/cretin/PROJECTS/SWORD2/benchmark/cache/chains/1k7wA.pdb"",""-o"",""/home/chili/cretin/PROJECTS/SWORD2/benchmark/results_factorized_locked_model_attempt6/raw/sword2-rust/1k7wA"",""-j"",""1"",""--use-factorized-ranker""]","[""<binary>"",""-i"",""<input_structure>"",""-o"",""<process_output>"",""-j"",""1"",""--use-factorized-ranker""]",repository_root,4275faf7a659abfdd382d486a3a949239276015bbc0649f0836652bc8eb6cf6f,raw/sword2-rust/1k7wA/1k7wA_A/summary.json,fea650c6da578ed7099054b0b954c0f2eb8f1282506c7ff7d8ec09dc1d6e3f2f,e3b0c44298fc1c149afbf4c8996fb92427ae41e4649b934ca495991b7852b855,798cb3f0f9ee84612b22d1aa427d6c47b46fdad890edd218177e8ad51ed2ba53,696355a5d230f7607fccf47600c3149601c3fe872aaebc65fde3ff9da7d61f28,factorized,factorized,False,,,0,0d9e5fdba57c30b9b0e238876011815027bab365040d0c605f74fba1987f67c5,b45f6d311a33a790cfe03615f347a4626e5c0a6412309c39e4d07882f98a09c0,770c3d348365b7f744f2eaee964b61cc57615c10f8ca9a47a061ac03ee1c343e
cath663,1k8kD,1k8k,D,sword2-rust,factorized,factorized-accuracy,,,False,0,0.385187909938395,14496,"[""/home/chili/cretin/PROJECTS/SWORD2/target/release/sword2"",""-i"",""/home/chili/cretin/PROJECTS/SWORD2/benchmark/cache/chains/1k8kD.pdb"",""-o"",""/home/chili/cretin/PROJECTS/SWORD2/benchmark/results_factorized_locked_model_attempt6/raw/sword2-rust/1k8kD"",""-j"",""1"",""--use-factorized-ranker""]","[""<binary>"",""-i"",""<input_structure>"",""-o"",""<process_output>"",""-j"",""1"",""--use-factorized-ranker""]",repository_root,916ebe8efd0faa652f9dc4af8ab0ca614917d7f275349ecab3064bd046785680,raw/sword2-rust/1k8kD/1k8kD_D/summary.json,8c2d6791f24294ad0bc275449570ee85f3c6aaa28478327f3e8b638e107816b2,e3b0c44298fc1c149afbf4c8996fb92427ae41e4649b934ca495991b7852b855,1126a4323dae4197e655940f95a42db619b4cbccfa310d7ab14c166706b607e4,58f1b0158d545f247ea44630c6af8bde6352f01b2f3c1ecfc50cddc45bccca86,factorized,legacy,True,structural_quality_abstention,factorized_fallback,0,0d9e5fdba57c30b9b0e238876011815027bab365040d0c605f74fba1987f67c5,b45f6d311a33a790cfe03615f347a4626e5c0a6412309c39e4d07882f98a09c0,770c3d348365b7f744f2eaee964b61cc57615c10f8ca9a47a061ac03ee1c343e
cath663,1kaeA,1kae,A,sword2-rust,factorized,factorized-accuracy,,,False,0,0.9935508267953992,30100,"[""/home/chili/cretin/PROJECTS/SWORD2/target/release/sword2"",""-i"",""/home/chili/cretin/PROJECTS/SWORD2/benchmark/cache/chains/1kaeA.pdb"",""-o"",""/home/chili/cretin/PROJECTS/SWORD2/benchmark/results_factorized_locked_model_attempt6/raw/sword2-rust/1kaeA"",""-j"",""1"",""--use-factorized-ranker""]","[""<binary>"",""-i"",""<input_structure>"",""-o"",""<process_output>"",""-j"",""1"",""--use-factorized-ranker""]",repository_root,d25722cb00ffb1617d923d777c6c0aecd0c456105e24109a3420e39e91db5197,raw/sword2-rust/1kaeA/1kaeA_A/summary.json,0af0b45e221c8b5af257853e29fb7e6246c56e1342c346fe5230d2eaf1211df8,e3b0c44298fc1c149afbf4c8996fb92427ae41e4649b934ca495991b7852b855,4d90c36b05be2b96daa8c448bed9c9b2a6fce79cbe9c9b88a236d798b8cc44d2,696355a5d230f7607fccf47600c3149601c3fe872aaebc65fde3ff9da7d61f28,factorized,factorized,False,,,0,0d9e5fdba57c30b9b0e238876011815027bab365040d0c605f74fba1987f67c5,b45f6d311a33a790cfe03615f347a4626e5c0a6412309c39e4d07882f98a09c0,770c3d348365b7f744f2eaee964b61cc57615c10f8ca9a47a061ac03ee1c343e
cath663,1keyD,1key,D,sword2-rust,factorized,factorized-accuracy,,,False,0,0.3451637080870569,11520,"[""/home/chili/cretin/PROJECTS/SWORD2/target/release/sword2"",""-i"",""/home/chili/cretin/PROJECTS/SWORD2/benchmark/cache/chains/1keyD.pdb"",""-o"",""/home/chili/cretin/PROJECTS/SWORD2/benchmark/results_factorized_locked_model_attempt6/raw/sword2-rust/1keyD"",""-j"",""1"",""--use-factorized-ranker""]","[""<binary>"",""-i"",""<input_structure>"",""-o"",""<process_output>"",""-j"",""1"",""--use-factorized-ranker""]",repository_root,7b06dfd01055d9b33c7264e50fa347f8e623ad27f608b715b7d7e5d650915cc8,raw/sword2-rust/1keyD/1keyD_D/summary.json,7f1ffd5636fada8c747b785ada335e7a2f56cf15b62cbdc489c3003194039966,e3b0c44298fc1c149afbf4c8996fb92427ae41e4649b934ca495991b7852b855,785ee094e795ddee665daf2a353742b58fad1ec83b032e9e8cdc5163ee5e2c6f,696355a5d230f7607fccf47600c3149601c3fe872aaebc65fde3ff9da7d61f28,factorized,factorized,False,,,0,0d9e5fdba57c30b9b0e238876011815027bab365040d0c605f74fba1987f67c5,b45f6d311a33a790cfe03615f347a4626e5c0a6412309c39e4d07882f98a09c0,770c3d348365b7f744f2eaee964b61cc57615c10f8ca9a47a061ac03ee1c343e
cath663,1kq3A,1kq3,A,sword2-rust,factorized,factorized-accuracy,,,False,0,0.6106884861364961,21604,"[""/home/chili/cretin/PROJECTS/SWORD2/target/release/sword2"",""-i"",""/home/chili/cretin/PROJECTS/SWORD2/benchmark/cache/chains/1kq3A.pdb"",""-o"",""/home/chili/cretin/PROJECTS/SWORD2/benchmark/results_factorized_locked_model_attempt6/raw/sword2-rust/1kq3A"",""-j"",""1"",""--use-factorized-ranker""]","[""<binary>"",""-i"",""<input_structure>"",""-o"",""<process_output>"",""-j"",""1"",""--use-factorized-ranker""]",repository_root,18c29fe7b68488b988d7d8487c56fea7603f4ae595a12aa73a0673f1bafe45a3,raw/sword2-rust/1kq3A/1kq3A_A/summary.json,fdb20bb086d8e9e5e105150c184fb9aa2d18f995b8c58868d21baaeb4d1b4bf2,e3b0c44298fc1c149afbf4c8996fb92427ae41e4649b934ca495991b7852b855,f4a253fca9a07d90b00d0386a83c55fde3d52b7010b2655632be96fc2404d5c3,696355a5d230f7607fccf47600c3149601c3fe872aaebc65fde3ff9da7d61f28,factorized,factorized,False,,,0,0d9e5fdba57c30b9b0e238876011815027bab365040d0c605f74fba1987f67c5,b45f6d311a33a790cfe03615f347a4626e5c0a6412309c39e4d07882f98a09c0,770c3d348365b7f744f2eaee964b61cc57615c10f8ca9a47a061ac03ee1c343e
cath663,1ksiA,1ksi,A,sword2-rust,factorized,factorized-accuracy,,,False,0,1.7685018912889063,58256,"[""/home/chili/cretin/PROJECTS/SWORD2/target/release/sword2"",""-i"",""/home/chili/cretin/PROJECTS/SWORD2/benchmark/cache/chains/1ksiA.pdb"",""-o"",""/home/chili/cretin/PROJECTS/SWORD2/benchmark/results_factorized_locked_model_attempt6/raw/sword2-rust/1ksiA"",""-j"",""1"",""--use-factorized-ranker""]","[""<binary>"",""-i"",""<input_structure>"",""-o"",""<process_output>"",""-j"",""1"",""--use-factorized-ranker""]",repository_root,030aa32006a5da81530e4d55fab4f97adce4777d79eb6359feb6550931c7bf41,raw/sword2-rust/1ksiA/1ksiA_A/summary.json,85452b859662431b68af10275a3687b8e38beabd8e411af8158bb384ad039452,e3b0c44298fc1c149afbf4c8996fb92427ae41e4649b934ca495991b7852b855,061531852be058324622af87aab050113e72338847524ad7a9481a4354e32b9b,696355a5d230f7607fccf47600c3149601c3fe872aaebc65fde3ff9da7d61f28,factorized,factorized,False,,,0,0d9e5fdba57c30b9b0e238876011815027bab365040d0c605f74fba1987f67c5,b45f6d311a33a790cfe03615f347a4626e5c0a6412309c39e4d07882f98a09c0,770c3d348365b7f744f2eaee964b61cc57615c10f8ca9a47a061ac03ee1c343e
cath663,1kzqA,1kzq,A,sword2-rust,factorized,factorized-accuracy,,,False,0,0.5032234112732112,11840,"[""/home/chili/cretin/PROJECTS/SWORD2/target/release/sword2"",""-i"",""/home/chili/cretin/PROJECTS/SWORD2/benchmark/cache/chains/1kzqA.pdb"",""-o"",""/home/chili/cretin/PROJECTS/SWORD2/benchmark/results_factorized_locked_model_attempt6/raw/sword2-rust/1kzqA"",""-j"",""1"",""--use-factorized-ranker""]","[""<binary>"",""-i"",""<input_structure>"",""-o"",""<process_output>"",""-j"",""1"",""--use-factorized-ranker""]",repository_root,64a43dbff5b100ebb1c7b47fe1318b895acca9c37e4f6610804406f8eb457c90,raw/sword2-rust/1kzqA/1kzqA_A/summary.json,ab32d24243e79f2d196df04645fb3b43e02e5d9052bb6491e7e5700e88221c22,e3b0c44298fc1c149afbf4c8996fb92427ae41e4649b934ca495991b7852b855,294578526dd54c3a63765922bcc2c4bdf09d7a03cb3f6bd0ca65037d02819855,696355a5d230f7607fccf47600c3149601c3fe872aaebc65fde3ff9da7d61f28,factorized,factorized,False,,,0,0d9e5fdba57c30b9b0e238876011815027bab365040d0c605f74fba1987f67c5,b45f6d311a33a790cfe03615f347a4626e5c0a6412309c39e4d07882f98a09c0,770c3d348365b7f744f2eaee964b61cc57615c10f8ca9a47a061ac03ee1c343e
cath663,1l5hA,1l5h,A,sword2-rust,factorized,factorized-accuracy,,,False,0,0.9845676408149302,31040,"[""/home/chili/cretin/PROJECTS/SWORD2/target/release/sword2"",""-i"",""/home/chili/cretin/PROJECTS/SWORD2/benchmark/cache/chains/1l5hA.pdb"",""-o"",""/home/chili/cretin/PROJECTS/SWORD2/benchmark/results_factorized_locked_model_attempt6/raw/sword2-rust/1l5hA"",""-j"",""1"",""--use-factorized-ranker""]","[""<binary>"",""-i"",""<input_structure>"",""-o"",""<process_output>"",""-j"",""1"",""--use-factorized-ranker""]",repository_root,047f8585a2f5a752834e7164c1f8e97bfdecac34eeb7d52423e8bbc2a35b7ff5,raw/sword2-rust/1l5hA/1l5hA_A/summary.json,441ce326c4d1d6bc8ed8acfa7dcdb2f95703b89f0b4600f18d60dae95b31f964,e3b0c44298fc1c149afbf4c8996fb92427ae41e4649b934ca495991b7852b855,ff0d21a472b54b2746cf55c171f92dcc70435f23e8403488a04364c7c5ba200e,696355a5d230f7607fccf47600c3149601c3fe872aaebc65fde3ff9da7d61f28,factorized,factorized,False,,,0,0d9e5fdba57c30b9b0e238876011815027bab365040d0c605f74fba1987f67c5,b45f6d311a33a790cfe03615f347a4626e5c0a6412309c39e4d07882f98a09c0,770c3d348365b7f744f2eaee964b61cc57615c10f8ca9a47a061ac03ee1c343e
cath663,1lmlA,1lml,A,sword2-rust,factorized,factorized-accuracy,,,False,0,0.9982265117578208,33852,"[""/home/chili/cretin/PROJECTS/SWORD2/target/release/sword2"",""-i"",""/home/chili/cretin/PROJECTS/SWORD2/benchmark/cache/chains/1lmlA.pdb"",""-o"",""/home/chili/cretin/PROJECTS/SWORD2/benchmark/results_factorized_locked_model_attempt6/raw/sword2-rust/1lmlA"",""-j"",""1"",""--use-factorized-ranker""]","[""<binary>"",""-i"",""<input_structure>"",""-o"",""<process_output>"",""-j"",""1"",""--use-factorized-ranker""]",repository_root,04caded145758e6ebecb7a6ea4694cd066ab156fe2cf32537c9e71b81fbad18f,raw/sword2-rust/1lmlA/1lmlA_A/summary.json,ccb3ebb8b6c610484c271697ec70e3283f11dafc9f6b87f6b87cab97c08f7ff0,e3b0c44298fc1c149afbf4c8996fb92427ae41e4649b934ca495991b7852b855,e7d01cb8a842da4cdcdc46da273c1f0e49aa524f815f8838013ad4d429b6c121,696355a5d230f7607fccf47600c3149601c3fe872aaebc65fde3ff9da7d61f28,factorized,factorized,False,,,0,0d9e5fdba57c30b9b0e238876011815027bab365040d0c605f74fba1987f67c5,b45f6d311a33a790cfe03615f347a4626e5c0a6412309c39e4d07882f98a09c0,770c3d348365b7f744f2eaee964b61cc57615c10f8ca9a47a061ac03ee1c343e
cath663,1lwuB,1lwu,B,sword2-rust,factorized,factorized-accuracy,,,False,0,0.5161009561270475,14412,"[""/home/chili/cretin/PROJECTS/SWORD2/target/release/sword2"",""-i"",""/home/chili/cretin/PROJECTS/SWORD2/benchmark/cache/chains/1lwuB.pdb"",""-o"",""/home/chili/cretin/PROJECTS/SWORD2/benchmark/results_factorized_locked_model_attempt6/raw/sword2-rust/1lwuB"",""-j"",""1"",""--use-factorized-ranker""]","[""<binary>"",""-i"",""<input_structure>"",""-o"",""<process_output>"",""-j"",""1"",""--use-factorized-ranker""]",repository_root,52e3c43571cd3d471561eacf838122aeb3f9074976d2526c23c1efa7871a7108,raw/sword2-rust/1lwuB/1lwuB_B/summary.json,85383bd56cdb9f500db35bce7b1d1dae7dbb0b93f0d8b794df197a5835bac7d0,e3b0c44298fc1c149afbf4c8996fb92427ae41e4649b934ca495991b7852b855,23d58dc0bcb8850077187da933d39301cdca4c226534928e252dde2c27c5b48b,696355a5d230f7607fccf47600c3149601c3fe872aaebc65fde3ff9da7d61f28,factorized,factorized,False,,,0,0d9e5fdba57c30b9b0e238876011815027bab365040d0c605f74fba1987f67c5,b45f6d311a33a790cfe03615f347a4626e5c0a6412309c39e4d07882f98a09c0,770c3d348365b7f744f2eaee964b61cc57615c10f8ca9a47a061ac03ee1c343e
cath663,1lwuC,1lwu,C,sword2-rust,factorized,factorized-accuracy,,,False,0,0.37709861109033227,14308,"[""/home/chili/cretin/PROJECTS/SWORD2/target/release/sword2"",""-i"",""/home/chili/cretin/PROJECTS/SWORD2/benchmark/cache/chains/1lwuC.pdb"",""-o"",""/home/chili/cretin/PROJECTS/SWORD2/benchmark/results_factorized_locked_model_attempt6/raw/sword2-rust/1lwuC"",""-j"",""1"",""--use-factorized-ranker""]","[""<binary>"",""-i"",""<input_structure>"",""-o"",""<process_output>"",""-j"",""1"",""--use-factorized-ranker""]",repository_root,d57f00af371549f1446d68712ea80d1f9254a1940b15ceb2de0c16c52d5d1f9a,raw/sword2-rust/1lwuC/1lwuC_C/summary.json,f799b22070df9906049fc49472c264e906a6aca6895802b245b76dcfdb3d2c62,e3b0c44298fc1c149afbf4c8996fb92427ae41e4649b934ca495991b7852b855,3b8c2c5e87e639216f3945af5578316ae5d505ad89214d3c06a75a6f2c6dc5e0,696355a5d230f7607fccf47600c3149601c3fe872aaebc65fde3ff9da7d61f28,factorized,factorized,False,,,0,0d9e5fdba57c30b9b0e238876011815027bab365040d0c605f74fba1987f67c5,b45f6d311a33a790cfe03615f347a4626e5c0a6412309c39e4d07882f98a09c0,770c3d348365b7f744f2eaee964b61cc57615c10f8ca9a47a061ac03ee1c343e
cath663,1m15A,1m15,A,sword2-rust,factorized,factorized-accuracy,,,False,0,0.652223439887166,21408,"[""/home/chili/cretin/PROJECTS/SWORD2/target/release/sword2"",""-i"",""/home/chili/cretin/PROJECTS/SWORD2/benchmark/cache/chains/1m15A.pdb"",""-o"",""/home/chili/cretin/PROJECTS/SWORD2/benchmark/results_factorized_locked_model_attempt6/raw/sword2-rust/1m15A"",""-j"",""1"",""--use-factorized-ranker""]","[""<binary>"",""-i"",""<input_structure>"",""-o"",""<process_output>"",""-j"",""1"",""--use-factorized-ranker""]",repository_root,581af7fd1dab4cbb65b6b2bccd0ec9023a717d184d3e9cf3e895ab597ae305e7,raw/sword2-rust/1m15A/1m15A_A/summary.json,9cd337fc855219b2d52e77fb6e1381993777cedbc45f96c3923c70a2e61f92e5,e3b0c44298fc1c149afbf4c8996fb92427ae41e4649b934ca495991b7852b855,26476cb61d65e7658465d3f89e15733fa6540ad521a5edea63b001bc2bc7c028,696355a5d230f7607fccf47600c3149601c3fe872aaebc65fde3ff9da7d61f28,factorized,factorized,False,,,0,0d9e5fdba57c30b9b0e238876011815027bab365040d0c605f74fba1987f67c5,b45f6d311a33a790cfe03615f347a4626e5c0a6412309c39e4d07882f98a09c0,770c3d348365b7f744f2eaee964b61cc57615c10f8ca9a47a061ac03ee1c343e
cath663,1m1jB,1m1j,B,sword2-rust,factorized,factorized-accuracy,,,False,0,0.6358270989730954,21540,"[""/home/chili/cretin/PROJECTS/SWORD2/target/release/sword2"",""-i"",""/home/chili/cretin/PROJECTS/SWORD2/benchmark/cache/chains/1m1jB.pdb"",""-o"",""/home/chili/cretin/PROJECTS/SWORD2/benchmark/results_factorized_locked_model_attempt6/raw/sword2-rust/1m1jB"",""-j"",""1"",""--use-factorized-ranker""]","[""<binary>"",""-i"",""<input_structure>"",""-o"",""<process_output>"",""-j"",""1"",""--use-factorized-ranker""]",repository_root,4da871a2204af4396bfd6637345c017ef9e05ec01ec69e974eb2281901a16a9c,raw/sword2-rust/1m1jB/1m1jB_B/summary.json,840d19cfb1ba6399967eec267e25e248c1525bad93903073a033f52f61167309,e3b0c44298fc1c149afbf4c8996fb92427ae41e4649b934ca495991b7852b855,891e7b69142db76ccdc40f941d8deab69ce7696e8cf7d0a1a1570d3870f8a17d,696355a5d230f7607fccf47600c3149601c3fe872aaebc65fde3ff9da7d61f28,factorized,factorized,False,,,0,0d9e5fdba57c30b9b0e238876011815027bab365040d0c605f74fba1987f67c5,b45f6d311a33a790cfe03615f347a4626e5c0a6412309c39e4d07882f98a09c0,770c3d348365b7f744f2eaee964b61cc57615c10f8ca9a47a061ac03ee1c343e
cath663,1m1jC,1m1j,C,sword2-rust,factorized,factorized-accuracy,,,False,0,0.5186336827464402,18840,"[""/home/chili/cretin/PROJECTS/SWORD2/target/release/sword2"",""-i"",""/home/chili/cretin/PROJECTS/SWORD2/benchmark/cache/chains/1m1jC.pdb"",""-o"",""/home/chili/cretin/PROJECTS/SWORD2/benchmark/results_factorized_locked_model_attempt6/raw/sword2-rust/1m1jC"",""-j"",""1"",""--use-factorized-ranker""]","[""<binary>"",""-i"",""<input_structure>"",""-o"",""<process_output>"",""-j"",""1"",""--use-factorized-ranker""]",repository_root,dee72b0f2784f2e96cf83be7ba9413b1f31db7819dbf31df3d81f8e12de68683,raw/sword2-rust/1m1jC/1m1jC_C/summary.json,0086857b1bf0be63a846e0e6eb3200f62d511a6d8130f3365f80242f849b7a4f,e3b0c44298fc1c149afbf4c8996fb92427ae41e4649b934ca495991b7852b855,b4ef0c963cf6b43b6f46b7e6864ffcb445e324e6c24ff583532e519c160f97d4,696355a5d230f7607fccf47600c3149601c3fe872aaebc65fde3ff9da7d61f28,factorized,factorized,False,,,0,0d9e5fdba57c30b9b0e238876011815027bab365040d0c605f74fba1987f67c5,b45f6d311a33a790cfe03615f347a4626e5c0a6412309c39e4d07882f98a09c0,770c3d348365b7f744f2eaee964b61cc57615c10f8ca9a47a061ac03ee1c343e
cath663,1m4uA,1m4u,A,sword2-rust,factorized,factorized-accuracy,,,False,0,0.15380168007686734,11200,"[""/home/chili/cretin/PROJECTS/SWORD2/target/release/sword2"",""-i"",""/home/chili/cretin/PROJECTS/SWORD2/benchmark/cache/chains/1m4uA.pdb"",""-o"",""/home/chili/cretin/PROJECTS/SWORD2/benchmark/results_factorized_locked_model_attempt6/raw/sword2-rust/1m4uA"",""-j"",""1"",""--use-factorized-ranker""]","[""<binary>"",""-i"",""<input_structure>"",""-o"",""<process_output>"",""-j"",""1"",""--use-factorized-ranker""]",repository_root,f1c2577dce27414add245b4e3503ad009d9bbb81143a002f614b399f1fded899,raw/sword2-rust/1m4uA/1m4uA_A/summary.json,e2dd80048eb9f6b9a03e41f5df110a2f66366911bd43277029407b86a20b1482,e3b0c44298fc1c149afbf4c8996fb92427ae41e4649b934ca495991b7852b855,a3ff07fdd70e3427bd7df2efcc6d60123d8478ebf75ff1b243b6a15e8a19ea1e,696355a5d230f7607fccf47600c3149601c3fe872aaebc65fde3ff9da7d61f28,factorized,factorized,False,,,0,0d9e5fdba57c30b9b0e238876011815027bab365040d0c605f74fba1987f67c5,b45f6d311a33a790cfe03615f347a4626e5c0a6412309c39e4d07882f98a09c0,770c3d348365b7f744f2eaee964b61cc57615c10f8ca9a47a061ac03ee1c343e
cath663,1m5hA,1m5h,A,sword2-rust,factorized,factorized-accuracy,,,False,0,0.40995158441364765,14080,"[""/home/chili/cretin/PROJECTS/SWORD2/target/release/sword2"",""-i"",""/home/chili/cretin/PROJECTS/SWORD2/benchmark/cache/chains/1m5hA.pdb"",""-o"",""/home/chili/cretin/PROJECTS/SWORD2/benchmark/results_factorized_locked_model_attempt6/raw/sword2-rust/1m5hA"",""-j"",""1"",""--use-factorized-ranker""]","[""<binary>"",""-i"",""<input_structure>"",""-o"",""<process_output>"",""-j"",""1"",""--use-factorized-ranker""]",repository_root,4df702e004c5c5d736c9bf3ca4f3e4de2b977b89557e60f888756ef1c0f0bffd,raw/sword2-rust/1m5hA/1m5hA_A/summary.json,e68773e29c8cb1d32d052a5f5c5616c76f49b95fd0c6aa4311c63f8235b3f2e0,e3b0c44298fc1c149afbf4c8996fb92427ae41e4649b934ca495991b7852b855,67cd109e8ebeb9ccf3210b8df984a4bcca213630002f73adc4bc1ed836ad4b7c,696355a5d230f7607fccf47600c3149601c3fe872aaebc65fde3ff9da7d61f28,factorized,factorized,False,,,0,0d9e5fdba57c30b9b0e238876011815027bab365040d0c605f74fba1987f67c5,b45f6d311a33a790cfe03615f347a4626e5c0a6412309c39e4d07882f98a09c0,770c3d348365b7f744f2eaee964b61cc57615c10f8ca9a47a061ac03ee1c343e
cath663,1m5sA,1m5s,A,sword2-rust,factorized,factorized-accuracy,,,False,0,0.4411838296800852,13836,"[""/home/chili/cretin/PROJECTS/SWORD2/target/release/sword2"",""-i"",""/home/chili/cretin/PROJECTS/SWORD2/benchmark/cache/chains/1m5sA.pdb"",""-o"",""/home/chili/cretin/PROJECTS/SWORD2/benchmark/results_factorized_locked_model_attempt6/raw/sword2-rust/1m5sA"",""-j"",""1"",""--use-factorized-ranker""]","[""<binary>"",""-i"",""<input_structure>"",""-o"",""<process_output>"",""-j"",""1"",""--use-factorized-ranker""]",repository_root,983269941789247ad7767cd8d336368bf990c3acb1481219c41678e60391356f,raw/sword2-rust/1m5sA/1m5sA_A/summary.json,9804a4693702df900ba8f0bb1da542f5ecc5e17e5359633f4975dfe89cca794f,e3b0c44298fc1c149afbf4c8996fb92427ae41e4649b934ca495991b7852b855,82bb9a0b3470ab5d998fc15beb0bdf1668042ac224654130335fcc6eb9d24818,696355a5d230f7607fccf47600c3149601c3fe872aaebc65fde3ff9da7d61f28,factorized,factorized,False,,,0,0d9e5fdba57c30b9b0e238876011815027bab365040d0c605f74fba1987f67c5,b45f6d311a33a790cfe03615f347a4626e5c0a6412309c39e4d07882f98a09c0,770c3d348365b7f744f2eaee964b61cc57615c10f8ca9a47a061ac03ee1c343e
cath663,1m9iA,1m9i,A,sword2-rust,factorized,factorized-accuracy,,,False,0,0.687803341075778,31124,"[""/home/chili/cretin/PROJECTS/SWORD2/target/release/sword2"",""-i"",""/home/chili/cretin/PROJECTS/SWORD2/benchmark/cache/chains/1m9iA.pdb"",""-o"",""/home/chili/cretin/PROJECTS/SWORD2/benchmark/results_factorized_locked_model_attempt6/raw/sword2-rust/1m9iA"",""-j"",""1"",""--use-factorized-ranker""]","[""<binary>"",""-i"",""<input_structure>"",""-o"",""<process_output>"",""-j"",""1"",""--use-factorized-ranker""]",repository_root,ce427e6d756a95c88cc2689bbc172f7426bf2a0923fe29846c87cd61ef46e2ba,raw/sword2-rust/1m9iA/1m9iA_A/summary.json,55a6b94aecaa5697187ccddb29865cbc47b6143813ef1801c8842f3150d480ee,e3b0c44298fc1c149afbf4c8996fb92427ae41e4649b934ca495991b7852b855,981d9dce6eb56e550326bd46636819a30e37a37921b83a13bc4841328923ac18,696355a5d230f7607fccf47600c3149601c3fe872aaebc65fde3ff9da7d61f28,factorized,factorized,False,,,0,0d9e5fdba57c30b9b0e238876011815027bab365040d0c605f74fba1987f67c5,b45f6d311a33a790cfe03615f347a4626e5c0a6412309c39e4d07882f98a09c0,770c3d348365b7f744f2eaee964b61cc57615c10f8ca9a47a061ac03ee1c343e
cath663,1mhyG,1mhy,G,sword2-rust,factorized,factorized-accuracy,,,False,0,0.23640413209795952,10880,"[""/home/chili/cretin/PROJECTS/SWORD2/target/release/sword2"",""-i"",""/home/chili/cretin/PROJECTS/SWORD2/benchmark/cache/chains/1mhyG.pdb"",""-o"",""/home/chili/cretin/PROJECTS/SWORD2/benchmark/results_factorized_locked_model_attempt6/raw/sword2-rust/1mhyG"",""-j"",""1"",""--use-factorized-ranker""]","[""<binary>"",""-i"",""<input_structure>"",""-o"",""<process_output>"",""-j"",""1"",""--use-factorized-ranker""]",repository_root,63b33eb8b0a4ca3b00e4e12c8e147fa8c34a91202f2ed9b57a4f5503b6b397b9,raw/sword2-rust/1mhyG/1mhyG_G/summary.json,60b2197a2aed42a328cb0ae0281cf33e6e808e8e8b372c20e195bf27225f7e98,e3b0c44298fc1c149afbf4c8996fb92427ae41e4649b934ca495991b7852b855,f8b6257d4905ab14c3f96564f8acea7067d8adc4d27747286defc3e175e62eb3,696355a5d230f7607fccf47600c3149601c3fe872aaebc65fde3ff9da7d61f28,factorized,factorized,False,,,0,0d9e5fdba57c30b9b0e238876011815027bab365040d0c605f74fba1987f67c5,b45f6d311a33a790cfe03615f347a4626e5c0a6412309c39e4d07882f98a09c0,770c3d348365b7f744f2eaee964b61cc57615c10f8ca9a47a061ac03ee1c343e
cath663,1mowA,1mow,A,sword2-rust,factorized,factorized-accuracy,,,False,0,0.2384762018918991,12160,"[""/home/chili/cretin/PROJECTS/SWORD2/target/release/sword2"",""-i"",""/home/chili/cretin/PROJECTS/SWORD2/benchmark/cache/chains/1mowA.pdb"",""-o"",""/home/chili/cretin/PROJECTS/SWORD2/benchmark/results_factorized_locked_model_attempt6/raw/sword2-rust/1mowA"",""-j"",""1"",""--use-factorized-ranker""]","[""<binary>"",""-i"",""<input_structure>"",""-o"",""<process_output>"",""-j"",""1"",""--use-factorized-ranker""]",repository_root,977c2a83581231fc82f0313636f0873c1676c02e328bc6a922ed1130dcb7cf24,raw/sword2-rust/1mowA/1mowA_A/summary.json,e86ba1080ba24290c9e78fe62c102e3bc3818c160eb5a02d0bf17b5f36633f01,e3b0c44298fc1c149afbf4c8996fb92427ae41e4649b934ca495991b7852b855,a8479985ccc7dfeaed9130ae3105be2f72325ddff03a79c61113098a92117d57,696355a5d230f7607fccf47600c3149601c3fe872aaebc65fde3ff9da7d61f28,factorized,factorized,False,,,0,0d9e5fdba57c30b9b0e238876011815027bab365040d0c605f74fba1987f67c5,b45f6d311a33a790cfe03615f347a4626e5c0a6412309c39e4d07882f98a09c0,770c3d348365b7f744f2eaee964b61cc57615c10f8ca9a47a061ac03ee1c343e
cath663,1mowG,1mow,G,sword2-rust,factorized,factorized-accuracy,,,False,0,0.43120428593829274,10532,"[""/home/chili/cretin/PROJECTS/SWORD2/target/release/sword2"",""-i"",""/home/chili/cretin/PROJECTS/SWORD2/benchmark/cache/chains/1mowG.pdb"",""-o"",""/home/chili/cretin/PROJECTS/SWORD2/benchmark/results_factorized_locked_model_attempt6/raw/sword2-rust/1mowG"",""-j"",""1"",""--use-factorized-ranker""]","[""<binary>"",""-i"",""<input_structure>"",""-o"",""<process_output>"",""-j"",""1"",""--use-factorized-ranker""]",repository_root,bbc9afa2c380a0d45d830263c97fe2ed0d4ac48b64906a8765cb8e267cce7e93,raw/sword2-rust/1mowG/1mowG_G/summary.json,d24906207bb53ab490c155520505d2b6a2583d2cd578c7f7221066a2c4b491d7,e3b0c44298fc1c149afbf4c8996fb92427ae41e4649b934ca495991b7852b855,2af91143b306c72b40f49da030956be7736e7acb964fa7e238a56ede71e9b9c8,696355a5d230f7607fccf47600c3149601c3fe872aaebc65fde3ff9da7d61f28,factorized,factorized,False,,,0,0d9e5fdba57c30b9b0e238876011815027bab365040d0c605f74fba1987f67c5,b45f6d311a33a790cfe03615f347a4626e5c0a6412309c39e4d07882f98a09c0,770c3d348365b7f744f2eaee964b61cc57615c10f8ca9a47a061ac03ee1c343e
cath663,1mqsA,1mqs,A,sword2-rust,factorized,factorized-accuracy,,,False,0,1.1197074400261045,35496,"[""/home/chili/cretin/PROJECTS/SWORD2/target/release/sword2"",""-i"",""/home/chili/cretin/PROJECTS/SWORD2/benchmark/cache/chains/1mqsA.pdb"",""-o"",""/home/chili/cretin/PROJECTS/SWORD2/benchmark/results_factorized_locked_model_attempt6/raw/sword2-rust/1mqsA"",""-j"",""1"",""--use-factorized-ranker""]","[""<binary>"",""-i"",""<input_structure>"",""-o"",""<process_output>"",""-j"",""1"",""--use-factorized-ranker""]",repository_root,37bc43dae62838f415dd9ba0013f80fec600eb2d3e66c51410673f51c3d11cfb,raw/sword2-rust/1mqsA/1mqsA_A/summary.json,4f9a85059282c3d9e5dc9209ff64b139737f40e1b0447f5bdf3bd1d396a28bac,e3b0c44298fc1c149afbf4c8996fb92427ae41e4649b934ca495991b7852b855,821c5a99e5927ec307cb2b47bd756719f03704b47b52bc43e5975afa2361df30,696355a5d230f7607fccf47600c3149601c3fe872aaebc65fde3ff9da7d61f28,factorized,factorized,False,,,0,0d9e5fdba57c30b9b0e238876011815027bab365040d0c605f74fba1987f67c5,b45f6d311a33a790cfe03615f347a4626e5c0a6412309c39e4d07882f98a09c0,770c3d348365b7f744f2eaee964b61cc57615c10f8ca9a47a061ac03ee1c343e
cath663,1mtyG,1mty,G,sword2-rust,factorized,factorized-accuracy,,,False,0,0.19341017166152596,10560,"[""/home/chili/cretin/PROJECTS/SWORD2/target/release/sword2"",""-i"",""/home/chili/cretin/PROJECTS/SWORD2/benchmark/cache/chains/1mtyG.pdb"",""-o"",""/home/chili/cretin/PROJECTS/SWORD2/benchmark/results_factorized_locked_model_attempt6/raw/sword2-rust/1mtyG"",""-j"",""1"",""--use-factorized-ranker""]","[""<binary>"",""-i"",""<input_structure>"",""-o"",""<process_output>"",""-j"",""1"",""--use-factorized-ranker""]",repository_root,dea09ca8ddbc22bce64f3e0dc1ac34b4609d129435cf960545387bae17dff9d3,raw/sword2-rust/1mtyG/1mtyG_G/summary.json,62121a861f5e92d4562a4d0d4c8c0fbc4d9de18e2cb466e69c2f963b8d1e0b59,e3b0c44298fc1c149afbf4c8996fb92427ae41e4649b934ca495991b7852b855,98e02d9b9636f3999cc7d34026169333d9ce8e8da4c719f3dae6b09404601d83,696355a5d230f7607fccf47600c3149601c3fe872aaebc65fde3ff9da7d61f28,factorized,factorized,False,,,0,0d9e5fdba57c30b9b0e238876011815027bab365040d0c605f74fba1987f67c5,b45f6d311a33a790cfe03615f347a4626e5c0a6412309c39e4d07882f98a09c0,770c3d348365b7f744f2eaee964b61cc57615c10f8ca9a47a061ac03ee1c343e
cath663,1n00A,1n00,A,sword2-rust,factorized,factorized-accuracy,,,False,0,0.5012614941224456,14848,"[""/home/chili/cretin/PROJECTS/SWORD2/target/release/sword2"",""-i"",""/home/chili/cretin/PROJECTS/SWORD2/benchmark/cache/chains/1n00A.pdb"",""-o"",""/home/chili/cretin/PROJECTS/SWORD2/benchmark/results_factorized_locked_model_attempt6/raw/sword2-rust/1n00A"",""-j"",""1"",""--use-factorized-ranker""]","[""<binary>"",""-i"",""<input_structure>"",""-o"",""<process_output>"",""-j"",""1"",""--use-factorized-ranker""]",repository_root,042dc3d9f1dcfe5387c15d2de94a9e9fdef289ca5fb5659ae1ffbb8037d53deb,raw/sword2-rust/1n00A/1n00A_A/summary.json,d52c0a8f431fb7a766172ad243e25e07aaa50d378ea719fc121cbda3ba206aaf,e3b0c44298fc1c149afbf4c8996fb92427ae41e4649b934ca495991b7852b855,e37478b82f14782589599a4a9ebd76e2c546c41530667ccbf2f6c33a648120fa,696355a5d230f7607fccf47600c3149601c3fe872aaebc65fde3ff9da7d61f28,factorized,factorized,False,,,0,0d9e5fdba57c30b9b0e238876011815027bab365040d0c605f74fba1987f67c5,b45f6d311a33a790cfe03615f347a4626e5c0a6412309c39e4d07882f98a09c0,770c3d348365b7f744f2eaee964b61cc57615c10f8ca9a47a061ac03ee1c343e
cath663,1n10A,1n10,A,sword2-rust,factorized,factorized-accuracy,,,False,0,0.2847068137489259,10880,"[""/home/chili/cretin/PROJECTS/SWORD2/target/release/sword2"",""-i"",""/home/chili/cretin/PROJECTS/SWORD2/benchmark/cache/chains/1n10A.pdb"",""-o"",""/home/chili/cretin/PROJECTS/SWORD2/benchmark/results_factorized_locked_model_attempt6/raw/sword2-rust/1n10A"",""-j"",""1"",""--use-factorized-ranker""]","[""<binary>"",""-i"",""<input_structure>"",""-o"",""<process_output>"",""-j"",""1"",""--use-factorized-ranker""]",repository_root,778bd6981a8c3f36bdb4fe6f9f66ff49fa23b1117e387f78193dded827547674,raw/sword2-rust/1n10A/1n10A_A/summary.json,49b1a4d11fc3e27ca0864397ad15894291749c4fde28c15c4cd31c53bbecc0f6,e3b0c44298fc1c149afbf4c8996fb92427ae41e4649b934ca495991b7852b855,0d9de543e2534ad118996223923addafffc36ddd8634c054972b0eafb13e3661,696355a5d230f7607fccf47600c3149601c3fe872aaebc65fde3ff9da7d61f28,factorized,factorized,False,,,0,0d9e5fdba57c30b9b0e238876011815027bab365040d0c605f74fba1987f67c5,b45f6d311a33a790cfe03615f347a4626e5c0a6412309c39e4d07882f98a09c0,770c3d348365b7f744f2eaee964b61cc57615c10f8ca9a47a061ac03ee1c343e
cath663,1n93X,1n93,X,sword2-rust,factorized,factorized-accuracy,,,False,0,0.6504786876030266,18048,"[""/home/chili/cretin/PROJECTS/SWORD2/target/release/sword2"",""-i"",""/home/chili/cretin/PROJECTS/SWORD2/benchmark/cache/chains/1n93X.pdb"",""-o"",""/home/chili/cretin/PROJECTS/SWORD2/benchmark/results_factorized_locked_model_attempt6/raw/sword2-rust/1n93X"",""-j"",""1"",""--use-factorized-ranker""]","[""<binary>"",""-i"",""<input_structure>"",""-o"",""<process_output>"",""-j"",""1"",""--use-factorized-ranker""]",repository_root,b691e1fae4bf4f6f9b1bba93dbf9886305a0f51c2ec51e22c32bfc26b907baef,raw/sword2-rust/1n93X/1n93X_X/summary.json,c8fb411dd332e8106c04f27cebabe9f15495924c0d7daaa853251e438fe7f91f,e3b0c44298fc1c149afbf4c8996fb92427ae41e4649b934ca495991b7852b855,4ae09be5a59d802019dc9328239bbfe216185f25165991ed8e73580922e50610,696355a5d230f7607fccf47600c3149601c3fe872aaebc65fde3ff9da7d61f28,factorized,factorized,False,,,0,0d9e5fdba57c30b9b0e238876011815027bab365040d0c605f74fba1987f67c5,b45f6d311a33a790cfe03615f347a4626e5c0a6412309c39e4d07882f98a09c0,770c3d348365b7f744f2eaee964b61cc57615c10f8ca9a47a061ac03ee1c343e
cath663,1na6A,1na6,A,sword2-rust,factorized,factorized-accuracy,,,False,0,0.715096250642091,21732,"[""/home/chili/cretin/PROJECTS/SWORD2/target/release/sword2"",""-i"",""/home/chili/cretin/PROJECTS/SWORD2/benchmark/cache/chains/1na6A.pdb"",""-o"",""/home/chili/cretin/PROJECTS/SWORD2/benchmark/results_factorized_locked_model_attempt6/raw/sword2-rust/1na6A"",""-j"",""1"",""--use-factorized-ranker""]","[""<binary>"",""-i"",""<input_structure>"",""-o"",""<process_output>"",""-j"",""1"",""--use-factorized-ranker""]",repository_root,03a735e74f58a5774ad88927c29e29e592c19aff96c06bde39e1a32f00f4ee37,raw/sword2-rust/1na6A/1na6A_A/summary.json,6f42e264b2dfc5f9788ff181bf1639942b71c9445326934cf0462a5cbb555401,e3b0c44298fc1c149afbf4c8996fb92427ae41e4649b934ca495991b7852b855,3b088d624d5adf0af445fcf7ea2922518669f914250cc407bf621faffdbef97e,696355a5d230f7607fccf47600c3149601c3fe872aaebc65fde3ff9da7d61f28,factorized,factorized,False,,,0,0d9e5fdba57c30b9b0e238876011815027bab365040d0c605f74fba1987f67c5,b45f6d311a33a790cfe03615f347a4626e5c0a6412309c39e4d07882f98a09c0,770c3d348365b7f744f2eaee964b61cc57615c10f8ca9a47a061ac03ee1c343e
cath663,1na6B,1na6,B,sword2-rust,factorized,factorized-accuracy,,,False,0,1.1663276902399957,31544,"[""/home/chili/cretin/PROJECTS/SWORD2/target/release/sword2"",""-i"",""/home/chili/cretin/PROJECTS/SWORD2/benchmark/cache/chains/1na6B.pdb"",""-o"",""/home/chili/cretin/PROJECTS/SWORD2/benchmark/results_factorized_locked_model_attempt6/raw/sword2-rust/1na6B"",""-j"",""1"",""--use-factorized-ranker""]","[""<binary>"",""-i"",""<input_structure>"",""-o"",""<process_output>"",""-j"",""1"",""--use-factorized-ranker""]",repository_root,468fab5af4c6aec3837b1fa2b374b3e5b6c60f4f050d98279df540049cfd34c1,raw/sword2-rust/1na6B/1na6B_B/summary.json,a6786feb6136497d69431f94f8047f83c8181d9ed6e543077a0c8e9c09428a97,e3b0c44298fc1c149afbf4c8996fb92427ae41e4649b934ca495991b7852b855,851712a00578a316bb559bfd28f5afa1932f7f69aa00257ef24da6b16b83fdc1,696355a5d230f7607fccf47600c3149601c3fe872aaebc65fde3ff9da7d61f28,factorized,factorized,False,,,0,0d9e5fdba57c30b9b0e238876011815027bab365040d0c605f74fba1987f67c5,b45f6d311a33a790cfe03615f347a4626e5c0a6412309c39e4d07882f98a09c0,770c3d348365b7f744f2eaee964b61cc57615c10f8ca9a47a061ac03ee1c343e
cath663,1ng6A,1ng6,A,sword2-rust,factorized,factorized-accuracy,,,False,0,0.13660668302327394,9600,"[""/home/chili/cretin/PROJECTS/SWORD2/target/release/sword2"",""-i"",""/home/chili/cretin/PROJECTS/SWORD2/benchmark/cache/chains/1ng6A.pdb"",""-o"",""/home/chili/cretin/PROJECTS/SWORD2/benchmark/results_factorized_locked_model_attempt6/raw/sword2-rust/1ng6A"",""-j"",""1"",""--use-factorized-ranker""]","[""<binary>"",""-i"",""<input_structure>"",""-o"",""<process_output>"",""-j"",""1"",""--use-factorized-ranker""]",repository_root,a392ea7068c8ee74185a893c1e2cc80d1b9bd676479df5aee08acc2e3bd9de74,raw/sword2-rust/1ng6A/1ng6A_A/summary.json,3537cfce575f635e707bb785ce0eb7c666b8be7c498f942256b05add7671f5a9,e3b0c44298fc1c149afbf4c8996fb92427ae41e4649b934ca495991b7852b855,388efffc943181343fab78e1ff50cc8eb825d616d9dc06623dc6cff12cf5964f,696355a5d230f7607fccf47600c3149601c3fe872aaebc65fde3ff9da7d61f28,factorized,factorized,False,,,0,0d9e5fdba57c30b9b0e238876011815027bab365040d0c605f74fba1987f67c5,b45f6d311a33a790cfe03615f347a4626e5c0a6412309c39e4d07882f98a09c0,770c3d348365b7f744f2eaee964b61cc57615c10f8ca9a47a061ac03ee1c343e
cath663,1o2dA,1o2d,A,sword2-rust,factorized,factorized-accuracy,,,False,0,0.4341140282340348,21268,"[""/home/chili/cretin/PROJECTS/SWORD2/target/release/sword2"",""-i"",""/home/chili/cretin/PROJECTS/SWORD2/benchmark/cache/chains/1o2dA.pdb"",""-o"",""/home/chili/cretin/PROJECTS/SWORD2/benchmark/results_factorized_locked_model_attempt6/raw/sword2-rust/1o2dA"",""-j"",""1"",""--use-factorized-ranker""]","[""<binary>"",""-i"",""<input_structure>"",""-o"",""<process_output>"",""-j"",""1"",""--use-factorized-ranker""]",repository_root,bd29a16ca09db6186cde8c77d3ca4073fdf29df63c58c6ff5e0e128593017b98,raw/sword2-rust/1o2dA/1o2dA_A/summary.json,2ee7c810dbec62c42094065e668afe5e13995c3e97f3089ce9e0b7f1599e2143,e3b0c44298fc1c149afbf4c8996fb92427ae41e4649b934ca495991b7852b855,cf52f5f42f5e12404a3da27a505728cbb6c373d1968f8925db0661cb5393abcb,58f1b0158d545f247ea44630c6af8bde6352f01b2f3c1ecfc50cddc45bccca86,factorized,legacy,True,structural_quality_abstention,factorized_fallback,0,0d9e5fdba57c30b9b0e238876011815027bab365040d0c605f74fba1987f67c5,b45f6d311a33a790cfe03615f347a4626e5c0a6412309c39e4d07882f98a09c0,770c3d348365b7f744f2eaee964b61cc57615c10f8ca9a47a061ac03ee1c343e
cath663,1o7xA,1o7x,A,sword2-rust,factorized,factorized-accuracy,,,False,0,0.6823404529131949,23620,"[""/home/chili/cretin/PROJECTS/SWORD2/target/release/sword2"",""-i"",""/home/chili/cretin/PROJECTS/SWORD2/benchmark/cache/chains/1o7xA.pdb"",""-o"",""/home/chili/cretin/PROJECTS/SWORD2/benchmark/results_factorized_locked_model_attempt6/raw/sword2-rust/1o7xA"",""-j"",""1"",""--use-factorized-ranker""]","[""<binary>"",""-i"",""<input_structure>"",""-o"",""<process_output>"",""-j"",""1"",""--use-factorized-ranker""]",repository_root,a58410f175babee7b31401009239090172cd95491c5ed1939fa1f233bd236706,raw/sword2-rust/1o7xA/1o7xA_A/summary.json,a302b40e71c45d4d21a3ef1917905d53d9699e3bf7fde116fbf1d935211c4f81,e3b0c44298fc1c149afbf4c8996fb92427ae41e4649b934ca495991b7852b855,033b9c9e3a1c5c13b0ac330c24204b519467c4cd54311e6a00b1fbb389f6dc17,696355a5d230f7607fccf47600c3149601c3fe872aaebc65fde3ff9da7d61f28,factorized,factorized,False,,,0,0d9e5fdba57c30b9b0e238876011815027bab365040d0c605f74fba1987f67c5,b45f6d311a33a790cfe03615f347a4626e5c0a6412309c39e4d07882f98a09c0,770c3d348365b7f744f2eaee964b61cc57615c10f8ca9a47a061ac03ee1c343e
cath663,1ofwA,1ofw,A,sword2-rust,factorized,factorized-accuracy,,,False,0,0.28173007955774665,11976,"[""/home/chili/cretin/PROJECTS/SWORD2/target/release/sword2"",""-i"",""/home/chili/cretin/PROJECTS/SWORD2/benchmark/cache/chains/1ofwA.pdb"",""-o"",""/home/chili/cretin/PROJECTS/SWORD2/benchmark/results_factorized_locked_model_attempt6/raw/sword2-rust/1ofwA"",""-j"",""1"",""--use-factorized-ranker""]","[""<binary>"",""-i"",""<input_structure>"",""-o"",""<process_output>"",""-j"",""1"",""--use-factorized-ranker""]",repository_root,9e7f1cc44744f82cf7c5b9322b0ee19437fed3b6e539a9e4d71ffcb687f84050,raw/sword2-rust/1ofwA/1ofwA_A/summary.json,c33a1e11c26b38265d4026f7b4b80fb609c8479579b0cd1e2ee7153f20935db1,e3b0c44298fc1c149afbf4c8996fb92427ae41e4649b934ca495991b7852b855,0cf76a04648c092ff23c569431cb2b85067aa2cc2941eeb29acec2549afe035f,58f1b0158d545f247ea44630c6af8bde6352f01b2f3c1ecfc50cddc45bccca86,factorized,legacy,True,structural_quality_abstention,factorized_fallback,0,0d9e5fdba57c30b9b0e238876011815027bab365040d0c605f74fba1987f67c5,b45f6d311a33a790cfe03615f347a4626e5c0a6412309c39e4d07882f98a09c0,770c3d348365b7f744f2eaee964b61cc57615c10f8ca9a47a061ac03ee1c343e
cath663,1oglA,1ogl,A,sword2-rust,factorized,factorized-accuracy,,,False,0,0.5421546087600291,12332,"[""/home/chili/cretin/PROJECTS/SWORD2/target/release/sword2"",""-i"",""/home/chili/cretin/PROJECTS/SWORD2/benchmark/cache/chains/1oglA.pdb"",""-o"",""/home/chili/cretin/PROJECTS/SWORD2/benchmark/results_factorized_locked_model_attempt6/raw/sword2-rust/1oglA"",""-j"",""1"",""--use-factorized-ranker""]","[""<binary>"",""-i"",""<input_structure>"",""-o"",""<process_output>"",""-j"",""1"",""--use-factorized-ranker""]",repository_root,cb011b02a5e50a1f3f7fb2a5b305b72714ced709f09f4d4dc1f7a73a8a0c6a8f,raw/sword2-rust/1oglA/1oglA_A/summary.json,212ea4b0ef808973baa68d5dd757ddaa71eb8bde1bb4ffcf56be4622a2c4ae6f,e3b0c44298fc1c149afbf4c8996fb92427ae41e4649b934ca495991b7852b855,11a6673213647aaaabf731df18566e0695e3666d693edba7542c34b3bd065294,696355a5d230f7607fccf47600c3149601c3fe872aaebc65fde3ff9da7d61f28,factorized,factorized,False,,,0,0d9e5fdba57c30b9b0e238876011815027bab365040d0c605f74fba1987f67c5,b45f6d311a33a790cfe03615f347a4626e5c0a6412309c39e4d07882f98a09c0,770c3d348365b7f744f2eaee964b61cc57615c10f8ca9a47a061ac03ee1c343e
cath663,1owbA,1owb,A,sword2-rust,factorized,factorized-accuracy,,,False,0,0.9584164982661605,26776,"[""/home/chili/cretin/PROJECTS/SWORD2/target/release/sword2"",""-i"",""/home/chili/cretin/PROJECTS/SWORD2/benchmark/cache/chains/1owbA.pdb"",""-o"",""/home/chili/cretin/PROJECTS/SWORD2/benchmark/results_factorized_locked_model_attempt6/raw/sword2-rust/1owbA"",""-j"",""1"",""--use-factorized-ranker""]","[""<binary>"",""-i"",""<input_structure>"",""-o"",""<process_output>"",""-j"",""1"",""--use-factorized-ranker""]",repository_root,24eebdc8c5efe727772b74af6d1fc8f2bc51c7c64d8832f23c32580ea7dd2c85,raw/sword2-rust/1owbA/1owbA_A/summary.json,30788e5f6994831b2f9808806bd27f2deec3a7086ba2d11633dabed2cd92d130,e3b0c44298fc1c149afbf4c8996fb92427ae41e4649b934ca495991b7852b855,5e2c1a81af3cbfe2b293fe7d1d6c55e0383bb4786171aad3fe6f7d39b99cd243,696355a5d230f7607fccf47600c3149601c3fe872aaebc65fde3ff9da7d61f28,factorized,factorized,False,,,0,0d9e5fdba57c30b9b0e238876011815027bab365040d0c605f74fba1987f67c5,b45f6d311a33a790cfe03615f347a4626e5c0a6412309c39e4d07882f98a09c0,770c3d348365b7f744f2eaee964b61cc57615c10f8ca9a47a061ac03ee1c343e
cath663,1pprM,1ppr,M,sword2-rust,factorized,factorized-accuracy,,,False,0,0.5011576870456338,15536,"[""/home/chili/cretin/PROJECTS/SWORD2/target/release/sword2"",""-i"",""/home/chili/cretin/PROJECTS/SWORD2/benchmark/cache/chains/1pprM.pdb"",""-o"",""/home/chili/cretin/PROJECTS/SWORD2/benchmark/results_factorized_locked_model_attempt6/raw/sword2-rust/1pprM"",""-j"",""1"",""--use-factorized-ranker""]","[""<binary>"",""-i"",""<input_structure>"",""-o"",""<process_output>"",""-j"",""1"",""--use-factorized-ranker""]",repository_root,1a368a688f5e584860afa84353af451e3514db08cb9482442f7ee56e8d4beb46,raw/sword2-rust/1pprM/1pprM_M/summary.json,770fc901b43dfd029ac8d8fd252c0316f92457db1ab0535c3d91cae8f88ff171,e3b0c44298fc1c149afbf4c8996fb92427ae41e4649b934ca495991b7852b855,93f9cb329f4f2600f86790c077882ed1af8e66b48c80a24281c329f880b5d1ef,696355a5d230f7607fccf47600c3149601c3fe872aaebc65fde3ff9da7d61f28,factorized,factorized,False,,,0,0d9e5fdba57c30b9b0e238876011815027bab365040d0c605f74fba1987f67c5,b45f6d311a33a790cfe03615f347a4626e5c0a6412309c39e4d07882f98a09c0,770c3d348365b7f744f2eaee964b61cc57615c10f8ca9a47a061ac03ee1c343e
cath663,1pq4A,1pq4,A,sword2-rust,factorized,factorized-accuracy,,,False,0,0.4911590558476746,12160,"[""/home/chili/cretin/PROJECTS/SWORD2/target/release/sword2"",""-i"",""/home/chili/cretin/PROJECTS/SWORD2/benchmark/cache/chains/1pq4A.pdb"",""-o"",""/home/chili/cretin/PROJECTS/SWORD2/benchmark/results_factorized_locked_model_attempt6/raw/sword2-rust/1pq4A"",""-j"",""1"",""--use-factorized-ranker""]","[""<binary>"",""-i"",""<input_structure>"",""-o"",""<process_output>"",""-j"",""1"",""--use-factorized-ranker""]",repository_root,e575f6493141bf0781e809403b377cbdee82c1c8fedbe15fad9810d8ab67d206,raw/sword2-rust/1pq4A/1pq4A_A/summary.json,2ed26c7332260fea2606c5f5d38d138354bfd985250442cb5fff698fd34b1a27,e3b0c44298fc1c149afbf4c8996fb92427ae41e4649b934ca495991b7852b855,84d9315a7edfe7728540eb1e31592acbc2492f20cb3d420916d5bf0404036eb9,696355a5d230f7607fccf47600c3149601c3fe872aaebc65fde3ff9da7d61f28,factorized,factorized,False,,,0,0d9e5fdba57c30b9b0e238876011815027bab365040d0c605f74fba1987f67c5,b45f6d311a33a790cfe03615f347a4626e5c0a6412309c39e4d07882f98a09c0,770c3d348365b7f744f2eaee964b61cc57615c10f8ca9a47a061ac03ee1c343e
cath663,1q5nA,1q5n,A,sword2-rust,factorized,factorized-accuracy,,,False,0,0.934841388836503,28876,"[""/home/chili/cretin/PROJECTS/SWORD2/target/release/sword2"",""-i"",""/home/chili/cretin/PROJECTS/SWORD2/benchmark/cache/chains/1q5nA.pdb"",""-o"",""/home/chili/cretin/PROJECTS/SWORD2/benchmark/results_factorized_locked_model_attempt6/raw/sword2-rust/1q5nA"",""-j"",""1"",""--use-factorized-ranker""]","[""<binary>"",""-i"",""<input_structure>"",""-o"",""<process_output>"",""-j"",""1"",""--use-factorized-ranker""]",repository_root,0ff77c659163ce16c3e42a92042d8bc40f383d61901495800d1d9f6cc6d68d37,raw/sword2-rust/1q5nA/1q5nA_A/summary.json,1e399038cb28f01e8f0d3e39d93c46108b930ad13bdb67faa76f3786fee13570,e3b0c44298fc1c149afbf4c8996fb92427ae41e4649b934ca495991b7852b855,568f996dfd4cfffb3e9c3b1fbaff1c794102ca0944c3e809d5718f6da9dbfee7,696355a5d230f7607fccf47600c3149601c3fe872aaebc65fde3ff9da7d61f28,factorized,factorized,False,,,0,0d9e5fdba57c30b9b0e238876011815027bab365040d0c605f74fba1987f67c5,b45f6d311a33a790cfe03615f347a4626e5c0a6412309c39e4d07882f98a09c0,770c3d348365b7f744f2eaee964b61cc57615c10f8ca9a47a061ac03ee1c343e
cath663,1qguA,1qgu,A,sword2-rust,factorized,factorized-accuracy,,,False,0,1.0395584651269019,36884,"[""/home/chili/cretin/PROJECTS/SWORD2/target/release/sword2"",""-i"",""/home/chili/cretin/PROJECTS/SWORD2/benchmark/cache/chains/1qguA.pdb"",""-o"",""/home/chili/cretin/PROJECTS/SWORD2/benchmark/results_factorized_locked_model_attempt6/raw/sword2-rust/1qguA"",""-j"",""1"",""--use-factorized-ranker""]","[""<binary>"",""-i"",""<input_structure>"",""-o"",""<process_output>"",""-j"",""1"",""--use-factorized-ranker""]",repository_root,9dc36fffafbe471b7a518227a50c97645b5dff78a2de1cf6dee37317e379ba41,raw/sword2-rust/1qguA/1qguA_A/summary.json,d272d1f839ac75f2729e78cce886e8dcddbaeae3f24c0286a745219be937828b,e3b0c44298fc1c149afbf4c8996fb92427ae41e4649b934ca495991b7852b855,a4dece187d962ef6f39650a22be1b489487ce727c3bfda6ea24357ed5eeaa659,696355a5d230f7607fccf47600c3149601c3fe872aaebc65fde3ff9da7d61f28,factorized,factorized,False,,,0,0d9e5fdba57c30b9b0e238876011815027bab365040d0c605f74fba1987f67c5,b45f6d311a33a790cfe03615f347a4626e5c0a6412309c39e4d07882f98a09c0,770c3d348365b7f744f2eaee964b61cc57615c10f8ca9a47a061ac03ee1c343e
cath663,1qh4A,1qh4,A,sword2-rust,factorized,factorized-accuracy,,,False,0,0.6970481793396175,22976,"[""/home/chili/cretin/PROJECTS/SWORD2/target/release/sword2"",""-i"",""/home/chili/cretin/PROJECTS/SWORD2/benchmark/cache/chains/1qh4A.pdb"",""-o"",""/home/chili/cretin/PROJECTS/SWORD2/benchmark/results_factorized_locked_model_attempt6/raw/sword2-rust/1qh4A"",""-j"",""1"",""--use-factorized-ranker""]","[""<binary>"",""-i"",""<input_structure>"",""-o"",""<process_output>"",""-j"",""1"",""--use-factorized-ranker""]",repository_root,fab9f1b41baeca38b63d89f93be735c834329485b1ddf7238417761d9987efee,raw/sword2-rust/1qh4A/1qh4A_A/summary.json,e622c5b82a7e3a63b8759e2987a6be2b3bf399af720df679557e7a6b258f253f,e3b0c44298fc1c149afbf4c8996fb92427ae41e4649b934ca495991b7852b855,8d3a18ef649b2f1cd37387212bea2e87d6dfb109266dca6ef3a89c149da49fa6,696355a5d230f7607fccf47600c3149601c3fe872aaebc65fde3ff9da7d61f28,factorized,factorized,False,,,0,0d9e5fdba57c30b9b0e238876011815027bab365040d0c605f74fba1987f67c5,b45f6d311a33a790cfe03615f347a4626e5c0a6412309c39e4d07882f98a09c0,770c3d348365b7f744f2eaee964b61cc57615c10f8ca9a47a061ac03ee1c343e
cath663,1qk1A,1qk1,A,sword2-rust,factorized,factorized-accuracy,,,False,0,0.6820668326690793,22356,"[""/home/chili/cretin/PROJECTS/SWORD2/target/release/sword2"",""-i"",""/home/chili/cretin/PROJECTS/SWORD2/benchmark/cache/chains/1qk1A.pdb"",""-o"",""/home/chili/cretin/PROJECTS/SWORD2/benchmark/results_factorized_locked_model_attempt6/raw/sword2-rust/1qk1A"",""-j"",""1"",""--use-factorized-ranker""]","[""<binary>"",""-i"",""<input_structure>"",""-o"",""<process_output>"",""-j"",""1"",""--use-factorized-ranker""]",repository_root,eb3a6edbb6043b9ba2f0757cd96b647705b3cbf79268b647c98a64aa8b157ad6,raw/sword2-rust/1qk1A/1qk1A_A/summary.json,3ff0c93922816f7eb0075889c0a021e05ecba89d5aa1d7db4c44884f46fd2410,e3b0c44298fc1c149afbf4c8996fb92427ae41e4649b934ca495991b7852b855,6b4d27adcdfea2ee8b92b15d5ee6c829f58d9d27fc16a24584c76b81b3a86f7d,696355a5d230f7607fccf47600c3149601c3fe872aaebc65fde3ff9da7d61f28,factorized,factorized,False,,,0,0d9e5fdba57c30b9b0e238876011815027bab365040d0c605f74fba1987f67c5,b45f6d311a33a790cfe03615f347a4626e5c0a6412309c39e4d07882f98a09c0,770c3d348365b7f744f2eaee964b61cc57615c10f8ca9a47a061ac03ee1c343e
cath663,1qyaB,1qya,B,sword2-rust,factorized,factorized-accuracy,,,False,0,0.45026890514418483,14000,"[""/home/chili/cretin/PROJECTS/SWORD2/target/release/sword2"",""-i"",""/home/chili/cretin/PROJECTS/SWORD2/benchmark/cache/chains/1qyaB.pdb"",""-o"",""/home/chili/cretin/PROJECTS/SWORD2/benchmark/results_factorized_locked_model_attempt6/raw/sword2-rust/1qyaB"",""-j"",""1"",""--use-factorized-ranker""]","[""<binary>"",""-i"",""<input_structure>"",""-o"",""<process_output>"",""-j"",""1"",""--use-factorized-ranker""]",repository_root,619fcf4637fdab079c3933fffc86be5851e907d9591dada27b4e875323517034,raw/sword2-rust/1qyaB/1qyaB_B/summary.json,1247012051128a4f000f1b7ed7220bbcf92fa7d53499181c851f28bb75fb0880,e3b0c44298fc1c149afbf4c8996fb92427ae41e4649b934ca495991b7852b855,f8d2ba7debee2f3260a890cf6555525545093b2d799c874d8685cc12b572b7ee,696355a5d230f7607fccf47600c3149601c3fe872aaebc65fde3ff9da7d61f28,factorized,factorized,False,,,0,0d9e5fdba57c30b9b0e238876011815027bab365040d0c605f74fba1987f67c5,b45f6d311a33a790cfe03615f347a4626e5c0a6412309c39e4d07882f98a09c0,770c3d348365b7f744f2eaee964b61cc57615c10f8ca9a47a061ac03ee1c343e
cath663,1r5jA,1r5j,A,sword2-rust,factorized,factorized-accuracy,,,False,0,0.5635317927226424,17320,"[""/home/chili/cretin/PROJECTS/SWORD2/target/release/sword2"",""-i"",""/home/chili/cretin/PROJECTS/SWORD2/benchmark/cache/chains/1r5jA.pdb"",""-o"",""/home/chili/cretin/PROJECTS/SWORD2/benchmark/results_factorized_locked_model_attempt6/raw/sword2-rust/1r5jA"",""-j"",""1"",""--use-factorized-ranker""]","[""<binary>"",""-i"",""<input_structure>"",""-o"",""<process_output>"",""-j"",""1"",""--use-factorized-ranker""]",repository_root,9c3357e5c223d179f6d819fde1b18b3225d1ceffb6bf34def6e69481a07f6bf6,raw/sword2-rust/1r5jA/1r5jA_A/summary.json,d77c9937767b7377f44a25d95b74c6089da948e16ec42e9772a708b5e59c3fc3,e3b0c44298fc1c149afbf4c8996fb92427ae41e4649b934ca495991b7852b855,1887c7d49a6a447a9c0ca115ef410f8a72b78ee4a951efe16f2adbbd9b0e7abe,696355a5d230f7607fccf47600c3149601c3fe872aaebc65fde3ff9da7d61f28,factorized,factorized,False,,,0,0d9e5fdba57c30b9b0e238876011815027bab365040d0c605f74fba1987f67c5,b45f6d311a33a790cfe03615f347a4626e5c0a6412309c39e4d07882f98a09c0,770c3d348365b7f744f2eaee964b61cc57615c10f8ca9a47a061ac03ee1c343e
cath663,1r6nA,1r6n,A,sword2-rust,factorized,factorized-accuracy,,,False,0,0.22948360815644264,10880,"[""/home/chili/cretin/PROJECTS/SWORD2/target/release/sword2"",""-i"",""/home/chili/cretin/PROJECTS/SWORD2/benchmark/cache/chains/1r6nA.pdb"",""-o"",""/home/chili/cretin/PROJECTS/SWORD2/benchmark/results_factorized_locked_model_attempt6/raw/sword2-rust/1r6nA"",""-j"",""1"",""--use-factorized-ranker""]","[""<binary>"",""-i"",""<input_structure>"",""-o"",""<process_output>"",""-j"",""1"",""--use-factorized-ranker""]",repository_root,080bd9f04083cce7b137568d64845f5b8f0135df130e86102fcab7c28483fd45,raw/sword2-rust/1r6nA/1r6nA_A/summary.json,52cf2be31424a263472b9b4d4e4e6bf3faee240a98b7f6f88a5139aef08dc37d,e3b0c44298fc1c149afbf4c8996fb92427ae41e4649b934ca495991b7852b855,33f526c8869e275d165dd2c66cfb8862cd25b4489607079fa1d6a12972fdb670,696355a5d230f7607fccf47600c3149601c3fe872aaebc65fde3ff9da7d61f28,factorized,factorized,False,,,0,0d9e5fdba57c30b9b0e238876011815027bab365040d0c605f74fba1987f67c5,b45f6d311a33a790cfe03615f347a4626e5c0a6412309c39e4d07882f98a09c0,770c3d348365b7f744f2eaee964b61cc57615c10f8ca9a47a061ac03ee1c343e
cath663,1re3B,1re3,B,sword2-rust,factorized,factorized-accuracy,,,False,0,0.30854964908212423,13936,"[""/home/chili/cretin/PROJECTS/SWORD2/target/release/sword2"",""-i"",""/home/chili/cretin/PROJECTS/SWORD2/benchmark/cache/chains/1re3B.pdb"",""-o"",""/home/chili/cretin/PROJECTS/SWORD2/benchmark/results_factorized_locked_model_attempt6/raw/sword2-rust/1re3B"",""-j"",""1"",""--use-factorized-ranker""]","[""<binary>"",""-i"",""<input_structure>"",""-o"",""<process_output>"",""-j"",""1"",""--use-factorized-ranker""]",repository_root,73336a5121d095b92e7d1489a72667cdaceda16bff04c383dc303554a54b906d,raw/sword2-rust/1re3B/1re3B_B/summary.json,6640b51f26b63229be0b30cf90893515c209438f83584ee6a00cffe7b8e441d3,e3b0c44298fc1c149afbf4c8996fb92427ae41e4649b934ca495991b7852b855,7c0e3b0270d1bdbc2cdd2270264184d15cd4f97caf91f4076af33513c48b1400,696355a5d230f7607fccf47600c3149601c3fe872aaebc65fde3ff9da7d61f28,factorized,factorized,False,,,0,0d9e5fdba57c30b9b0e238876011815027bab365040d0c605f74fba1987f67c5,b45f6d311a33a790cfe03615f347a4626e5c0a6412309c39e4d07882f98a09c0,770c3d348365b7f744f2eaee964b61cc57615c10f8ca9a47a061ac03ee1c343e
cath663,1re5A,1re5,A,sword2-rust,factorized,factorized-accuracy,,,False,0,1.013594332151115,32048,"[""/home/chili/cretin/PROJECTS/SWORD2/target/release/sword2"",""-i"",""/home/chili/cretin/PROJECTS/SWORD2/benchmark/cache/chains/1re5A.pdb"",""-o"",""/home/chili/cretin/PROJECTS/SWORD2/benchmark/results_factorized_locked_model_attempt6/raw/sword2-rust/1re5A"",""-j"",""1"",""--use-factorized-ranker""]","[""<binary>"",""-i"",""<input_structure>"",""-o"",""<process_output>"",""-j"",""1"",""--use-factorized-ranker""]",repository_root,72f38625634af38a22ff1f635cbf6513f815cb5686014b6404dffa5b5e252903,raw/sword2-rust/1re5A/1re5A_A/summary.json,5d22404e29a6fc93ba24a99369bacbb4381601336ad3a08b284868a246e0f235,e3b0c44298fc1c149afbf4c8996fb92427ae41e4649b934ca495991b7852b855,a2b2703aeca05cb5d46aeb89aeafca4668964cd73879bc251b34feb6286551cb,696355a5d230f7607fccf47600c3149601c3fe872aaebc65fde3ff9da7d61f28,factorized,factorized,False,,,0,0d9e5fdba57c30b9b0e238876011815027bab365040d0c605f74fba1987f67c5,b45f6d311a33a790cfe03615f347a4626e5c0a6412309c39e4d07882f98a09c0,770c3d348365b7f744f2eaee964b61cc57615c10f8ca9a47a061ac03ee1c343e
cath663,1re5D,1re5,D,sword2-rust,factorized,factorized-accuracy,,,False,0,1.0545083852484822,35440,"[""/home/chili/cretin/PROJECTS/SWORD2/target/release/sword2"",""-i"",""/home/chili/cretin/PROJECTS/SWORD2/benchmark/cache/chains/1re5D.pdb"",""-o"",""/home/chili/cretin/PROJECTS/SWORD2/benchmark/results_factorized_locked_model_attempt6/raw/sword2-rust/1re5D"",""-j"",""1"",""--use-factorized-ranker""]","[""<binary>"",""-i"",""<input_structure>"",""-o"",""<process_output>"",""-j"",""1"",""--use-factorized-ranker""]",repository_root,cefdd479887b53174ade10b11e88c920df39d23c735e84d323bc9a803e4c1ca2,raw/sword2-rust/1re5D/1re5D_D/summary.json,f0f55145f90c3f245031484358a10fd95829f3df04408b26733fbb73c1e81a25,e3b0c44298fc1c149afbf4c8996fb92427ae41e4649b934ca495991b7852b855,4aac0ef1b6dfb4f468c8789f0340f1bd8b732c06b8a5743ab55e296f49948c93,696355a5d230f7607fccf47600c3149601c3fe872aaebc65fde3ff9da7d61f28,factorized,factorized,False,,,0,0d9e5fdba57c30b9b0e238876011815027bab365040d0c605f74fba1987f67c5,b45f6d311a33a790cfe03615f347a4626e5c0a6412309c39e4d07882f98a09c0,770c3d348365b7f744f2eaee964b61cc57615c10f8ca9a47a061ac03ee1c343e
cath663,1ro2A,1ro2,A,sword2-rust,factorized,factorized-accuracy,,,False,0,0.2773221922107041,11344,"[""/home/chili/cretin/PROJECTS/SWORD2/target/release/sword2"",""-i"",""/home/chili/cretin/PROJECTS/SWORD2/benchmark/cache/chains/1ro2A.pdb"",""-o"",""/home/chili/cretin/PROJECTS/SWORD2/benchmark/results_factorized_locked_model_attempt6/raw/sword2-rust/1ro2A"",""-j"",""1"",""--use-factorized-ranker""]","[""<binary>"",""-i"",""<input_structure>"",""-o"",""<process_output>"",""-j"",""1"",""--use-factorized-ranker""]",repository_root,c74074768b8421a915a1abd805714bae48fd4ed5eb177620e3d69d4b99e2df1d,raw/sword2-rust/1ro2A/1ro2A_A/summary.json,9ce86e1d253bea26ed91ca5704b3455f5a0c65e63018e8fd8f2a3cb770c0f4ce,e3b0c44298fc1c149afbf4c8996fb92427ae41e4649b934ca495991b7852b855,314fc4a6bed225a37752180c1d82d2eb06b893e05f0c9a02ad38533ac9e55356,696355a5d230f7607fccf47600c3149601c3fe872aaebc65fde3ff9da7d61f28,factorized,factorized,False,,,0,0d9e5fdba57c30b9b0e238876011815027bab365040d0c605f74fba1987f67c5,b45f6d311a33a790cfe03615f347a4626e5c0a6412309c39e4d07882f98a09c0,770c3d348365b7f744f2eaee964b61cc57615c10f8ca9a47a061ac03ee1c343e
cath663,1s7jA,1s7j,A,sword2-rust,factorized,factorized-accuracy,,,False,0,0.2741821683011949,12044,"[""/home/chili/cretin/PROJECTS/SWORD2/target/release/sword2"",""-i"",""/home/chili/cretin/PROJECTS/SWORD2/benchmark/cache/chains/1s7jA.pdb"",""-o"",""/home/chili/cretin/PROJECTS/SWORD2/benchmark/results_factorized_locked_model_attempt6/raw/sword2-rust/1s7jA"",""-j"",""1"",""--use-factorized-ranker""]","[""<binary>"",""-i"",""<input_structure>"",""-o"",""<process_output>"",""-j"",""1"",""--use-factorized-ranker""]",repository_root,cd935123ed28fec35fb192cf76c6d342936b8343d26c2bf70db31d461054f7f6,raw/sword2-rust/1s7jA/1s7jA_A/summary.json,a04276cc121aa5f5686dcc77ea92dbd7aa6197f2a709cb92a4b27168c0235d6d,e3b0c44298fc1c149afbf4c8996fb92427ae41e4649b934ca495991b7852b855,f5cdd160e5c7ba9f198d56844a9eaa12a343575d2c816108be42e61e0fd46a88,696355a5d230f7607fccf47600c3149601c3fe872aaebc65fde3ff9da7d61f28,factorized,factorized,False,,,0,0d9e5fdba57c30b9b0e238876011815027bab365040d0c605f74fba1987f67c5,b45f6d311a33a790cfe03615f347a4626e5c0a6412309c39e4d07882f98a09c0,770c3d348365b7f744f2eaee964b61cc57615c10f8ca9a47a061ac03ee1c343e
cath663,1sdjA,1sdj,A,sword2-rust,factorized,factorized-accuracy,,,False,0,0.5534034268930554,13560,"[""/home/chili/cretin/PROJECTS/SWORD2/target/release/sword2"",""-i"",""/home/chili/cretin/PROJECTS/SWORD2/benchmark/cache/chains/1sdjA.pdb"",""-o"",""/home/chili/cretin/PROJECTS/SWORD2/benchmark/results_factorized_locked_model_attempt6/raw/sword2-rust/1sdjA"",""-j"",""1"",""--use-factorized-ranker""]","[""<binary>"",""-i"",""<input_structure>"",""-o"",""<process_output>"",""-j"",""1"",""--use-factorized-ranker""]",repository_root,420eccab1a896060b192f893e2a56e11a5429b53722db7bfe4e09f1d25d64559,raw/sword2-rust/1sdjA/1sdjA_A/summary.json,779823b9f84b78baeec0245259d5ca4dcb9e889b211ea03aeae77b1f4dd024b1,e3b0c44298fc1c149afbf4c8996fb92427ae41e4649b934ca495991b7852b855,41d5483db7781fe092d8bac3d979bb6a189669dc2f997ceb158ffce2d40d8183,696355a5d230f7607fccf47600c3149601c3fe872aaebc65fde3ff9da7d61f28,factorized,factorized,False,,,0,0d9e5fdba57c30b9b0e238876011815027bab365040d0c605f74fba1987f67c5,b45f6d311a33a790cfe03615f347a4626e5c0a6412309c39e4d07882f98a09c0,770c3d348365b7f744f2eaee964b61cc57615c10f8ca9a47a061ac03ee1c343e
cath663,1sg6A,1sg6,A,sword2-rust,factorized,factorized-accuracy,,,False,0,0.7336134477518499,22216,"[""/home/chili/cretin/PROJECTS/SWORD2/target/release/sword2"",""-i"",""/home/chili/cretin/PROJECTS/SWORD2/benchmark/cache/chains/1sg6A.pdb"",""-o"",""/home/chili/cretin/PROJECTS/SWORD2/benchmark/results_factorized_locked_model_attempt6/raw/sword2-rust/1sg6A"",""-j"",""1"",""--use-factorized-ranker""]","[""<binary>"",""-i"",""<input_structure>"",""-o"",""<process_output>"",""-j"",""1"",""--use-factorized-ranker""]",repository_root,9ff32babc0036d46c3cb17156e1d5d102ee8345ecefa98b1717f11f86e1e884e,raw/sword2-rust/1sg6A/1sg6A_A/summary.json,2c0dee2eb40d659dd1e0640fddc575b54908c8f87e806d00ec2147746079d33a,e3b0c44298fc1c149afbf4c8996fb92427ae41e4649b934ca495991b7852b855,125723d27f4aecc7534456465df51fb4a260d852756546d8907fce529581d4a2,696355a5d230f7607fccf47600c3149601c3fe872aaebc65fde3ff9da7d61f28,factorized,factorized,False,,,0,0d9e5fdba57c30b9b0e238876011815027bab365040d0c605f74fba1987f67c5,b45f6d311a33a790cfe03615f347a4626e5c0a6412309c39e4d07882f98a09c0,770c3d348365b7f744f2eaee964b61cc57615c10f8ca9a47a061ac03ee1c343e
cath663,1sujA,1suj,A,sword2-rust,factorized,factorized-accuracy,,,False,0,0.9327282891608775,26772,"[""/home/chili/cretin/PROJECTS/SWORD2/target/release/sword2"",""-i"",""/home/chili/cretin/PROJECTS/SWORD2/benchmark/cache/chains/1sujA.pdb"",""-o"",""/home/chili/cretin/PROJECTS/SWORD2/benchmark/results_factorized_locked_model_attempt6/raw/sword2-rust/1sujA"",""-j"",""1"",""--use-factorized-ranker""]","[""<binary>"",""-i"",""<input_structure>"",""-o"",""<process_output>"",""-j"",""1"",""--use-factorized-ranker""]",repository_root,8b92aa9ca01c4691dcd3c2e613ada5978a96b817e809ed95f9f4d5988016812d,raw/sword2-rust/1sujA/1sujA_A/summary.json,afa69c61af125f315b919886e262639f4a39fd551f2fe660b0cd2446fcf75582,e3b0c44298fc1c149afbf4c8996fb92427ae41e4649b934ca495991b7852b855,f91c11ad42b8dce4d991039374d680865616cbcecde582ede61f04abb4a28ff3,696355a5d230f7607fccf47600c3149601c3fe872aaebc65fde3ff9da7d61f28,factorized,factorized,False,,,0,0d9e5fdba57c30b9b0e238876011815027bab365040d0c605f74fba1987f67c5,b45f6d311a33a790cfe03615f347a4626e5c0a6412309c39e4d07882f98a09c0,770c3d348365b7f744f2eaee964b61cc57615c10f8ca9a47a061ac03ee1c343e
cath663,1sziA,1szi,A,sword2-rust,factorized,factorized-accuracy,,,False,0,0.4037777432240546,10580,"[""/home/chili/cretin/PROJECTS/SWORD2/target/release/sword2"",""-i"",""/home/chili/cretin/PROJECTS/SWORD2/benchmark/cache/chains/1sziA.pdb"",""-o"",""/home/chili/cretin/PROJECTS/SWORD2/benchmark/results_factorized_locked_model_attempt6/raw/sword2-rust/1sziA"",""-j"",""1"",""--use-factorized-ranker""]","[""<binary>"",""-i"",""<input_structure>"",""-o"",""<process_output>"",""-j"",""1"",""--use-factorized-ranker""]",repository_root,74534bb9fc0c0199749c0ad9dae0058ff87e09c88d5ee6f14b4f0cea6e2d6546,raw/sword2-rust/1sziA/1sziA_A/summary.json,87c8ae9bc063b35087454979f0668d999da9964962febd6775490391c6cb5754,e3b0c44298fc1c149afbf4c8996fb92427ae41e4649b934ca495991b7852b855,374bc7fa4f8e12f8875be5cb8ae979bae73974d515987d5d5c61d8a4b062fa62,696355a5d230f7607fccf47600c3149601c3fe872aaebc65fde3ff9da7d61f28,factorized,factorized,False,,,0,0d9e5fdba57c30b9b0e238876011815027bab365040d0c605f74fba1987f67c5,b45f6d311a33a790cfe03615f347a4626e5c0a6412309c39e4d07882f98a09c0,770c3d348365b7f744f2eaee964b61cc57615c10f8ca9a47a061ac03ee1c343e
cath663,1szqA,1szq,A,sword2-rust,factorized,factorized-accuracy,,,False,0,1.0593877262435853,27736,"[""/home/chili/cretin/PROJECTS/SWORD2/target/release/sword2"",""-i"",""/home/chili/cretin/PROJECTS/SWORD2/benchmark/cache/chains/1szqA.pdb"",""-o"",""/home/chili/cretin/PROJECTS/SWORD2/benchmark/results_factorized_locked_model_attempt6/raw/sword2-rust/1szqA"",""-j"",""1"",""--use-factorized-ranker""]","[""<binary>"",""-i"",""<input_structure>"",""-o"",""<process_output>"",""-j"",""1"",""--use-factorized-ranker""]",repository_root,a4347ce630a06d04e476236f343c709731b76f2ad74830ed17586855dfac6e86,raw/sword2-rust/1szqA/1szqA_A/summary.json,2364110ba78f0ea5be7b47d85ae1ea2f09656e24332a0a6cc0a81ee032cbaffc,e3b0c44298fc1c149afbf4c8996fb92427ae41e4649b934ca495991b7852b855,f79be1a81b50e5f37925b2f6fbbc53baf07a66fbf25af13761df65903c6e26b3,696355a5d230f7607fccf47600c3149601c3fe872aaebc65fde3ff9da7d61f28,factorized,factorized,False,,,0,0d9e5fdba57c30b9b0e238876011815027bab365040d0c605f74fba1987f67c5,b45f6d311a33a790cfe03615f347a4626e5c0a6412309c39e4d07882f98a09c0,770c3d348365b7f744f2eaee964b61cc57615c10f8ca9a47a061ac03ee1c343e
cath663,1szwA,1szw,A,sword2-rust,factorized,factorized-accuracy,,,False,0,0.6064804419875145,17176,"[""/home/chili/cretin/PROJECTS/SWORD2/target/release/sword2"",""-i"",""/home/chili/cretin/PROJECTS/SWORD2/benchmark/cache/chains/1szwA.pdb"",""-o"",""/home/chili/cretin/PROJECTS/SWORD2/benchmark/results_factorized_locked_model_attempt6/raw/sword2-rust/1szwA"",""-j"",""1"",""--use-factorized-ranker""]","[""<binary>"",""-i"",""<input_structure>"",""-o"",""<process_output>"",""-j"",""1"",""--use-factorized-ranker""]",repository_root,83cfee495967675fd2f18dc6860136e744e5d86dba2075874d6f6b3d517c59f5,raw/sword2-rust/1szwA/1szwA_A/summary.json,50ec956ee755f0073a598f8d1dc90148a678f82b05c98de62b47fd8e21b0b52d,e3b0c44298fc1c149afbf4c8996fb92427ae41e4649b934ca495991b7852b855,282ec2659bc029ab0a0bdafb87af9f2db19efc33b89ff739418b33d2fcd8592f,696355a5d230f7607fccf47600c3149601c3fe872aaebc65fde3ff9da7d61f28,factorized,factorized,False,,,0,0d9e5fdba57c30b9b0e238876011815027bab365040d0c605f74fba1987f67c5,b45f6d311a33a790cfe03615f347a4626e5c0a6412309c39e4d07882f98a09c0,770c3d348365b7f744f2eaee964b61cc57615c10f8ca9a47a061ac03ee1c343e
cath663,1t3uA,1t3u,A,sword2-rust,factorized,factorized-accuracy,,,False,0,0.17541225301101804,9280,"[""/home/chili/cretin/PROJECTS/SWORD2/target/release/sword2"",""-i"",""/home/chili/cretin/PROJECTS/SWORD2/benchmark/cache/chains/1t3uA.pdb"",""-o"",""/home/chili/cretin/PROJECTS/SWORD2/benchmark/results_factorized_locked_model_attempt6/raw/sword2-rust/1t3uA"",""-j"",""1"",""--use-factorized-ranker""]","[""<binary>"",""-i"",""<input_structure>"",""-o"",""<process_output>"",""-j"",""1"",""--use-factorized-ranker""]",repository_root,d36bfb2220b25716527860ce03690ddeb786d60c3caf7e955dd62b53c962cd6d,raw/sword2-rust/1t3uA/1t3uA_A/summary.json,e87c2879f9f766ba989fc299e7350fbfbad64812bee61131bafc379812a9eb0c,e3b0c44298fc1c149afbf4c8996fb92427ae41e4649b934ca495991b7852b855,c38e6b2a481a2b7e5c9261e16d430fbb9eb4ea2950e9ef8917a9ffe2df0293cf,696355a5d230f7607fccf47600c3149601c3fe872aaebc65fde3ff9da7d61f28,factorized,factorized,False,,,0,0d9e5fdba57c30b9b0e238876011815027bab365040d0c605f74fba1987f67c5,b45f6d311a33a790cfe03615f347a4626e5c0a6412309c39e4d07882f98a09c0,770c3d348365b7f744f2eaee964b61cc57615c10f8ca9a47a061ac03ee1c343e
cath663,1t3uB,1t3u,B,sword2-rust,factorized,factorized-accuracy,,,False,0,0.14531973330304027,8960,"[""/home/chili/cretin/PROJECTS/SWORD2/target/release/sword2"",""-i"",""/home/chili/cretin/PROJECTS/SWORD2/benchmark/cache/chains/1t3uB.pdb"",""-o"",""/home/chili/cretin/PROJECTS/SWORD2/benchmark/results_factorized_locked_model_attempt6/raw/sword2-rust/1t3uB"",""-j"",""1"",""--use-factorized-ranker""]","[""<binary>"",""-i"",""<input_structure>"",""-o"",""<process_output>"",""-j"",""1"",""--use-factorized-ranker""]",repository_root,383b46ed548a9494fa46d9a3f6106a89f694a3c4494fbdccae014dc666b4c863,raw/sword2-rust/1t3uB/1t3uB_B/summary.json,7bc572ff9207eed1601ea20dcd340f79c1194fcdd6423895ad6f0e5e526a5dd7,e3b0c44298fc1c149afbf4c8996fb92427ae41e4649b934ca495991b7852b855,3d69a3de3f243acadb4ab52b5d88cc87b7dc4469141dd8e62ac2e50e4a66c49c,696355a5d230f7607fccf47600c3149601c3fe872aaebc65fde3ff9da7d61f28,factorized,factorized,False,,,0,0d9e5fdba57c30b9b0e238876011815027bab365040d0c605f74fba1987f67c5,b45f6d311a33a790cfe03615f347a4626e5c0a6412309c39e4d07882f98a09c0,770c3d348365b7f744f2eaee964b61cc57615c10f8ca9a47a061ac03ee1c343e
cath663,1t8sA,1t8s,A,sword2-rust,factorized,factorized-accuracy,,,False,0,0.9139747028239071,33520,"[""/home/chili/cretin/PROJECTS/SWORD2/target/release/sword2"",""-i"",""/home/chili/cretin/PROJECTS/SWORD2/benchmark/cache/chains/1t8sA.pdb"",""-o"",""/home/chili/cretin/PROJECTS/SWORD2/benchmark/results_factorized_locked_model_attempt6/raw/sword2-rust/1t8sA"",""-j"",""1"",""--use-factorized-ranker""]","[""<binary>"",""-i"",""<input_structure>"",""-o"",""<process_output>"",""-j"",""1"",""--use-factorized-ranker""]",repository_root,869f635ea3b299970c27e3bb47f7acf7ecb3e5c46c5e1c81bf4e09a008a09802,raw/sword2-rust/1t8sA/1t8sA_A/summary.json,864d2ba3a2321a19da266599f854eee3b2fa22bdbdbfeeb435770004e3d00236,e3b0c44298fc1c149afbf4c8996fb92427ae41e4649b934ca495991b7852b855,2fe9c63109c5f238742c639658536bc612529540ade777d710675992d4eef86a,696355a5d230f7607fccf47600c3149601c3fe872aaebc65fde3ff9da7d61f28,factorized,factorized,False,,,0,0d9e5fdba57c30b9b0e238876011815027bab365040d0c605f74fba1987f67c5,b45f6d311a33a790cfe03615f347a4626e5c0a6412309c39e4d07882f98a09c0,770c3d348365b7f744f2eaee964b61cc57615c10f8ca9a47a061ac03ee1c343e
cath663,1ta9A,1ta9,A,sword2-rust,factorized,factorized-accuracy,,,False,0,0.6974646551534534,22676,"[""/home/chili/cretin/PROJECTS/SWORD2/target/release/sword2"",""-i"",""/home/chili/cretin/PROJECTS/SWORD2/benchmark/cache/chains/1ta9A.pdb"",""-o"",""/home/chili/cretin/PROJECTS/SWORD2/benchmark/results_factorized_locked_model_attempt6/raw/sword2-rust/1ta9A"",""-j"",""1"",""--use-factorized-ranker""]","[""<binary>"",""-i"",""<input_structure>"",""-o"",""<process_output>"",""-j"",""1"",""--use-factorized-ranker""]",repository_root,e7cf8fb2452be3d8b15812bab34052f4cf48514fafc66b942538a428059e7507,raw/sword2-rust/1ta9A/1ta9A_A/summary.json,d1f7300b9fb18d6a72be8f803440810d4e394ed601f89a7565260b6c8567e0e1,e3b0c44298fc1c149afbf4c8996fb92427ae41e4649b934ca495991b7852b855,435cc1b12217c5acee80d998cd155952fb623a37d5937c1698f5d11a04cb8120,696355a5d230f7607fccf47600c3149601c3fe872aaebc65fde3ff9da7d61f28,factorized,factorized,False,,,0,0d9e5fdba57c30b9b0e238876011815027bab365040d0c605f74fba1987f67c5,b45f6d311a33a790cfe03615f347a4626e5c0a6412309c39e4d07882f98a09c0,770c3d348365b7f744f2eaee964b61cc57615c10f8ca9a47a061ac03ee1c343e
cath663,1ta9B,1ta9,B,sword2-rust,factorized,factorized-accuracy,,,False,0,0.7273803949356079,23688,"[""/home/chili/cretin/PROJECTS/SWORD2/target/release/sword2"",""-i"",""/home/chili/cretin/PROJECTS/SWORD2/benchmark/cache/chains/1ta9B.pdb"",""-o"",""/home/chili/cretin/PROJECTS/SWORD2/benchmark/results_factorized_locked_model_attempt6/raw/sword2-rust/1ta9B"",""-j"",""1"",""--use-factorized-ranker""]","[""<binary>"",""-i"",""<input_structure>"",""-o"",""<process_output>"",""-j"",""1"",""--use-factorized-ranker""]",repository_root,865ea2c37e132cc86cd4a8bf9bb3c2ecd63f2b63c8606d5f944a4ca0054cb9b1,raw/sword2-rust/1ta9B/1ta9B_B/summary.json,9e4f9d5ae80fc309b19cf7803dd2bd7abc10e138da2824fb298b94334c7833c9,e3b0c44298fc1c149afbf4c8996fb92427ae41e4649b934ca495991b7852b855,2805b76a5650c876867eba6ba872463004632311148da4177a498f5a208636de,696355a5d230f7607fccf47600c3149601c3fe872aaebc65fde3ff9da7d61f28,factorized,factorized,False,,,0,0d9e5fdba57c30b9b0e238876011815027bab365040d0c605f74fba1987f67c5,b45f6d311a33a790cfe03615f347a4626e5c0a6412309c39e4d07882f98a09c0,770c3d348365b7f744f2eaee964b61cc57615c10f8ca9a47a061ac03ee1c343e
cath663,1td9D,1td9,D,sword2-rust,factorized,factorized-accuracy,,,False,0,0.6352716898545623,19400,"[""/home/chili/cretin/PROJECTS/SWORD2/target/release/sword2"",""-i"",""/home/chili/cretin/PROJECTS/SWORD2/benchmark/cache/chains/1td9D.pdb"",""-o"",""/home/chili/cretin/PROJECTS/SWORD2/benchmark/results_factorized_locked_model_attempt6/raw/sword2-rust/1td9D"",""-j"",""1"",""--use-factorized-ranker""]","[""<binary>"",""-i"",""<input_structure>"",""-o"",""<process_output>"",""-j"",""1"",""--use-factorized-ranker""]",repository_root,a803cd1d077cd477918994ea28c5716490c5af2c4bfc3d409d04793f8b618add,raw/sword2-rust/1td9D/1td9D_D/summary.json,11a2e2930a5088fa9ac828b56a4bf37b6693664be22fa14283ee9b8af19ed351,e3b0c44298fc1c149afbf4c8996fb92427ae41e4649b934ca495991b7852b855,1d78c803873410d7b074052721796fc5ec7fc06e825ca589a566cbb4c7e69cb2,696355a5d230f7607fccf47600c3149601c3fe872aaebc65fde3ff9da7d61f28,factorized,factorized,False,,,0,0d9e5fdba57c30b9b0e238876011815027bab365040d0c605f74fba1987f67c5,b45f6d311a33a790cfe03615f347a4626e5c0a6412309c39e4d07882f98a09c0,770c3d348365b7f744f2eaee964b61cc57615c10f8ca9a47a061ac03ee1c343e
cath663,1tj7A,1tj7,A,sword2-rust,factorized,factorized-accuracy,,,False,0,0.9378417609259486,30416,"[""/home/chili/cretin/PROJECTS/SWORD2/target/release/sword2"",""-i"",""/home/chili/cretin/PROJECTS/SWORD2/benchmark/cache/chains/1tj7A.pdb"",""-o"",""/home/chili/cretin/PROJECTS/SWORD2/benchmark/results_factorized_locked_model_attempt6/raw/sword2-rust/1tj7A"",""-j"",""1"",""--use-factorized-ranker""]","[""<binary>"",""-i"",""<input_structure>"",""-o"",""<process_output>"",""-j"",""1"",""--use-factorized-ranker""]",repository_root,00ba9ded3c5d1fa00814d25dabd156af23db10d8f5ea069ea9c74ac7f2f66a17,raw/sword2-rust/1tj7A/1tj7A_A/summary.json,f583325cb87f57c623b23c3d1fa3b9d064f09f8042bd5dab331c226b77a0e2a8,e3b0c44298fc1c149afbf4c8996fb92427ae41e4649b934ca495991b7852b855,c8cbee2f665984e5ea3524cd04adba618fc7151bc3b0b133abd8b6e8ef8bd6b0,696355a5d230f7607fccf47600c3149601c3fe872aaebc65fde3ff9da7d61f28,factorized,factorized,False,,,0,0d9e5fdba57c30b9b0e238876011815027bab365040d0c605f74fba1987f67c5,b45f6d311a33a790cfe03615f347a4626e5c0a6412309c39e4d07882f98a09c0,770c3d348365b7f744f2eaee964b61cc57615c10f8ca9a47a061ac03ee1c343e
cath663,1tm0A,1tm0,A,sword2-rust,factorized,factorized-accuracy,,,False,0,0.48315361607819796,16084,"[""/home/chili/cretin/PROJECTS/SWORD2/target/release/sword2"",""-i"",""/home/chili/cretin/PROJECTS/SWORD2/benchmark/cache/chains/1tm0A.pdb"",""-o"",""/home/chili/cretin/PROJECTS/SWORD2/benchmark/results_factorized_locked_model_attempt6/raw/sword2-rust/1tm0A"",""-j"",""1"",""--use-factorized-ranker""]","[""<binary>"",""-i"",""<input_structure>"",""-o"",""<process_output>"",""-j"",""1"",""--use-factorized-ranker""]",repository_root,04eb6210896902744a0f06ec079d3f8b89178705e4e7fa3c55d9640e5155b49c,raw/sword2-rust/1tm0A/1tm0A_A/summary.json,81a653a9587e0e864bb43549b70c17c35627d642b61ae3b8ee270490ce3d13fd,e3b0c44298fc1c149afbf4c8996fb92427ae41e4649b934ca495991b7852b855,5e57f48355c008101aea8bdcf59caff62a7023a0ce2fb88087ac87114cffb020,696355a5d230f7607fccf47600c3149601c3fe872aaebc65fde3ff9da7d61f28,factorized,factorized,False,,,0,0d9e5fdba57c30b9b0e238876011815027bab365040d0c605f74fba1987f67c5,b45f6d311a33a790cfe03615f347a4626e5c0a6412309c39e4d07882f98a09c0,770c3d348365b7f744f2eaee964b61cc57615c10f8ca9a47a061ac03ee1c343e
cath663,1toaA,1toa,A,sword2-rust,factorized,factorized-accuracy,,,False,0,0.3785670348443091,12988,"[""/home/chili/cretin/PROJECTS/SWORD2/target/release/sword2"",""-i"",""/home/chili/cretin/PROJECTS/SWORD2/benchmark/cache/chains/1toaA.pdb"",""-o"",""/home/chili/cretin/PROJECTS/SWORD2/benchmark/results_factorized_locked_model_attempt6/raw/sword2-rust/1toaA"",""-j"",""1"",""--use-factorized-ranker""]","[""<binary>"",""-i"",""<input_structure>"",""-o"",""<process_output>"",""-j"",""1"",""--use-factorized-ranker""]",repository_root,74be5431c7cc3670670f324a909ddd1ac69a8eae7c9eeb06bd6daad5a10b6374,raw/sword2-rust/1toaA/1toaA_A/summary.json,6ad9358d46ffc3e6b0f58a61baeb01ceeb748ca0978de670d2381ff3dc7458df,e3b0c44298fc1c149afbf4c8996fb92427ae41e4649b934ca495991b7852b855,6c4db578ccefdd53413fd8a0a704cb792675d5e6b62937cf85a340490e655f5b,696355a5d230f7607fccf47600c3149601c3fe872aaebc65fde3ff9da7d61f28,factorized,factorized,False,,,0,0d9e5fdba57c30b9b0e238876011815027bab365040d0c605f74fba1987f67c5,b45f6d311a33a790cfe03615f347a4626e5c0a6412309c39e4d07882f98a09c0,770c3d348365b7f744f2eaee964b61cc57615c10f8ca9a47a061ac03ee1c343e
cath663,1tu5A,1tu5,A,sword2-rust,factorized,factorized-accuracy,,,False,0,2.132897657342255,65100,"[""/home/chili/cretin/PROJECTS/SWORD2/target/release/sword2"",""-i"",""/home/chili/cretin/PROJECTS/SWORD2/benchmark/cache/chains/1tu5A.pdb"",""-o"",""/home/chili/cretin/PROJECTS/SWORD2/benchmark/results_factorized_locked_model_attempt6/raw/sword2-rust/1tu5A"",""-j"",""1"",""--use-factorized-ranker""]","[""<binary>"",""-i"",""<input_structure>"",""-o"",""<process_output>"",""-j"",""1"",""--use-factorized-ranker""]",repository_root,f6635ad9235b2445e235c8e58fd7a60861d961153ca13467657e006e72eaa39b,raw/sword2-rust/1tu5A/1tu5A_A/summary.json,15a66a8738ff7650c783ad6ad62645d54f987eee7fdfc5d2743926bc0a6918ac,e3b0c44298fc1c149afbf4c8996fb92427ae41e4649b934ca495991b7852b855,224162b40334e363465f2b3b6d9b8ab32216606798007225e31785cb2940e771,696355a5d230f7607fccf47600c3149601c3fe872aaebc65fde3ff9da7d61f28,factorized,factorized,False,,,0,0d9e5fdba57c30b9b0e238876011815027bab365040d0c605f74fba1987f67c5,b45f6d311a33a790cfe03615f347a4626e5c0a6412309c39e4d07882f98a09c0,770c3d348365b7f744f2eaee964b61cc57615c10f8ca9a47a061ac03ee1c343e
cath663,1tueG,1tue,G,sword2-rust,factorized,factorized-accuracy,,,False,0,0.25445305509492755,11840,"[""/home/chili/cretin/PROJECTS/SWORD2/target/release/sword2"",""-i"",""/home/chili/cretin/PROJECTS/SWORD2/benchmark/cache/chains/1tueG.pdb"",""-o"",""/home/chili/cretin/PROJECTS/SWORD2/benchmark/results_factorized_locked_model_attempt6/raw/sword2-rust/1tueG"",""-j"",""1"",""--use-factorized-ranker""]","[""<binary>"",""-i"",""<input_structure>"",""-o"",""<process_output>"",""-j"",""1"",""--use-factorized-ranker""]",repository_root,993653a3345dcaeed74c218b8f639e77d1503382d77de72d4b15727feab666a5,raw/sword2-rust/1tueG/1tueG_G/summary.json,8b96e9c17e813788c1ed68096bfda24b76c46fc14fb46c952da531a946fa27dd,e3b0c44298fc1c149afbf4c8996fb92427ae41e4649b934ca495991b7852b855,83f72e2fc9563737e0cc33537eb3962febb69f5314735a15676d8940af9cd61c,696355a5d230f7607fccf47600c3149601c3fe872aaebc65fde3ff9da7d61f28,factorized,factorized,False,,,0,0d9e5fdba57c30b9b0e238876011815027bab365040d0c605f74fba1987f67c5,b45f6d311a33a790cfe03615f347a4626e5c0a6412309c39e4d07882f98a09c0,770c3d348365b7f744f2eaee964b61cc57615c10f8ca9a47a061ac03ee1c343e
cath663,1u0kA,1u0k,A,sword2-rust,factorized,factorized-accuracy,,,False,0,0.5494988961145282,14800,"[""/home/chili/cretin/PROJECTS/SWORD2/target/release/sword2"",""-i"",""/home/chili/cretin/PROJECTS/SWORD2/benchmark/cache/chains/1u0kA.pdb"",""-o"",""/home/chili/cretin/PROJECTS/SWORD2/benchmark/results_factorized_locked_model_attempt6/raw/sword2-rust/1u0kA"",""-j"",""1"",""--use-factorized-ranker""]","[""<binary>"",""-i"",""<input_structure>"",""-o"",""<process_output>"",""-j"",""1"",""--use-factorized-ranker""]",repository_root,505167946e8649b64a6f37d62a7601addb234ec61e28cf0eea841ecebc3c9d22,raw/sword2-rust/1u0kA/1u0kA_A/summary.json,40aea648c68c227d377f1c66d1ee89c92ffb6467f554f9edda96f3e4b9770670,e3b0c44298fc1c149afbf4c8996fb92427ae41e4649b934ca495991b7852b855,7070fd565d5778707cd88437bd67f1e1e2c69dcb88edac850c5c3c6118aaea52,696355a5d230f7607fccf47600c3149601c3fe872aaebc65fde3ff9da7d61f28,factorized,factorized,False,,,0,0d9e5fdba57c30b9b0e238876011815027bab365040d0c605f74fba1987f67c5,b45f6d311a33a790cfe03615f347a4626e5c0a6412309c39e4d07882f98a09c0,770c3d348365b7f744f2eaee964b61cc57615c10f8ca9a47a061ac03ee1c343e
cath663,1u6rA,1u6r,A,sword2-rust,factorized,factorized-accuracy,,,False,0,0.668773939833045,23016,"[""/home/chili/cretin/PROJECTS/SWORD2/target/release/sword2"",""-i"",""/home/chili/cretin/PROJECTS/SWORD2/benchmark/cache/chains/1u6rA.pdb"",""-o"",""/home/chili/cretin/PROJECTS/SWORD2/benchmark/results_factorized_locked_model_attempt6/raw/sword2-rust/1u6rA"",""-j"",""1"",""--use-factorized-ranker""]","[""<binary>"",""-i"",""<input_structure>"",""-o"",""<process_output>"",""-j"",""1"",""--use-factorized-ranker""]",repository_root,669841d68288fb3a37d0c3776240577ef96bd660a4f617b1339d360735967801,raw/sword2-rust/1u6rA/1u6rA_A/summary.json,99da587f8eab94b8262b020e0eb44504c75a709e4b99e5af5b768614564b3cf2,e3b0c44298fc1c149afbf4c8996fb92427ae41e4649b934ca495991b7852b855,2968b7cbc81dbd9022eb4f0a1dea72b51a0bd92e7c9ddad547d59ddc82c4351d,696355a5d230f7607fccf47600c3149601c3fe872aaebc65fde3ff9da7d61f28,factorized,factorized,False,,,0,0d9e5fdba57c30b9b0e238876011815027bab365040d0c605f74fba1987f67c5,b45f6d311a33a790cfe03615f347a4626e5c0a6412309c39e4d07882f98a09c0,770c3d348365b7f744f2eaee964b61cc57615c10f8ca9a47a061ac03ee1c343e
cath663,1ujnA,1ujn,A,sword2-rust,factorized,factorized-accuracy,,,False,0,0.5592800010927022,17952,"[""/home/chili/cretin/PROJECTS/SWORD2/target/release/sword2"",""-i"",""/home/chili/cretin/PROJECTS/SWORD2/benchmark/cache/chains/1ujnA.pdb"",""-o"",""/home/chili/cretin/PROJECTS/SWORD2/benchmark/results_factorized_locked_model_attempt6/raw/sword2-rust/1ujnA"",""-j"",""1"",""--use-factorized-ranker""]","[""<binary>"",""-i"",""<input_structure>"",""-o"",""<process_output>"",""-j"",""1"",""--use-factorized-ranker""]",repository_root,12f4d25aeb0a22ae581137bec0100f50e2e11a81ea05f53da60260c385cc04be,raw/sword2-rust/1ujnA/1ujnA_A/summary.json,e0a4d754b1a05c1b9462472ac13ed979ee2391fc34b35a4a28c1718c0489ca5a,e3b0c44298fc1c149afbf4c8996fb92427ae41e4649b934ca495991b7852b855,3f46a1d75d53120234faddd662a8260091b18963d45c4f0a0ff9af8deb114128,696355a5d230f7607fccf47600c3149601c3fe872aaebc65fde3ff9da7d61f28,factorized,factorized,False,,,0,0d9e5fdba57c30b9b0e238876011815027bab365040d0c605f74fba1987f67c5,b45f6d311a33a790cfe03615f347a4626e5c0a6412309c39e4d07882f98a09c0,770c3d348365b7f744f2eaee964b61cc57615c10f8ca9a47a061ac03ee1c343e
cath663,1uvjA,1uvj,A,sword2-rust,factorized,factorized-accuracy,,,False,0,2.2146249460056424,80740,"[""/home/chili/cretin/PROJECTS/SWORD2/target/release/sword2"",""-i"",""/home/chili/cretin/PROJECTS/SWORD2/benchmark/cache/chains/1uvjA.pdb"",""-o"",""/home/chili/cretin/PROJECTS/SWORD2/benchmark/results_factorized_locked_model_attempt6/raw/sword2-rust/1uvjA"",""-j"",""1"",""--use-factorized-ranker""]","[""<binary>"",""-i"",""<input_structure>"",""-o"",""<process_output>"",""-j"",""1"",""--use-factorized-ranker""]",repository_root,a37c94dad1d79e8d76186fdc8b0c7b70f4a5a47dfe095cc84ded57460966b1d2,raw/sword2-rust/1uvjA/1uvjA_A/summary.json,b23a8f9e2961515fb5b8a33a34ec50ba98fa00a87be827282ac327d26d411c8e,e3b0c44298fc1c149afbf4c8996fb92427ae41e4649b934ca495991b7852b855,d1a0841330d3d5072c7fb946d336c7cefed9c2fd9b7d203fb9151ff927f25364,696355a5d230f7607fccf47600c3149601c3fe872aaebc65fde3ff9da7d61f28,factorized,factorized,False,,,0,0d9e5fdba57c30b9b0e238876011815027bab365040d0c605f74fba1987f67c5,b45f6d311a33a790cfe03615f347a4626e5c0a6412309c39e4d07882f98a09c0,770c3d348365b7f744f2eaee964b61cc57615c10f8ca9a47a061ac03ee1c343e
cath663,1v9mA,1v9m,A,sword2-rust,factorized,factorized-accuracy,,,False,0,0.5132842133753002,15652,"[""/home/chili/cretin/PROJECTS/SWORD2/target/release/sword2"",""-i"",""/home/chili/cretin/PROJECTS/SWORD2/benchmark/cache/chains/1v9mA.pdb"",""-o"",""/home/chili/cretin/PROJECTS/SWORD2/benchmark/results_factorized_locked_model_attempt6/raw/sword2-rust/1v9mA"",""-j"",""1"",""--use-factorized-ranker""]","[""<binary>"",""-i"",""<input_structure>"",""-o"",""<process_output>"",""-j"",""1"",""--use-factorized-ranker""]",repository_root,352f3c68933e278691869850215468801106eeb7b9e27fc3168a7f44feed1352,raw/sword2-rust/1v9mA/1v9mA_A/summary.json,7036bd492483874249fc88a23a6771fb9ac9e9dd7a6e99b73ac66da233204750,e3b0c44298fc1c149afbf4c8996fb92427ae41e4649b934ca495991b7852b855,9d61cb69e96b0247428c65728edf3b0e451dd4ff9a82e0dc76ec7f016e5eece7,696355a5d230f7607fccf47600c3149601c3fe872aaebc65fde3ff9da7d61f28,factorized,factorized,False,,,0,0d9e5fdba57c30b9b0e238876011815027bab365040d0c605f74fba1987f67c5,b45f6d311a33a790cfe03615f347a4626e5c0a6412309c39e4d07882f98a09c0,770c3d348365b7f744f2eaee964b61cc57615c10f8ca9a47a061ac03ee1c343e
cath663,1vdkA,1vdk,A,sword2-rust,factorized,factorized-accuracy,,,False,0,0.8465478378348053,27228,"[""/home/chili/cretin/PROJECTS/SWORD2/target/release/sword2"",""-i"",""/home/chili/cretin/PROJECTS/SWORD2/benchmark/cache/chains/1vdkA.pdb"",""-o"",""/home/chili/cretin/PROJECTS/SWORD2/benchmark/results_factorized_locked_model_attempt6/raw/sword2-rust/1vdkA"",""-j"",""1"",""--use-factorized-ranker""]","[""<binary>"",""-i"",""<input_structure>"",""-o"",""<process_output>"",""-j"",""1"",""--use-factorized-ranker""]",repository_root,514f6c82ab4578bc05b9de0849a61d0b47619ec506f4bd67bea9450e4b6e6ef6,raw/sword2-rust/1vdkA/1vdkA_A/summary.json,54ea98b16caf0526a294899c7d72c89da0153371dd399d12b1b9903497101e38,e3b0c44298fc1c149afbf4c8996fb92427ae41e4649b934ca495991b7852b855,0b8e2c3e872101d975932747e12c1614803b227a8ed7bd9d035644a14930f96e,696355a5d230f7607fccf47600c3149601c3fe872aaebc65fde3ff9da7d61f28,factorized,factorized,False,,,0,0d9e5fdba57c30b9b0e238876011815027bab365040d0c605f74fba1987f67c5,b45f6d311a33a790cfe03615f347a4626e5c0a6412309c39e4d07882f98a09c0,770c3d348365b7f744f2eaee964b61cc57615c10f8ca9a47a061ac03ee1c343e
cath663,1vdkB,1vdk,B,sword2-rust,factorized,factorized-accuracy,,,False,0,1.0526018938980997,31216,"[""/home/chili/cretin/PROJECTS/SWORD2/target/release/sword2"",""-i"",""/home/chili/cretin/PROJECTS/SWORD2/benchmark/cache/chains/1vdkB.pdb"",""-o"",""/home/chili/cretin/PROJECTS/SWORD2/benchmark/results_factorized_locked_model_attempt6/raw/sword2-rust/1vdkB"",""-j"",""1"",""--use-factorized-ranker""]","[""<binary>"",""-i"",""<input_structure>"",""-o"",""<process_output>"",""-j"",""1"",""--use-factorized-ranker""]",repository_root,a2bad7d224ac227fa882f93cbdc1c61961aec047b5ad378add57b0e174b161f8,raw/sword2-rust/1vdkB/1vdkB_B/summary.json,a82800aeb47ce7c4aa1e96194e5df4af05d9af46d79e7eb12b2b5b3779e92c7f,e3b0c44298fc1c149afbf4c8996fb92427ae41e4649b934ca495991b7852b855,4cdfcd0be4f258357322fe42813b62b98b8da316cfd51b958ec67f7b65ac26c9,696355a5d230f7607fccf47600c3149601c3fe872aaebc65fde3ff9da7d61f28,factorized,factorized,False,,,0,0d9e5fdba57c30b9b0e238876011815027bab365040d0c605f74fba1987f67c5,b45f6d311a33a790cfe03615f347a4626e5c0a6412309c39e4d07882f98a09c0,770c3d348365b7f744f2eaee964b61cc57615c10f8ca9a47a061ac03ee1c343e
cath663,1vgmA,1vgm,A,sword2-rust,factorized,factorized-accuracy,,,False,0,0.866361066699028,24932,"[""/home/chili/cretin/PROJECTS/SWORD2/target/release/sword2"",""-i"",""/home/chili/cretin/PROJECTS/SWORD2/benchmark/cache/chains/1vgmA.pdb"",""-o"",""/home/chili/cretin/PROJECTS/SWORD2/benchmark/results_factorized_locked_model_attempt6/raw/sword2-rust/1vgmA"",""-j"",""1"",""--use-factorized-ranker""]","[""<binary>"",""-i"",""<input_structure>"",""-o"",""<process_output>"",""-j"",""1"",""--use-factorized-ranker""]",repository_root,f2b3dff0579bb74616785b09ddbb19aabe6773bc2a17a849f0aeaee384e72ff7,raw/sword2-rust/1vgmA/1vgmA_A/summary.json,eac0f35c694b863e054e233fccbdb18843cfa5ecdabd3c66a02ffed7640a64d5,e3b0c44298fc1c149afbf4c8996fb92427ae41e4649b934ca495991b7852b855,4fbb24d77e28675e297d058f0df16a2861567092f0419464554f59fc9f99abe3,696355a5d230f7607fccf47600c3149601c3fe872aaebc65fde3ff9da7d61f28,factorized,factorized,False,,,0,0d9e5fdba57c30b9b0e238876011815027bab365040d0c605f74fba1987f67c5,b45f6d311a33a790cfe03615f347a4626e5c0a6412309c39e4d07882f98a09c0,770c3d348365b7f744f2eaee964b61cc57615c10f8ca9a47a061ac03ee1c343e
cath663,1vgpA,1vgp,A,sword2-rust,factorized,factorized-accuracy,,,False,0,0.799774135928601,23008,"[""/home/chili/cretin/PROJECTS/SWORD2/target/release/sword2"",""-i"",""/home/chili/cretin/PROJECTS/SWORD2/benchmark/cache/chains/1vgpA.pdb"",""-o"",""/home/chili/cretin/PROJECTS/SWORD2/benchmark/results_factorized_locked_model_attempt6/raw/sword2-rust/1vgpA"",""-j"",""1"",""--use-factorized-ranker""]","[""<binary>"",""-i"",""<input_structure>"",""-o"",""<process_output>"",""-j"",""1"",""--use-factorized-ranker""]",repository_root,6e1a3edd09a5608dac45fe766e8f149ecaf80f498d67cdfa414dbfd62482d9a5,raw/sword2-rust/1vgpA/1vgpA_A/summary.json,b5607dfe2d9ed1cdf3cb87696d6c4d25731b67f8069593fd6592375f0d71c3fa,e3b0c44298fc1c149afbf4c8996fb92427ae41e4649b934ca495991b7852b855,f7034f65cb0d048e75fe660a039f4a4dc4b5de6da098f702b21e0126e1f08725,696355a5d230f7607fccf47600c3149601c3fe872aaebc65fde3ff9da7d61f28,factorized,factorized,False,,,0,0d9e5fdba57c30b9b0e238876011815027bab365040d0c605f74fba1987f67c5,b45f6d311a33a790cfe03615f347a4626e5c0a6412309c39e4d07882f98a09c0,770c3d348365b7f744f2eaee964b61cc57615c10f8ca9a47a061ac03ee1c343e
cath663,1vkyB,1vky,B,sword2-rust,factorized,factorized-accuracy,,,False,0,0.4569154353812337,14624,"[""/home/chili/cretin/PROJECTS/SWORD2/target/release/sword2"",""-i"",""/home/chili/cretin/PROJECTS/SWORD2/benchmark/cache/chains/1vkyB.pdb"",""-o"",""/home/chili/cretin/PROJECTS/SWORD2/benchmark/results_factorized_locked_model_attempt6/raw/sword2-rust/1vkyB"",""-j"",""1"",""--use-factorized-ranker""]","[""<binary>"",""-i"",""<input_structure>"",""-o"",""<process_output>"",""-j"",""1"",""--use-factorized-ranker""]",repository_root,4efb990253ec75667ca1a422b36dac15de2b60b1d92aaacc10437ea34b39f16c,raw/sword2-rust/1vkyB/1vkyB_B/summary.json,b2ded88206dcda13e1463fe168826cbbf257ecacb01fa3cbe242a8fc6e6087c5,e3b0c44298fc1c149afbf4c8996fb92427ae41e4649b934ca495991b7852b855,83836128ef32f5e8a7c86c74e6dd110757743f94649946d3eb31c668ea89c9fb,696355a5d230f7607fccf47600c3149601c3fe872aaebc65fde3ff9da7d61f28,factorized,factorized,False,,,0,0d9e5fdba57c30b9b0e238876011815027bab365040d0c605f74fba1987f67c5,b45f6d311a33a790cfe03615f347a4626e5c0a6412309c39e4d07882f98a09c0,770c3d348365b7f744f2eaee964b61cc57615c10f8ca9a47a061ac03ee1c343e
cath663,1vljA,1vlj,A,sword2-rust,factorized,factorized-accuracy,,,False,0,0.7126537500880659,23416,"[""/home/chili/cretin/PROJECTS/SWORD2/target/release/sword2"",""-i"",""/home/chili/cretin/PROJECTS/SWORD2/benchmark/cache/chains/1vljA.pdb"",""-o"",""/home/chili/cretin/PROJECTS/SWORD2/benchmark/results_factorized_locked_model_attempt6/raw/sword2-rust/1vljA"",""-j"",""1"",""--use-factorized-ranker""]","[""<binary>"",""-i"",""<input_structure>"",""-o"",""<process_output>"",""-j"",""1"",""--use-factorized-ranker""]",repository_root,e483f99f527f7b19ce87c9127ee0fdd86e3b2eec58e0b4fd7f905e5d0d0985de,raw/sword2-rust/1vljA/1vljA_A/summary.json,4572d9676b184dbac6f03ba5e33f19aff487c3a543ecae3e51ea452046dbee82,e3b0c44298fc1c149afbf4c8996fb92427ae41e4649b934ca495991b7852b855,f02dabce6a7ed8293ec38cddca8213bf2251c72209b314ef2c2d9d279a2a9857,696355a5d230f7607fccf47600c3149601c3fe872aaebc65fde3ff9da7d61f28,factorized,factorized,False,,,0,0d9e5fdba57c30b9b0e238876011815027bab365040d0c605f74fba1987f67c5,b45f6d311a33a790cfe03615f347a4626e5c0a6412309c39e4d07882f98a09c0,770c3d348365b7f744f2eaee964b61cc57615c10f8ca9a47a061ac03ee1c343e
cath663,1vmiA,1vmi,A,sword2-rust,factorized,factorized-accuracy,,,False,0,0.7408263860270381,17560,"[""/home/chili/cretin/PROJECTS/SWORD2/target/release/sword2"",""-i"",""/home/chili/cretin/PROJECTS/SWORD2/benchmark/cache/chains/1vmiA.pdb"",""-o"",""/home/chili/cretin/PROJECTS/SWORD2/benchmark/results_factorized_locked_model_attempt6/raw/sword2-rust/1vmiA"",""-j"",""1"",""--use-factorized-ranker""]","[""<binary>"",""-i"",""<input_structure>"",""-o"",""<process_output>"",""-j"",""1"",""--use-factorized-ranker""]",repository_root,a35b8a68c15f75215d56741d95a162ee944e7e126ab137c51dba16bee7c13d94,raw/sword2-rust/1vmiA/1vmiA_A/summary.json,93f21d175d65f9a7ea68fae1e914c83b5f5b6ebd469d8b1c88753f412167815d,e3b0c44298fc1c149afbf4c8996fb92427ae41e4649b934ca495991b7852b855,e3572e4c4f6786a6b94014fc116bbb2eedaf0f250566e879ef4c841d9e3f9a84,696355a5d230f7607fccf47600c3149601c3fe872aaebc65fde3ff9da7d61f28,factorized,factorized,False,,,0,0d9e5fdba57c30b9b0e238876011815027bab365040d0c605f74fba1987f67c5,b45f6d311a33a790cfe03615f347a4626e5c0a6412309c39e4d07882f98a09c0,770c3d348365b7f744f2eaee964b61cc57615c10f8ca9a47a061ac03ee1c343e
cath663,1vraB,1vra,B,sword2-rust,factorized,factorized-accuracy,,,False,0,0.20787251507863402,11200,"[""/home/chili/cretin/PROJECTS/SWORD2/target/release/sword2"",""-i"",""/home/chili/cretin/PROJECTS/SWORD2/benchmark/cache/chains/1vraB.pdb"",""-o"",""/home/chili/cretin/PROJECTS/SWORD2/benchmark/results_factorized_locked_model_attempt6/raw/sword2-rust/1vraB"",""-j"",""1"",""--use-factorized-ranker""]","[""<binary>"",""-i"",""<input_structure>"",""-o"",""<process_output>"",""-j"",""1"",""--use-factorized-ranker""]",repository_root,ab007e7f1eb2389355ce29a096edba0742e613ffd3f9f68eb66c6a1211a8faf5,raw/sword2-rust/1vraB/1vraB_B/summary.json,720a7d777f9feacdfc3884d111c7c1d605038ccb6b90d4641dccad6979640cbd,e3b0c44298fc1c149afbf4c8996fb92427ae41e4649b934ca495991b7852b855,f0f90974a99de9dc622396377758cd4fcec74ef1dbd3cd7de6234630802e4bfe,696355a5d230f7607fccf47600c3149601c3fe872aaebc65fde3ff9da7d61f28,factorized,factorized,False,,,0,0d9e5fdba57c30b9b0e238876011815027bab365040d0c605f74fba1987f67c5,b45f6d311a33a790cfe03615f347a4626e5c0a6412309c39e4d07882f98a09c0,770c3d348365b7f744f2eaee964b61cc57615c10f8ca9a47a061ac03ee1c343e
cath663,1vrpB,1vrp,B,sword2-rust,factorized,factorized-accuracy,,,False,0,0.7864899821579456,23628,"[""/home/chili/cretin/PROJECTS/SWORD2/target/release/sword2"",""-i"",""/home/chili/cretin/PROJECTS/SWORD2/benchmark/cache/chains/1vrpB.pdb"",""-o"",""/home/chili/cretin/PROJECTS/SWORD2/benchmark/results_factorized_locked_model_attempt6/raw/sword2-rust/1vrpB"",""-j"",""1"",""--use-factorized-ranker""]","[""<binary>"",""-i"",""<input_structure>"",""-o"",""<process_output>"",""-j"",""1"",""--use-factorized-ranker""]",repository_root,5087daf51c31c3f03f96ac6dfe95c302ebb04e8acac44d440738c554cf0a2328,raw/sword2-rust/1vrpB/1vrpB_B/summary.json,e3865902885f5f97a50eff98d9d0e2e214804648a7e0033438420eab055b2671,e3b0c44298fc1c149afbf4c8996fb92427ae41e4649b934ca495991b7852b855,08ca826c5d84f3a095e8223422e7c9ab349493ca2e1110b91eaaa8439ec4e923,696355a5d230f7607fccf47600c3149601c3fe872aaebc65fde3ff9da7d61f28,factorized,factorized,False,,,0,0d9e5fdba57c30b9b0e238876011815027bab365040d0c605f74fba1987f67c5,b45f6d311a33a790cfe03615f347a4626e5c0a6412309c39e4d07882f98a09c0,770c3d348365b7f744f2eaee964b61cc57615c10f8ca9a47a061ac03ee1c343e
cath663,1vsgA,1vsg,A,sword2-rust,factorized,factorized-accuracy,,,False,0,0.7106512701138854,18424,"[""/home/chili/cretin/PROJECTS/SWORD2/target/release/sword2"",""-i"",""/home/chili/cretin/PROJECTS/SWORD2/benchmark/cache/chains/1vsgA.pdb"",""-o"",""/home/chili/cretin/PROJECTS/SWORD2/benchmark/results_factorized_locked_model_attempt6/raw/sword2-rust/1vsgA"",""-j"",""1"",""--use-factorized-ranker""]","[""<binary>"",""-i"",""<input_structure>"",""-o"",""<process_output>"",""-j"",""1"",""--use-factorized-ranker""]",repository_root,5a915ee72749dc3decb5ee666e91a444beabb6a1c05618f056a502887c85fd67,raw/sword2-rust/1vsgA/1vsgA_A/summary.json,d61b1ef5868587d7b368b493abac67fa8bf622f1bb662a2679d2be5be834ab7b,e3b0c44298fc1c149afbf4c8996fb92427ae41e4649b934ca495991b7852b855,22ae68e5b64c937c4535eb4ebe26580aa271ac483bad09cc2de2f2ee8337813f,696355a5d230f7607fccf47600c3149601c3fe872aaebc65fde3ff9da7d61f28,factorized,factorized,False,,,0,0d9e5fdba57c30b9b0e238876011815027bab365040d0c605f74fba1987f67c5,b45f6d311a33a790cfe03615f347a4626e5c0a6412309c39e4d07882f98a09c0,770c3d348365b7f744f2eaee964b61cc57615c10f8ca9a47a061ac03ee1c343e
cath663,1vz6A,1vz6,A,sword2-rust,factorized,factorized-accuracy,,,False,0,0.7271694410592318,21708,"[""/home/chili/cretin/PROJECTS/SWORD2/target/release/sword2"",""-i"",""/home/chili/cretin/PROJECTS/SWORD2/benchmark/cache/chains/1vz6A.pdb"",""-o"",""/home/chili/cretin/PROJECTS/SWORD2/benchmark/results_factorized_locked_model_attempt6/raw/sword2-rust/1vz6A"",""-j"",""1"",""--use-factorized-ranker""]","[""<binary>"",""-i"",""<input_structure>"",""-o"",""<process_output>"",""-j"",""1"",""--use-factorized-ranker""]",repository_root,6e917f98231dfb018997f1f799402459a26a1f4b0a5d684cbfe070359f7cec4a,raw/sword2-rust/1vz6A/1vz6A_A/summary.json,66292474fb2ee639b5e9a0be7748aa79eb23c8880a882ffe4af20ba76e98a95f,e3b0c44298fc1c149afbf4c8996fb92427ae41e4649b934ca495991b7852b855,a2bfadfbc25776550e484ced86dba9ee43bfa9a72e3aaba923bed36cb89f220d,696355a5d230f7607fccf47600c3149601c3fe872aaebc65fde3ff9da7d61f28,factorized,factorized,False,,,0,0d9e5fdba57c30b9b0e238876011815027bab365040d0c605f74fba1987f67c5,b45f6d311a33a790cfe03615f347a4626e5c0a6412309c39e4d07882f98a09c0,770c3d348365b7f744f2eaee964b61cc57615c10f8ca9a47a061ac03ee1c343e
cath663,1w27A,1w27,A,sword2-rust,factorized,factorized-accuracy,,,False,0,1.587931077927351,49624,"[""/home/chili/cretin/PROJECTS/SWORD2/target/release/sword2"",""-i"",""/home/chili/cretin/PROJECTS/SWORD2/benchmark/cache/chains/1w27A.pdb"",""-o"",""/home/chili/cretin/PROJECTS/SWORD2/benchmark/results_factorized_locked_model_attempt6/raw/sword2-rust/1w27A"",""-j"",""1"",""--use-factorized-ranker""]","[""<binary>"",""-i"",""<input_structure>"",""-o"",""<process_output>"",""-j"",""1"",""--use-factorized-ranker""]",repository_root,6b4456e3c7a8bd78c6997be3e27df2556ccbb50789cc749f7559fb0b5431b158,raw/sword2-rust/1w27A/1w27A_A/summary.json,f5628ca42d0b3a920597b8c4eb0cef6b89cb1baf30ed08e9529ee89949bf9e4a,e3b0c44298fc1c149afbf4c8996fb92427ae41e4649b934ca495991b7852b855,ac0da5fc485e00502b7a0fd35a7ed2f6374dfe0d0e2b9f024ea396fc8428401f,696355a5d230f7607fccf47600c3149601c3fe872aaebc65fde3ff9da7d61f28,factorized,factorized,False,,,0,0d9e5fdba57c30b9b0e238876011815027bab365040d0c605f74fba1987f67c5,b45f6d311a33a790cfe03615f347a4626e5c0a6412309c39e4d07882f98a09c0,770c3d348365b7f744f2eaee964b61cc57615c10f8ca9a47a061ac03ee1c343e
cath663,1w3wA,1w3w,A,sword2-rust,factorized,factorized-accuracy,,,False,0,0.4294083472341299,14712,"[""/home/chili/cretin/PROJECTS/SWORD2/target/release/sword2"",""-i"",""/home/chili/cretin/PROJECTS/SWORD2/benchmark/cache/chains/1w3wA.pdb"",""-o"",""/home/chili/cretin/PROJECTS/SWORD2/benchmark/results_factorized_locked_model_attempt6/raw/sword2-rust/1w3wA"",""-j"",""1"",""--use-factorized-ranker""]","[""<binary>"",""-i"",""<input_structure>"",""-o"",""<process_output>"",""-j"",""1"",""--use-factorized-ranker""]",repository_root,905db87e67867e7972028b3bf202e7d2c0848e7acfc6fdf4f287bea2560803c6,raw/sword2-rust/1w3wA/1w3wA_A/summary.json,d1e37e6b1688112332e35833ef3ea67f52ff27cf04d2bbce2c5608de1ab40975,e3b0c44298fc1c149afbf4c8996fb92427ae41e4649b934ca495991b7852b855,e61aab212d3618ae976935aa52d6552c4aaa6f18cd92dc9bdfcbdc57904b5165,696355a5d230f7607fccf47600c3149601c3fe872aaebc65fde3ff9da7d61f28,factorized,factorized,False,,,0,0d9e5fdba57c30b9b0e238876011815027bab365040d0c605f74fba1987f67c5,b45f6d311a33a790cfe03615f347a4626e5c0a6412309c39e4d07882f98a09c0,770c3d348365b7f744f2eaee964b61cc57615c10f8ca9a47a061ac03ee1c343e
cath663,1w4tA,1w4t,A,sword2-rust,factorized,factorized-accuracy,,,False,0,0.38027507113292813,12684,"[""/home/chili/cretin/PROJECTS/SWORD2/target/release/sword2"",""-i"",""/home/chili/cretin/PROJECTS/SWORD2/benchmark/cache/chains/1w4tA.pdb"",""-o"",""/home/chili/cretin/PROJECTS/SWORD2/benchmark/results_factorized_locked_model_attempt6/raw/sword2-rust/1w4tA"",""-j"",""1"",""--use-factorized-ranker""]","[""<binary>"",""-i"",""<input_structure>"",""-o"",""<process_output>"",""-j"",""1"",""--use-factorized-ranker""]",repository_root,3541a1f837d1ef09d4771880504e4507d5fe328d753abfca8bfb525d5d5ae0b0,raw/sword2-rust/1w4tA/1w4tA_A/summary.json,7a714052f6f24bc6dc64a483d875e6de498348cc0cfd5228b2a441839ba5d01f,e3b0c44298fc1c149afbf4c8996fb92427ae41e4649b934ca495991b7852b855,81a3f49dbdd10ab13b19752ef4174b04490efa29462b3c5abc4eafdadb77d707,58f1b0158d545f247ea44630c6af8bde6352f01b2f3c1ecfc50cddc45bccca86,factorized,legacy,True,structural_quality_abstention,factorized_fallback,0,0d9e5fdba57c30b9b0e238876011815027bab365040d0c605f74fba1987f67c5,b45f6d311a33a790cfe03615f347a4626e5c0a6412309c39e4d07882f98a09c0,770c3d348365b7f744f2eaee964b61cc57615c10f8ca9a47a061ac03ee1c343e
cath663,1w5rA,1w5r,A,sword2-rust,factorized,factorized-accuracy,,,False,0,0.4404293829575181,13192,"[""/home/chili/cretin/PROJECTS/SWORD2/target/release/sword2"",""-i"",""/home/chili/cretin/PROJECTS/SWORD2/benchmark/cache/chains/1w5rA.pdb"",""-o"",""/home/chili/cretin/PROJECTS/SWORD2/benchmark/results_factorized_locked_model_attempt6/raw/sword2-rust/1w5rA"",""-j"",""1"",""--use-factorized-ranker""]","[""<binary>"",""-i"",""<input_structure>"",""-o"",""<process_output>"",""-j"",""1"",""--use-factorized-ranker""]",repository_root,db5cd1c294f89c5d9aaefa51740dad549c9ca1b3dd0b6c5ed04034b4a7b1a824,raw/sword2-rust/1w5rA/1w5rA_A/summary.json,bd84a7137a5d70f872975e2129cb328e1d7cb1afc092f9524ebb100e8d0efb6a,e3b0c44298fc1c149afbf4c8996fb92427ae41e4649b934ca495991b7852b855,ee4b16124ea539d8350e912cf54c8a8f0b6637c7b8ad68b636ecd35ed33fdeb9,696355a5d230f7607fccf47600c3149601c3fe872aaebc65fde3ff9da7d61f28,factorized,factorized,False,,,0,0d9e5fdba57c30b9b0e238876011815027bab365040d0c605f74fba1987f67c5,b45f6d311a33a790cfe03615f347a4626e5c0a6412309c39e4d07882f98a09c0,770c3d348365b7f744f2eaee964b61cc57615c10f8ca9a47a061ac03ee1c343e
cath663,1w7cA,1w7c,A,sword2-rust,factorized,factorized-accuracy,,,False,0,1.9579449081793427,71220,"[""/home/chili/cretin/PROJECTS/SWORD2/target/release/sword2"",""-i"",""/home/chili/cretin/PROJECTS/SWORD2/benchmark/cache/chains/1w7cA.pdb"",""-o"",""/home/chili/cretin/PROJECTS/SWORD2/benchmark/results_factorized_locked_model_attempt6/raw/sword2-rust/1w7cA"",""-j"",""1"",""--use-factorized-ranker""]","[""<binary>"",""-i"",""<input_structure>"",""-o"",""<process_output>"",""-j"",""1"",""--use-factorized-ranker""]",repository_root,d5ba6cb4217b1c43c61a86cf44c0194f6d58e5c3710257923d8ed178f272a3b6,raw/sword2-rust/1w7cA/1w7cA_A/summary.json,a5f5eee9601cef9c520110a7a5d9568241beb52299279d69a7d12166c465aec1,e3b0c44298fc1c149afbf4c8996fb92427ae41e4649b934ca495991b7852b855,8ad763a4084f74937c441877d3049f42b6ca580665aae0653a95a33139b652b8,58f1b0158d545f247ea44630c6af8bde6352f01b2f3c1ecfc50cddc45bccca86,factorized,legacy,True,structural_quality_abstention,factorized_fallback,0,0d9e5fdba57c30b9b0e238876011815027bab365040d0c605f74fba1987f67c5,b45f6d311a33a790cfe03615f347a4626e5c0a6412309c39e4d07882f98a09c0,770c3d348365b7f744f2eaee964b61cc57615c10f8ca9a47a061ac03ee1c343e
cath663,1wacA,1wac,A,sword2-rust,factorized,factorized-accuracy,,,False,0,2.337506291922182,63612,"[""/home/chili/cretin/PROJECTS/SWORD2/target/release/sword2"",""-i"",""/home/chili/cretin/PROJECTS/SWORD2/benchmark/cache/chains/1wacA.pdb"",""-o"",""/home/chili/cretin/PROJECTS/SWORD2/benchmark/results_factorized_locked_model_attempt6/raw/sword2-rust/1wacA"",""-j"",""1"",""--use-factorized-ranker""]","[""<binary>"",""-i"",""<input_structure>"",""-o"",""<process_output>"",""-j"",""1"",""--use-factorized-ranker""]",repository_root,4d1bae2ca03f54a5ec36f12a0bef560d44144301d84ec85ba06e3d8ddb2ca843,raw/sword2-rust/1wacA/1wacA_A/summary.json,dfa36319ed4ff570d88b543230a2a864b0abec8ba34e207dda0255b36ce8ac7d,e3b0c44298fc1c149afbf4c8996fb92427ae41e4649b934ca495991b7852b855,745fb274e5ef704adbbd4f5553cdefc9f26cbac1818a43993e6d98295d92b6ca,696355a5d230f7607fccf47600c3149601c3fe872aaebc65fde3ff9da7d61f28,factorized,factorized,False,,,0,0d9e5fdba57c30b9b0e238876011815027bab365040d0c605f74fba1987f67c5,b45f6d311a33a790cfe03615f347a4626e5c0a6412309c39e4d07882f98a09c0,770c3d348365b7f744f2eaee964b61cc57615c10f8ca9a47a061ac03ee1c343e
cath663,1wdiA,1wdi,A,sword2-rust,factorized,factorized-accuracy,,,False,0,0.4169962117448449,14420,"[""/home/chili/cretin/PROJECTS/SWORD2/target/release/sword2"",""-i"",""/home/chili/cretin/PROJECTS/SWORD2/benchmark/cache/chains/1wdiA.pdb"",""-o"",""/home/chili/cretin/PROJECTS/SWORD2/benchmark/results_factorized_locked_model_attempt6/raw/sword2-rust/1wdiA"",""-j"",""1"",""--use-factorized-ranker""]","[""<binary>"",""-i"",""<input_structure>"",""-o"",""<process_output>"",""-j"",""1"",""--use-factorized-ranker""]",repository_root,2dc0353d3c86920e601f84979186cca6cc03ac70c262e55161f6afe61b21e605,raw/sword2-rust/1wdiA/1wdiA_A/summary.json,717b6a83800ea0eea93a74d7ef8b381590f3c6feb55bdcae9b31902c0415685f,e3b0c44298fc1c149afbf4c8996fb92427ae41e4649b934ca495991b7852b855,df2bfdbc11880c107a6bf52e7cb786fa36a1ef5127bab1296f2c9081f56b2991,696355a5d230f7607fccf47600c3149601c3fe872aaebc65fde3ff9da7d61f28,factorized,factorized,False,,,0,0d9e5fdba57c30b9b0e238876011815027bab365040d0c605f74fba1987f67c5,b45f6d311a33a790cfe03615f347a4626e5c0a6412309c39e4d07882f98a09c0,770c3d348365b7f744f2eaee964b61cc57615c10f8ca9a47a061ac03ee1c343e
cath663,1wzoA,1wzo,A,sword2-rust,factorized,factorized-accuracy,,,False,0,0.3604270676150918,12160,"[""/home/chili/cretin/PROJECTS/SWORD2/target/release/sword2"",""-i"",""/home/chili/cretin/PROJECTS/SWORD2/benchmark/cache/chains/1wzoA.pdb"",""-o"",""/home/chili/cretin/PROJECTS/SWORD2/benchmark/results_factorized_locked_model_attempt6/raw/sword2-rust/1wzoA"",""-j"",""1"",""--use-factorized-ranker""]","[""<binary>"",""-i"",""<input_structure>"",""-o"",""<process_output>"",""-j"",""1"",""--use-factorized-ranker""]",repository_root,21632f4c0435e13a61091cf0b265f9324f18a5040bc463309a7cb14a00fc115a,raw/sword2-rust/1wzoA/1wzoA_A/summary.json,c493b43767d741a84c7de1fc9c140cafb69bd5b8d56b393256a4ceb15fba6a84,e3b0c44298fc1c149afbf4c8996fb92427ae41e4649b934ca495991b7852b855,fa50a62badf4cd0cb4321f5a09c380dfbe1ea3357c9e70814bf58d83f0549b55,696355a5d230f7607fccf47600c3149601c3fe872aaebc65fde3ff9da7d61f28,factorized,factorized,False,,,0,0d9e5fdba57c30b9b0e238876011815027bab365040d0c605f74fba1987f67c5,b45f6d311a33a790cfe03615f347a4626e5c0a6412309c39e4d07882f98a09c0,770c3d348365b7f744f2eaee964b61cc57615c10f8ca9a47a061ac03ee1c343e
cath663,1wzoB,1wzo,B,sword2-rust,factorized,factorized-accuracy,,,False,0,0.29483886575326324,11200,"[""/home/chili/cretin/PROJECTS/SWORD2/target/release/sword2"",""-i"",""/home/chili/cretin/PROJECTS/SWORD2/benchmark/cache/chains/1wzoB.pdb"",""-o"",""/home/chili/cretin/PROJECTS/SWORD2/benchmark/results_factorized_locked_model_attempt6/raw/sword2-rust/1wzoB"",""-j"",""1"",""--use-factorized-ranker""]","[""<binary>"",""-i"",""<input_structure>"",""-o"",""<process_output>"",""-j"",""1"",""--use-factorized-ranker""]",repository_root,dd88d52f9b30acf39f3082c04ac01b2fe4d4a2828b0334ac6c54964c8091c41a,raw/sword2-rust/1wzoB/1wzoB_B/summary.json,cab9e3c4d347424a29089c270c04eaacbb5a985b0565ee3cbacd0860009ac120,e3b0c44298fc1c149afbf4c8996fb92427ae41e4649b934ca495991b7852b855,3557c171744ac24c169576ecafc2e5127bbd88ddbdad983ce43a83abd25099a5,696355a5d230f7607fccf47600c3149601c3fe872aaebc65fde3ff9da7d61f28,factorized,factorized,False,,,0,0d9e5fdba57c30b9b0e238876011815027bab365040d0c605f74fba1987f67c5,b45f6d311a33a790cfe03615f347a4626e5c0a6412309c39e4d07882f98a09c0,770c3d348365b7f744f2eaee964b61cc57615c10f8ca9a47a061ac03ee1c343e
cath663,1xahA,1xah,A,sword2-rust,factorized,factorized-accuracy,,,False,0,0.5846977508626878,17512,"[""/home/chili/cretin/PROJECTS/SWORD2/target/release/sword2"",""-i"",""/home/chili/cretin/PROJECTS/SWORD2/benchmark/cache/chains/1xahA.pdb"",""-o"",""/home/chili/cretin/PROJECTS/SWORD2/benchmark/results_factorized_locked_model_attempt6/raw/sword2-rust/1xahA"",""-j"",""1"",""--use-factorized-ranker""]","[""<binary>"",""-i"",""<input_structure>"",""-o"",""<process_output>"",""-j"",""1"",""--use-factorized-ranker""]",repository_root,041a106ecacff8b1d813a86ad485c485dde8fe78403774044fed711e7fcee1ca,raw/sword2-rust/1xahA/1xahA_A/summary.json,945466abbdf3d8625da090ef4cb261615e180f7d6b51273b54776503261c0b92,e3b0c44298fc1c149afbf4c8996fb92427ae41e4649b934ca495991b7852b855,17bba94c2f257099875dbef7f8b513a9d919ab09158963d624ae29fd3b2008aa,696355a5d230f7607fccf47600c3149601c3fe872aaebc65fde3ff9da7d61f28,factorized,factorized,False,,,0,0d9e5fdba57c30b9b0e238876011815027bab365040d0c605f74fba1987f67c5,b45f6d311a33a790cfe03615f347a4626e5c0a6412309c39e4d07882f98a09c0,770c3d348365b7f744f2eaee964b61cc57615c10f8ca9a47a061ac03ee1c343e
cath663,1xaiA,1xai,A,sword2-rust,factorized,factorized-accuracy,,,False,0,0.6128013506531715,19796,"[""/home/chili/cretin/PROJECTS/SWORD2/target/release/sword2"",""-i"",""/home/chili/cretin/PROJECTS/SWORD2/benchmark/cache/chains/1xaiA.pdb"",""-o"",""/home/chili/cretin/PROJECTS/SWORD2/benchmark/results_factorized_locked_model_attempt6/raw/sword2-rust/1xaiA"",""-j"",""1"",""--use-factorized-ranker""]","[""<binary>"",""-i"",""<input_structure>"",""-o"",""<process_output>"",""-j"",""1"",""--use-factorized-ranker""]",repository_root,56ffe940af15690bdf53f2d7b62b2649569d63d00617e3615c4085ea20867c87,raw/sword2-rust/1xaiA/1xaiA_A/summary.json,2a7cca814101c6f90350614d5f5ed560f47eb45f8c682abdde09cec94a16014b,e3b0c44298fc1c149afbf4c8996fb92427ae41e4649b934ca495991b7852b855,e341ad93a4ee4943f64cb724a9e44dfe79ae19e16131ef3d514cc26c2f9e45f8,696355a5d230f7607fccf47600c3149601c3fe872aaebc65fde3ff9da7d61f28,factorized,factorized,False,,,0,0d9e5fdba57c30b9b0e238876011815027bab365040d0c605f74fba1987f67c5,b45f6d311a33a790cfe03615f347a4626e5c0a6412309c39e4d07882f98a09c0,770c3d348365b7f744f2eaee964b61cc57615c10f8ca9a47a061ac03ee1c343e
cath663,1xqbA,1xqb,A,sword2-rust,factorized,factorized-accuracy,,,False,0,0.19861568324267864,10560,"[""/home/chili/cretin/PROJECTS/SWORD2/target/release/sword2"",""-i"",""/home/chili/cretin/PROJECTS/SWORD2/benchmark/cache/chains/1xqbA.pdb"",""-o"",""/home/chili/cretin/PROJECTS/SWORD2/benchmark/results_factorized_locked_model_attempt6/raw/sword2-rust/1xqbA"",""-j"",""1"",""--use-factorized-ranker""]","[""<binary>"",""-i"",""<input_structure>"",""-o"",""<process_output>"",""-j"",""1"",""--use-factorized-ranker""]",repository_root,b6c1bb7688d240d14f205af689a79983f3e59c078ff8fcd87fd6b7a002faca35,raw/sword2-rust/1xqbA/1xqbA_A/summary.json,43df11165ace3fe9b58077d8650af411900ccf8ea3ab46a53e57bbbe090fabf6,e3b0c44298fc1c149afbf4c8996fb92427ae41e4649b934ca495991b7852b855,17ea5c28e3cf135c958cebb7d316adb7573ece0ce575dd7afacb4fd5697dcd26,696355a5d230f7607fccf47600c3149601c3fe872aaebc65fde3ff9da7d61f28,factorized,factorized,False,,,0,0d9e5fdba57c30b9b0e238876011815027bab365040d0c605f74fba1987f67c5,b45f6d311a33a790cfe03615f347a4626e5c0a6412309c39e4d07882f98a09c0,770c3d348365b7f744f2eaee964b61cc57615c10f8ca9a47a061ac03ee1c343e
cath663,1xubA,1xub,A,sword2-rust,factorized,factorized-accuracy,,,False,0,0.4272939972579479,13008,"[""/home/chili/cretin/PROJECTS/SWORD2/target/release/sword2"",""-i"",""/home/chili/cretin/PROJECTS/SWORD2/benchmark/cache/chains/1xubA.pdb"",""-o"",""/home/chili/cretin/PROJECTS/SWORD2/benchmark/results_factorized_locked_model_attempt6/raw/sword2-rust/1xubA"",""-j"",""1"",""--use-factorized-ranker""]","[""<binary>"",""-i"",""<input_structure>"",""-o"",""<process_output>"",""-j"",""1"",""--use-factorized-ranker""]",repository_root,5754a995f6ee94b7a88da40ed2522165c0a495204a18f27f25cbb3186cb69be9,raw/sword2-rust/1xubA/1xubA_A/summary.json,55203a6bb88ef089548a8d5354df0942be130cc94f392697b781c9686ffe4f9d,e3b0c44298fc1c149afbf4c8996fb92427ae41e4649b934ca495991b7852b855,9968bcb9dedbed5817b64a518cb1ab438576c3918d8fa90c539e9ce21d30e09c,696355a5d230f7607fccf47600c3149601c3fe872aaebc65fde3ff9da7d61f28,factorized,factorized,False,,,0,0d9e5fdba57c30b9b0e238876011815027bab365040d0c605f74fba1987f67c5,b45f6d311a33a790cfe03615f347a4626e5c0a6412309c39e4d07882f98a09c0,770c3d348365b7f744f2eaee964b61cc57615c10f8ca9a47a061ac03ee1c343e
cath663,1y2mA,1y2m,A,sword2-rust,factorized,factorized-accuracy,,,False,0,1.6361304791644216,57140,"[""/home/chili/cretin/PROJECTS/SWORD2/target/release/sword2"",""-i"",""/home/chili/cretin/PROJECTS/SWORD2/benchmark/cache/chains/1y2mA.pdb"",""-o"",""/home/chili/cretin/PROJECTS/SWORD2/benchmark/results_factorized_locked_model_attempt6/raw/sword2-rust/1y2mA"",""-j"",""1"",""--use-factorized-ranker""]","[""<binary>"",""-i"",""<input_structure>"",""-o"",""<process_output>"",""-j"",""1"",""--use-factorized-ranker""]",repository_root,cd6d0ddf02dd8782c59124a711c5aa2f7b8e2cd73c8e181687dc3d9eb33aab33,raw/sword2-rust/1y2mA/1y2mA_A/summary.json,0a32e679be24ab669fc1cd85862034bbb2a32e5c149f94bb29c2b3804595ef04,e3b0c44298fc1c149afbf4c8996fb92427ae41e4649b934ca495991b7852b855,1026e68eea73efb4e3ea1e6b71f1b18da5d7ba32dc72c071c6976e40f0f071d0,58f1b0158d545f247ea44630c6af8bde6352f01b2f3c1ecfc50cddc45bccca86,factorized,legacy,True,structural_quality_abstention,factorized_fallback,0,0d9e5fdba57c30b9b0e238876011815027bab365040d0c605f74fba1987f67c5,b45f6d311a33a790cfe03615f347a4626e5c0a6412309c39e4d07882f98a09c0,770c3d348365b7f744f2eaee964b61cc57615c10f8ca9a47a061ac03ee1c343e
cath663,1y2mC,1y2m,C,sword2-rust,factorized,factorized-accuracy,,,False,0,1.6476313453167677,55488,"[""/home/chili/cretin/PROJECTS/SWORD2/target/release/sword2"",""-i"",""/home/chili/cretin/PROJECTS/SWORD2/benchmark/cache/chains/1y2mC.pdb"",""-o"",""/home/chili/cretin/PROJECTS/SWORD2/benchmark/results_factorized_locked_model_attempt6/raw/sword2-rust/1y2mC"",""-j"",""1"",""--use-factorized-ranker""]","[""<binary>"",""-i"",""<input_structure>"",""-o"",""<process_output>"",""-j"",""1"",""--use-factorized-ranker""]",repository_root,fc4511f8a5b2a3f9a00bb66d67126e1cb930bfe8a38dcb04d23e5d86ee0fe2d0,raw/sword2-rust/1y2mC/1y2mC_C/summary.json,099f097400fcd341c72e8616ad23018bf07e201dedf02babc67c64b341f9bf54,e3b0c44298fc1c149afbf4c8996fb92427ae41e4649b934ca495991b7852b855,8848f5b48bcde6e4dc173563449d00a6b825d56b8aa295a8845c25b605fd1208,58f1b0158d545f247ea44630c6af8bde6352f01b2f3c1ecfc50cddc45bccca86,factorized,legacy,True,structural_quality_abstention,factorized_fallback,0,0d9e5fdba57c30b9b0e238876011815027bab365040d0c605f74fba1987f67c5,b45f6d311a33a790cfe03615f347a4626e5c0a6412309c39e4d07882f98a09c0,770c3d348365b7f744f2eaee964b61cc57615c10f8ca9a47a061ac03ee1c343e
cath663,1y2mD,1y2m,D,sword2-rust,factorized,factorized-accuracy,,,False,0,1.585939253680408,53060,"[""/home/chili/cretin/PROJECTS/SWORD2/target/release/sword2"",""-i"",""/home/chili/cretin/PROJECTS/SWORD2/benchmark/cache/chains/1y2mD.pdb"",""-o"",""/home/chili/cretin/PROJECTS/SWORD2/benchmark/results_factorized_locked_model_attempt6/raw/sword2-rust/1y2mD"",""-j"",""1"",""--use-factorized-ranker""]","[""<binary>"",""-i"",""<input_structure>"",""-o"",""<process_output>"",""-j"",""1"",""--use-factorized-ranker""]",repository_root,81cc5e1ccd468beddb9069169c803bec5bbbae07ab64d2678371b0b62ba6758e,raw/sword2-rust/1y2mD/1y2mD_D/summary.json,b8a51bf531076c578467ede4c6b55915f7f09b39aefc1ff87903b0462e8f07cf,e3b0c44298fc1c149afbf4c8996fb92427ae41e4649b934ca495991b7852b855,463d93e7d67247d55014a0e2c8cf6287db445702bdb3467f621f3301a8258f94,58f1b0158d545f247ea44630c6af8bde6352f01b2f3c1ecfc50cddc45bccca86,factorized,legacy,True,structural_quality_abstention,factorized_fallback,0,0d9e5fdba57c30b9b0e238876011815027bab365040d0c605f74fba1987f67c5,b45f6d311a33a790cfe03615f347a4626e5c0a6412309c39e4d07882f98a09c0,770c3d348365b7f744f2eaee964b61cc57615c10f8ca9a47a061ac03ee1c343e
cath663,1ycnA,1ycn,A,sword2-rust,factorized,factorized-accuracy,,,False,0,0.36546371318399906,14784,"[""/home/chili/cretin/PROJECTS/SWORD2/target/release/sword2"",""-i"",""/home/chili/cretin/PROJECTS/SWORD2/benchmark/cache/chains/1ycnA.pdb"",""-o"",""/home/chili/cretin/PROJECTS/SWORD2/benchmark/results_factorized_locked_model_attempt6/raw/sword2-rust/1ycnA"",""-j"",""1"",""--use-factorized-ranker""]","[""<binary>"",""-i"",""<input_structure>"",""-o"",""<process_output>"",""-j"",""1"",""--use-factorized-ranker""]",repository_root,21e0d8e36bd7d00fd0ca9514f0cf48147bd5eacac6a2d7c46cb8cf644b1ead4d,raw/sword2-rust/1ycnA/1ycnA_A/summary.json,a009ad6551372ecc6145fe4fb279425ccf865507899e3d3ec3cb3fc52b77f4fc,e3b0c44298fc1c149afbf4c8996fb92427ae41e4649b934ca495991b7852b855,24c728863b760fdcb931851a8b070c07f599e9b20b5dd474c2f6f3f68fbff941,696355a5d230f7607fccf47600c3149601c3fe872aaebc65fde3ff9da7d61f28,factorized,factorized,False,,,0,0d9e5fdba57c30b9b0e238876011815027bab365040d0c605f74fba1987f67c5,b45f6d311a33a790cfe03615f347a4626e5c0a6412309c39e4d07882f98a09c0,770c3d348365b7f744f2eaee964b61cc57615c10f8ca9a47a061ac03ee1c343e
cath663,1ye9A,1ye9,A,sword2-rust,factorized,factorized-accuracy,,,False,0,0.26546964701265097,11840,"[""/home/chili/cretin/PROJECTS/SWORD2/target/release/sword2"",""-i"",""/home/chili/cretin/PROJECTS/SWORD2/benchmark/cache/chains/1ye9A.pdb"",""-o"",""/home/chili/cretin/PROJECTS/SWORD2/benchmark/results_factorized_locked_model_attempt6/raw/sword2-rust/1ye9A"",""-j"",""1"",""--use-factorized-ranker""]","[""<binary>"",""-i"",""<input_structure>"",""-o"",""<process_output>"",""-j"",""1"",""--use-factorized-ranker""]",repository_root,a469d7260429f15b4e8efc6b2a50104998edece59acb86cb69715704b102e28f,raw/sword2-rust/1ye9A/1ye9A_A/summary.json,ac37c04d8ed38242b875b96bdc06868af3a3392dfe8a9a21c0591fd59b5d8335,e3b0c44298fc1c149afbf4c8996fb92427ae41e4649b934ca495991b7852b855,36f1f10f684f112b4093aaa25184e825466847758d3c6c84b4b272b0155b9630,696355a5d230f7607fccf47600c3149601c3fe872aaebc65fde3ff9da7d61f28,factorized,factorized,False,,,0,0d9e5fdba57c30b9b0e238876011815027bab365040d0c605f74fba1987f67c5,b45f6d311a33a790cfe03615f347a4626e5c0a6412309c39e4d07882f98a09c0,770c3d348365b7f744f2eaee964b61cc57615c10f8ca9a47a061ac03ee1c343e
cath663,1yfmA,1yfm,A,sword2-rust,factorized,factorized-accuracy,,,False,0,1.0629681162536144,33236,"[""/home/chili/cretin/PROJECTS/SWORD2/target/release/sword2"",""-i"",""/home/chili/cretin/PROJECTS/SWORD2/benchmark/cache/chains/1yfmA.pdb"",""-o"",""/home/chili/cretin/PROJECTS/SWORD2/benchmark/results_factorized_locked_model_attempt6/raw/sword2-rust/1yfmA"",""-j"",""1"",""--use-factorized-ranker""]","[""<binary>"",""-i"",""<input_structure>"",""-o"",""<process_output>"",""-j"",""1"",""--use-factorized-ranker""]",repository_root,2518e479e02a296381fba9414a6d166ef1add351415ff1a0a2a4288aacdf8ab2,raw/sword2-rust/1yfmA/1yfmA_A/summary.json,f92e94d9467756c5dc2e709b534e2813269b878c27f743fe6715d1277606348d,e3b0c44298fc1c149afbf4c8996fb92427ae41e4649b934ca495991b7852b855,5dc9e5429b641116150d678154faf977400eb3824f81fe595c547db47f4db7b5,696355a5d230f7607fccf47600c3149601c3fe872aaebc65fde3ff9da7d61f28,factorized,factorized,False,,,0,0d9e5fdba57c30b9b0e238876011815027bab365040d0c605f74fba1987f67c5,b45f6d311a33a790cfe03615f347a4626e5c0a6412309c39e4d07882f98a09c0,770c3d348365b7f744f2eaee964b61cc57615c10f8ca9a47a061ac03ee1c343e
cath663,1yiiA,1yii,A,sword2-rust,factorized,factorized-accuracy,,,False,0,0.48038283782079816,14872,"[""/home/chili/cretin/PROJECTS/SWORD2/target/release/sword2"",""-i"",""/home/chili/cretin/PROJECTS/SWORD2/benchmark/cache/chains/1yiiA.pdb"",""-o"",""/home/chili/cretin/PROJECTS/SWORD2/benchmark/results_factorized_locked_model_attempt6/raw/sword2-rust/1yiiA"",""-j"",""1"",""--use-factorized-ranker""]","[""<binary>"",""-i"",""<input_structure>"",""-o"",""<process_output>"",""-j"",""1"",""--use-factorized-ranker""]",repository_root,027b639726f51ab8ae21e7aed875511b43bc770d0cdb294ad4430a21d2cb8273,raw/sword2-rust/1yiiA/1yiiA_A/summary.json,116e1d954c16db9bfa4cdfca3bf93384743a5b4e0a4adb1f899f3477bf99a643,e3b0c44298fc1c149afbf4c8996fb92427ae41e4649b934ca495991b7852b855,a18072b54760e2f8385a960393a08f996efd6cbcbb4ab37fc5112dd86f79b1a4,696355a5d230f7607fccf47600c3149601c3fe872aaebc65fde3ff9da7d61f28,factorized,factorized,False,,,0,0d9e5fdba57c30b9b0e238876011815027bab365040d0c605f74fba1987f67c5,b45f6d311a33a790cfe03615f347a4626e5c0a6412309c39e4d07882f98a09c0,770c3d348365b7f744f2eaee964b61cc57615c10f8ca9a47a061ac03ee1c343e
cath663,1yisA,1yis,A,sword2-rust,factorized,factorized-accuracy,,,False,0,0.6874003089033067,23704,"[""/home/chili/cretin/PROJECTS/SWORD2/target/release/sword2"",""-i"",""/home/chili/cretin/PROJECTS/SWORD2/benchmark/cache/chains/1yisA.pdb"",""-o"",""/home/chili/cretin/PROJECTS/SWORD2/benchmark/results_factorized_locked_model_attempt6/raw/sword2-rust/1yisA"",""-j"",""1"",""--use-factorized-ranker""]","[""<binary>"",""-i"",""<input_structure>"",""-o"",""<process_output>"",""-j"",""1"",""--use-factorized-ranker""]",repository_root,12cb803ee4536600f7da90603bb7ec6ab6763aaa992cd586cb3f13b4f537cab1,raw/sword2-rust/1yisA/1yisA_A/summary.json,97c17803b9385addf1ebd8e1bd781bd5483e1e39fa749c5d08f32f164d3c2d43,e3b0c44298fc1c149afbf4c8996fb92427ae41e4649b934ca495991b7852b855,6c1fb700bb629062fbc6a1ce077ac0199a485441cdc3686859113966a9be5da2,696355a5d230f7607fccf47600c3149601c3fe872aaebc65fde3ff9da7d61f28,factorized,factorized,False,,,0,0d9e5fdba57c30b9b0e238876011815027bab365040d0c605f74fba1987f67c5,b45f6d311a33a790cfe03615f347a4626e5c0a6412309c39e4d07882f98a09c0,770c3d348365b7f744f2eaee964b61cc57615c10f8ca9a47a061ac03ee1c343e
cath663,1ym5A,1ym5,A,sword2-rust,factorized,factorized-accuracy,,,False,0,0.3897719853557646,14164,"[""/home/chili/cretin/PROJECTS/SWORD2/target/release/sword2"",""-i"",""/home/chili/cretin/PROJECTS/SWORD2/benchmark/cache/chains/1ym5A.pdb"",""-o"",""/home/chili/cretin/PROJECTS/SWORD2/benchmark/results_factorized_locked_model_attempt6/raw/sword2-rust/1ym5A"",""-j"",""1"",""--use-factorized-ranker""]","[""<binary>"",""-i"",""<input_structure>"",""-o"",""<process_output>"",""-j"",""1"",""--use-factorized-ranker""]",repository_root,6001bdcc039a6cb8fb5562e89e738e853d71ec8a71bad4f56a1f0b19d23d633b,raw/sword2-rust/1ym5A/1ym5A_A/summary.json,17ed94820c63246a7f8660a84c57e34cd2e9134d7f46c7ef3e773194fb154a41,e3b0c44298fc1c149afbf4c8996fb92427ae41e4649b934ca495991b7852b855,1a19655b1abb73f3dabb07c75896643b527a67e34d196350e56b857e6744dfa2,696355a5d230f7607fccf47600c3149601c3fe872aaebc65fde3ff9da7d61f28,factorized,factorized,False,,,0,0d9e5fdba57c30b9b0e238876011815027bab365040d0c605f74fba1987f67c5,b45f6d311a33a790cfe03615f347a4626e5c0a6412309c39e4d07882f98a09c0,770c3d348365b7f744f2eaee964b61cc57615c10f8ca9a47a061ac03ee1c343e
cath663,1yu0A,1yu0,A,sword2-rust,factorized,factorized-accuracy,,,False,0,0.537756476085633,18848,"[""/home/chili/cretin/PROJECTS/SWORD2/target/release/sword2"",""-i"",""/home/chili/cretin/PROJECTS/SWORD2/benchmark/cache/chains/1yu0A.pdb"",""-o"",""/home/chili/cretin/PROJECTS/SWORD2/benchmark/results_factorized_locked_model_attempt6/raw/sword2-rust/1yu0A"",""-j"",""1"",""--use-factorized-ranker""]","[""<binary>"",""-i"",""<input_structure>"",""-o"",""<process_output>"",""-j"",""1"",""--use-factorized-ranker""]",repository_root,12f67cac7ebb7dbcfd442b100f67700841b211738817f95ea68e7ae3254427d9,raw/sword2-rust/1yu0A/1yu0A_A/summary.json,be2d8fc4afdb701692d83c5f5dad0deeddef59411973147e5dd92ae56d83ca86,e3b0c44298fc1c149afbf4c8996fb92427ae41e4649b934ca495991b7852b855,09688a0088cc5e42cfd27a2e7b7238540048908067ec7a0e849ed077991f5e25,696355a5d230f7607fccf47600c3149601c3fe872aaebc65fde3ff9da7d61f28,factorized,factorized,False,,,0,0d9e5fdba57c30b9b0e238876011815027bab365040d0c605f74fba1987f67c5,b45f6d311a33a790cfe03615f347a4626e5c0a6412309c39e4d07882f98a09c0,770c3d348365b7f744f2eaee964b61cc57615c10f8ca9a47a061ac03ee1c343e
cath663,1yu2A,1yu2,A,sword2-rust,factorized,factorized-accuracy,,,False,0,0.44539720192551613,16908,"[""/home/chili/cretin/PROJECTS/SWORD2/target/release/sword2"",""-i"",""/home/chili/cretin/PROJECTS/SWORD2/benchmark/cache/chains/1yu2A.pdb"",""-o"",""/home/chili/cretin/PROJECTS/SWORD2/benchmark/results_factorized_locked_model_attempt6/raw/sword2-rust/1yu2A"",""-j"",""1"",""--use-factorized-ranker""]","[""<binary>"",""-i"",""<input_structure>"",""-o"",""<process_output>"",""-j"",""1"",""--use-factorized-ranker""]",repository_root,7318c6dec3ff295b9428da99d7dc5f3a6dea711e04c1d63077ba9699a8637b1e,raw/sword2-rust/1yu2A/1yu2A_A/summary.json,b368168d3ab95b83516a295c0bd5b2e20dcff3f4e266c5b3b87eae5dd8ac750e,e3b0c44298fc1c149afbf4c8996fb92427ae41e4649b934ca495991b7852b855,ddb83c07e5af776888555d509b6ebda1cd41ba3995b9fc94653f7742b7b92710,696355a5d230f7607fccf47600c3149601c3fe872aaebc65fde3ff9da7d61f28,factorized,factorized,False,,,0,0d9e5fdba57c30b9b0e238876011815027bab365040d0c605f74fba1987f67c5,b45f6d311a33a790cfe03615f347a4626e5c0a6412309c39e4d07882f98a09c0,770c3d348365b7f744f2eaee964b61cc57615c10f8ca9a47a061ac03ee1c343e
cath663,1yy3A,1yy3,A,sword2-rust,factorized,factorized-accuracy,,,False,0,0.4296929119154811,15756,"[""/home/chili/cretin/PROJECTS/SWORD2/target/release/sword2"",""-i"",""/home/chili/cretin/PROJECTS/SWORD2/benchmark/cache/chains/1yy3A.pdb"",""-o"",""/home/chili/cretin/PROJECTS/SWORD2/benchmark/results_factorized_locked_model_attempt6/raw/sword2-rust/1yy3A"",""-j"",""1"",""--use-factorized-ranker""]","[""<binary>"",""-i"",""<input_structure>"",""-o"",""<process_output>"",""-j"",""1"",""--use-factorized-ranker""]",repository_root,14d4336fcb1f68ae21eea7a187ff9cf1be1ffbea1b4164e7dcc2e060e57d0d10,raw/sword2-rust/1yy3A/1yy3A_A/summary.json,7990a85be6a7d5ab37f34bed2940118fc048d1f2461e07bf82f37b8df55c86c0,e3b0c44298fc1c149afbf4c8996fb92427ae41e4649b934ca495991b7852b855,c32ff8e014f1f630ee8110072232c7bf4bb9fc02cc80d72eb46bfb5983e8406f,696355a5d230f7607fccf47600c3149601c3fe872aaebc65fde3ff9da7d61f28,factorized,factorized,False,,,0,0d9e5fdba57c30b9b0e238876011815027bab365040d0c605f74fba1987f67c5,b45f6d311a33a790cfe03615f347a4626e5c0a6412309c39e4d07882f98a09c0,770c3d348365b7f744f2eaee964b61cc57615c10f8ca9a47a061ac03ee1c343e
cath663,1z1nX,1z1n,X,sword2-rust,factorized,factorized-accuracy,,,False,0,0.8043865170329809,26704,"[""/home/chili/cretin/PROJECTS/SWORD2/target/release/sword2"",""-i"",""/home/chili/cretin/PROJECTS/SWORD2/benchmark/cache/chains/1z1nX.pdb"",""-o"",""/home/chili/cretin/PROJECTS/SWORD2/benchmark/results_factorized_locked_model_attempt6/raw/sword2-rust/1z1nX"",""-j"",""1"",""--use-factorized-ranker""]","[""<binary>"",""-i"",""<input_structure>"",""-o"",""<process_output>"",""-j"",""1"",""--use-factorized-ranker""]",repository_root,840d421d0fb7a877de158153d64c5777112e1955a8c5f31f2be2c71aa2f504f6,raw/sword2-rust/1z1nX/1z1nX_X/summary.json,d45bb8638a1116d99c20cb9fe7e061ad3497f310d78c03090a8b89bcf35a4543,e3b0c44298fc1c149afbf4c8996fb92427ae41e4649b934ca495991b7852b855,ca9e308aefdd6a79c0ccb1e15fff4a4ab792e1c423fddcef5605725d0c67cb26,696355a5d230f7607fccf47600c3149601c3fe872aaebc65fde3ff9da7d61f28,factorized,factorized,False,,,0,0d9e5fdba57c30b9b0e238876011815027bab365040d0c605f74fba1987f67c5,b45f6d311a33a790cfe03615f347a4626e5c0a6412309c39e4d07882f98a09c0,770c3d348365b7f744f2eaee964b61cc57615c10f8ca9a47a061ac03ee1c343e
cath663,1z2zA,1z2z,A,sword2-rust,factorized,factorized-accuracy,,,False,0,0.7959164222702384,25012,"[""/home/chili/cretin/PROJECTS/SWORD2/target/release/sword2"",""-i"",""/home/chili/cretin/PROJECTS/SWORD2/benchmark/cache/chains/1z2zA.pdb"",""-o"",""/home/chili/cretin/PROJECTS/SWORD2/benchmark/results_factorized_locked_model_attempt6/raw/sword2-rust/1z2zA"",""-j"",""1"",""--use-factorized-ranker""]","[""<binary>"",""-i"",""<input_structure>"",""-o"",""<process_output>"",""-j"",""1"",""--use-factorized-ranker""]",repository_root,b7645cf095cc0de756adadd85eba3282034413dec018ad531ab60882d88c22e1,raw/sword2-rust/1z2zA/1z2zA_A/summary.json,12574dbc7c0e3b08dcaf6771c4c782454c7ff6c5c28eea7ba65151ecb60bc651,e3b0c44298fc1c149afbf4c8996fb92427ae41e4649b934ca495991b7852b855,f60c77f69c0cf94d851fff50d9086a5d890ffe604782efbbcafded9775211506,696355a5d230f7607fccf47600c3149601c3fe872aaebc65fde3ff9da7d61f28,factorized,factorized,False,,,0,0d9e5fdba57c30b9b0e238876011815027bab365040d0c605f74fba1987f67c5,b45f6d311a33a790cfe03615f347a4626e5c0a6412309c39e4d07882f98a09c0,770c3d348365b7f744f2eaee964b61cc57615c10f8ca9a47a061ac03ee1c343e
cath663,1z3uA,1z3u,A,sword2-rust,factorized,factorized-accuracy,,,False,0,0.13773459382355213,11840,"[""/home/chili/cretin/PROJECTS/SWORD2/target/release/sword2"",""-i"",""/home/chili/cretin/PROJECTS/SWORD2/benchmark/cache/chains/1z3uA.pdb"",""-o"",""/home/chili/cretin/PROJECTS/SWORD2/benchmark/results_factorized_locked_model_attempt6/raw/sword2-rust/1z3uA"",""-j"",""1"",""--use-factorized-ranker""]","[""<binary>"",""-i"",""<input_structure>"",""-o"",""<process_output>"",""-j"",""1"",""--use-factorized-ranker""]",repository_root,a47a2b42f0c9b6b4b19546efb2dcdceff6fb2ea921f4d945cae2605db9c05c4d,raw/sword2-rust/1z3uA/1z3uA_A/summary.json,37212f19711d9fd1050eb60aee35e3216c43b9dfba66392acad71a4392d1561c,e3b0c44298fc1c149afbf4c8996fb92427ae41e4649b934ca495991b7852b855,9ece4a31346410413677ce86b09ebc07d2e87282acce8538a3e44fb054a82fd3,696355a5d230f7607fccf47600c3149601c3fe872aaebc65fde3ff9da7d61f28,factorized,factorized,False,,,0,0d9e5fdba57c30b9b0e238876011815027bab365040d0c605f74fba1987f67c5,b45f6d311a33a790cfe03615f347a4626e5c0a6412309c39e4d07882f98a09c0,770c3d348365b7f744f2eaee964b61cc57615c10f8ca9a47a061ac03ee1c343e
cath663,1zhxA,1zhx,A,sword2-rust,factorized,factorized-accuracy,,,False,0,0.9408024703152478,27380,"[""/home/chili/cretin/PROJECTS/SWORD2/target/release/sword2"",""-i"",""/home/chili/cretin/PROJECTS/SWORD2/benchmark/cache/chains/1zhxA.pdb"",""-o"",""/home/chili/cretin/PROJECTS/SWORD2/benchmark/results_factorized_locked_model_attempt6/raw/sword2-rust/1zhxA"",""-j"",""1"",""--use-factorized-ranker""]","[""<binary>"",""-i"",""<input_structure>"",""-o"",""<process_output>"",""-j"",""1"",""--use-factorized-ranker""]",repository_root,032369f75ab78d0748d8fbcfd0fe6df9a8dde41d56a5d2e8c3d51cff76ef8890,raw/sword2-rust/1zhxA/1zhxA_A/summary.json,da7fef5d134bc67c41b1a3509c17e3f10d339667652a5dd8c72ecc29d655b26f,e3b0c44298fc1c149afbf4c8996fb92427ae41e4649b934ca495991b7852b855,e8f0e58e85f2a948682a36d6c89c9c35ea63b8e74de4089c2e132b3f9c44b475,696355a5d230f7607fccf47600c3149601c3fe872aaebc65fde3ff9da7d61f28,factorized,factorized,False,,,0,0d9e5fdba57c30b9b0e238876011815027bab365040d0c605f74fba1987f67c5,b45f6d311a33a790cfe03615f347a4626e5c0a6412309c39e4d07882f98a09c0,770c3d348365b7f744f2eaee964b61cc57615c10f8ca9a47a061ac03ee1c343e
cath663,2ab5A,2ab5,A,sword2-rust,factorized,factorized-accuracy,,,False,0,0.39916661009192467,11440,"[""/home/chili/cretin/PROJECTS/SWORD2/target/release/sword2"",""-i"",""/home/chili/cretin/PROJECTS/SWORD2/benchmark/cache/chains/2ab5A.pdb"",""-o"",""/home/chili/cretin/PROJECTS/SWORD2/benchmark/results_factorized_locked_model_attempt6/raw/sword2-rust/2ab5A"",""-j"",""1"",""--use-factorized-ranker""]","[""<binary>"",""-i"",""<input_structure>"",""-o"",""<process_output>"",""-j"",""1"",""--use-factorized-ranker""]",repository_root,1506f0fb5fa643179d7bb3cf263bc8a3e3caf9fb175f7808a98a6f033fd76b20,raw/sword2-rust/2ab5A/2ab5A_A/summary.json,55fea4fe59417ac6db331144fda0690b05cbe39cdb337425814383cf82ea3483,e3b0c44298fc1c149afbf4c8996fb92427ae41e4649b934ca495991b7852b855,bae0123991036bc6101e05946545b8d9e5bbde86f7c9ab2b36bc701cd52cb0fc,696355a5d230f7607fccf47600c3149601c3fe872aaebc65fde3ff9da7d61f28,factorized,factorized,False,,,0,0d9e5fdba57c30b9b0e238876011815027bab365040d0c605f74fba1987f67c5,b45f6d311a33a790cfe03615f347a4626e5c0a6412309c39e4d07882f98a09c0,770c3d348365b7f744f2eaee964b61cc57615c10f8ca9a47a061ac03ee1c343e
cath663,2ab5B,2ab5,B,sword2-rust,factorized,factorized-accuracy,,,False,0,0.2796892700716853,11688,"[""/home/chili/cretin/PROJECTS/SWORD2/target/release/sword2"",""-i"",""/home/chili/cretin/PROJECTS/SWORD2/benchmark/cache/chains/2ab5B.pdb"",""-o"",""/home/chili/cretin/PROJECTS/SWORD2/benchmark/results_factorized_locked_model_attempt6/raw/sword2-rust/2ab5B"",""-j"",""1"",""--use-factorized-ranker""]","[""<binary>"",""-i"",""<input_structure>"",""-o"",""<process_output>"",""-j"",""1"",""--use-factorized-ranker""]",repository_root,47bc0160854f9ba7836db36147c3fc34e4ea1b7a095f5d54cafaddf9cbefcb43,raw/sword2-rust/2ab5B/2ab5B_B/summary.json,6f2e533b449f80c43571e54460fcf3d5f8b83ef2ef12c59aa28f92e2c3ed1751,e3b0c44298fc1c149afbf4c8996fb92427ae41e4649b934ca495991b7852b855,a7e16622c0ff3404ad1e414108b74a58aaabd98a05f34e40b42871b92226a28b,696355a5d230f7607fccf47600c3149601c3fe872aaebc65fde3ff9da7d61f28,factorized,factorized,False,,,0,0d9e5fdba57c30b9b0e238876011815027bab365040d0c605f74fba1987f67c5,b45f6d311a33a790cfe03615f347a4626e5c0a6412309c39e4d07882f98a09c0,770c3d348365b7f744f2eaee964b61cc57615c10f8ca9a47a061ac03ee1c343e
cath663,2ae0X,2ae0,X,sword2-rust,factorized,factorized-accuracy,,,False,0,0.466817834880203,14408,"[""/home/chili/cretin/PROJECTS/SWORD2/target/release/sword2"",""-i"",""/home/chili/cretin/PROJECTS/SWORD2/benchmark/cache/chains/2ae0X.pdb"",""-o"",""/home/chili/cretin/PROJECTS/SWORD2/benchmark/results_factorized_locked_model_attempt6/raw/sword2-rust/2ae0X"",""-j"",""1"",""--use-factorized-ranker""]","[""<binary>"",""-i"",""<input_structure>"",""-o"",""<process_output>"",""-j"",""1"",""--use-factorized-ranker""]",repository_root,16c95a01c9ec4c5c560fda5df034a5ef4af1d4ac9ac8fb289249ba1d92b0f09f,raw/sword2-rust/2ae0X/2ae0X_X/summary.json,9aeeba388147c61ca06f8024318807fed6811b87bf56855d72eec4b035a347b0,e3b0c44298fc1c149afbf4c8996fb92427ae41e4649b934ca495991b7852b855,21f465fef7d12df68f374ce7e81b2d7f7436e7ad734c0ed278be776dde71f9cc,696355a5d230f7607fccf47600c3149601c3fe872aaebc65fde3ff9da7d61f28,factorized,factorized,False,,,0,0d9e5fdba57c30b9b0e238876011815027bab365040d0c605f74fba1987f67c5,b45f6d311a33a790cfe03615f347a4626e5c0a6412309c39e4d07882f98a09c0,770c3d348365b7f744f2eaee964b61cc57615c10f8ca9a47a061ac03ee1c343e
cath663,2af4C,2af4,C,sword2-rust,factorized,factorized-accuracy,,,False,0,0.4904323420487344,18064,"[""/home/chili/cretin/PROJECTS/SWORD2/target/release/sword2"",""-i"",""/home/chili/cretin/PROJECTS/SWORD2/benchmark/cache/chains/2af4C.pdb"",""-o"",""/home/chili/cretin/PROJECTS/SWORD2/benchmark/results_factorized_locked_model_attempt6/raw/sword2-rust/2af4C"",""-j"",""1"",""--use-factorized-ranker""]","[""<binary>"",""-i"",""<input_structure>"",""-o"",""<process_output>"",""-j"",""1"",""--use-factorized-ranker""]",repository_root,96a2b3897237d1c19624062f32cad30169dee3cdad4cf33d2921f55a462636b9,raw/sword2-rust/2af4C/2af4C_C/summary.json,8f28de78dc9dbb24fc5317b88dbf797517058ea7e99996f30ae105ae8bed65c0,e3b0c44298fc1c149afbf4c8996fb92427ae41e4649b934ca495991b7852b855,fce0c4c7cdf11f05f1e35e5512b7b652e65683d51ffa5e072b72fb71de3df87b,696355a5d230f7607fccf47600c3149601c3fe872aaebc65fde3ff9da7d61f28,factorized,factorized,False,,,0,0d9e5fdba57c30b9b0e238876011815027bab365040d0c605f74fba1987f67c5,b45f6d311a33a790cfe03615f347a4626e5c0a6412309c39e4d07882f98a09c0,770c3d348365b7f744f2eaee964b61cc57615c10f8ca9a47a061ac03ee1c343e
cath663,2auaA,2aua,A,sword2-rust,factorized,factorized-accuracy,,,False,0,0.2509375596418977,11200,"[""/home/chili/cretin/PROJECTS/SWORD2/target/release/sword2"",""-i"",""/home/chili/cretin/PROJECTS/SWORD2/benchmark/cache/chains/2auaA.pdb"",""-o"",""/home/chili/cretin/PROJECTS/SWORD2/benchmark/results_factorized_locked_model_attempt6/raw/sword2-rust/2auaA"",""-j"",""1"",""--use-factorized-ranker""]","[""<binary>"",""-i"",""<input_structure>"",""-o"",""<process_output>"",""-j"",""1"",""--use-factorized-ranker""]",repository_root,d42191f0f3f67ace92f1be75e35933e6cc7fd2a3d350890ec450a9b077de31ed,raw/sword2-rust/2auaA/2auaA_A/summary.json,c64373cb1b734e1538cf882dc89bd077c8d52ea93cbee534273042440e4ff1e0,e3b0c44298fc1c149afbf4c8996fb92427ae41e4649b934ca495991b7852b855,9eef2df3f5291787b85b4be6efca1fc83adc9125bce7f93679ca1ff597d4dde5,696355a5d230f7607fccf47600c3149601c3fe872aaebc65fde3ff9da7d61f28,factorized,factorized,False,,,0,0d9e5fdba57c30b9b0e238876011815027bab365040d0c605f74fba1987f67c5,b45f6d311a33a790cfe03615f347a4626e5c0a6412309c39e4d07882f98a09c0,770c3d348365b7f744f2eaee964b61cc57615c10f8ca9a47a061ac03ee1c343e
cath663,2azpA,2azp,A,sword2-rust,factorized,factorized-accuracy,,,False,0,0.4352013422176242,15748,"[""/home/chili/cretin/PROJECTS/SWORD2/target/release/sword2"",""-i"",""/home/chili/cretin/PROJECTS/SWORD2/benchmark/cache/chains/2azpA.pdb"",""-o"",""/home/chili/cretin/PROJECTS/SWORD2/benchmark/results_factorized_locked_model_attempt6/raw/sword2-rust/2azpA"",""-j"",""1"",""--use-factorized-ranker""]","[""<binary>"",""-i"",""<input_structure>"",""-o"",""<process_output>"",""-j"",""1"",""--use-factorized-ranker""]",repository_root,57e8ede355166d570594edcdca355996dba8530b9cdf6aaac5aa1e5422585438,raw/sword2-rust/2azpA/2azpA_A/summary.json,dfd278c6d5674bd53ac8a75b3f3bb2542074f5c0ea6e10c3f162b461051ccd4a,e3b0c44298fc1c149afbf4c8996fb92427ae41e4649b934ca495991b7852b855,76ca619c090646c62b83b48fa656ea15ccbeae88ca6409a1f86bfed6d012fdf0,696355a5d230f7607fccf47600c3149601c3fe872aaebc65fde3ff9da7d61f28,factorized,factorized,False,,,0,0d9e5fdba57c30b9b0e238876011815027bab365040d0c605f74fba1987f67c5,b45f6d311a33a790cfe03615f347a4626e5c0a6412309c39e4d07882f98a09c0,770c3d348365b7f744f2eaee964b61cc57615c10f8ca9a47a061ac03ee1c343e
cath663,2b5uA,2b5u,A,sword2-rust,factorized,factorized-accuracy,,,False,0,0.9003506237640977,24876,"[""/home/chili/cretin/PROJECTS/SWORD2/target/release/sword2"",""-i"",""/home/chili/cretin/PROJECTS/SWORD2/benchmark/cache/chains/2b5uA.pdb"",""-o"",""/home/chili/cretin/PROJECTS/SWORD2/benchmark/results_factorized_locked_model_attempt6/raw/sword2-rust/2b5uA"",""-j"",""1"",""--use-factorized-ranker""]","[""<binary>"",""-i"",""<input_structure>"",""-o"",""<process_output>"",""-j"",""1"",""--use-factorized-ranker""]",repository_root,45ca8eeca0966a61235efc25af8501bb98b8a1bc7e5abea03e6d5a26e2b31764,raw/sword2-rust/2b5uA/2b5uA_A/summary.json,cb54f11e3718697decf5ad31a5907771d31690390d82acf18638e4c4dcc4e384,e3b0c44298fc1c149afbf4c8996fb92427ae41e4649b934ca495991b7852b855,cf118b725670789914445e45dc1c1234842fde7a34374ac9d6ea47f661064d6f,696355a5d230f7607fccf47600c3149601c3fe872aaebc65fde3ff9da7d61f28,factorized,factorized,False,,,0,0d9e5fdba57c30b9b0e238876011815027bab365040d0c605f74fba1987f67c5,b45f6d311a33a790cfe03615f347a4626e5c0a6412309c39e4d07882f98a09c0,770c3d348365b7f744f2eaee964b61cc57615c10f8ca9a47a061ac03ee1c343e
cath663,2bh0A,2bh0,A,sword2-rust,factorized,factorized-accuracy,,,False,0,0.18746691662818193,11520,"[""/home/chili/cretin/PROJECTS/SWORD2/target/release/sword2"",""-i"",""/home/chili/cretin/PROJECTS/SWORD2/benchmark/cache/chains/2bh0A.pdb"",""-o"",""/home/chili/cretin/PROJECTS/SWORD2/benchmark/results_factorized_locked_model_attempt6/raw/sword2-rust/2bh0A"",""-j"",""1"",""--use-factorized-ranker""]","[""<binary>"",""-i"",""<input_structure>"",""-o"",""<process_output>"",""-j"",""1"",""--use-factorized-ranker""]",repository_root,324df267922cab28b06a4a5cd1edfcb95737b85bc70e408378f1dd77a36d47f2,raw/sword2-rust/2bh0A/2bh0A_A/summary.json,c52bab7ae1d7cf725ff12086ed90f576094e5a3116da289d6e618b3811ef1ed5,e3b0c44298fc1c149afbf4c8996fb92427ae41e4649b934ca495991b7852b855,4f673273942b19b1545fffbfbd439cf30021d7052d3650d020938ca338f60e5a,696355a5d230f7607fccf47600c3149601c3fe872aaebc65fde3ff9da7d61f28,factorized,factorized,False,,,0,0d9e5fdba57c30b9b0e238876011815027bab365040d0c605f74fba1987f67c5,b45f6d311a33a790cfe03615f347a4626e5c0a6412309c39e4d07882f98a09c0,770c3d348365b7f744f2eaee964b61cc57615c10f8ca9a47a061ac03ee1c343e
cath663,2c10A,2c10,A,sword2-rust,factorized,factorized-accuracy,,,False,0,1.393142409157008,48164,"[""/home/chili/cretin/PROJECTS/SWORD2/target/release/sword2"",""-i"",""/home/chili/cretin/PROJECTS/SWORD2/benchmark/cache/chains/2c10A.pdb"",""-o"",""/home/chili/cretin/PROJECTS/SWORD2/benchmark/results_factorized_locked_model_attempt6/raw/sword2-rust/2c10A"",""-j"",""1"",""--use-factorized-ranker""]","[""<binary>"",""-i"",""<input_structure>"",""-o"",""<process_output>"",""-j"",""1"",""--use-factorized-ranker""]",repository_root,96e1370c5e950ab65980e5c88bae062c6c69bf53151f1512459cd9ba4d8682cf,raw/sword2-rust/2c10A/2c10A_A/summary.json,835f375130090fbdc090afcb4455de073373cc767957bc42fc4d4fb9f9d022a2,e3b0c44298fc1c149afbf4c8996fb92427ae41e4649b934ca495991b7852b855,86d6e3885a8a484601a59cdc6505aa75877318bbf9ff1852e4af7cb7b93e48c8,58f1b0158d545f247ea44630c6af8bde6352f01b2f3c1ecfc50cddc45bccca86,factorized,legacy,True,structural_quality_abstention,factorized_fallback,0,0d9e5fdba57c30b9b0e238876011815027bab365040d0c605f74fba1987f67c5,b45f6d311a33a790cfe03615f347a4626e5c0a6412309c39e4d07882f98a09c0,770c3d348365b7f744f2eaee964b61cc57615c10f8ca9a47a061ac03ee1c343e
cath663,2c4iA,2c4i,A,sword2-rust,factorized,factorized-accuracy,,,False,0,0.2760034534148872,11840,"[""/home/chili/cretin/PROJECTS/SWORD2/target/release/sword2"",""-i"",""/home/chili/cretin/PROJECTS/SWORD2/benchmark/cache/chains/2c4iA.pdb"",""-o"",""/home/chili/cretin/PROJECTS/SWORD2/benchmark/results_factorized_locked_model_attempt6/raw/sword2-rust/2c4iA"",""-j"",""1"",""--use-factorized-ranker""]","[""<binary>"",""-i"",""<input_structure>"",""-o"",""<process_output>"",""-j"",""1"",""--use-factorized-ranker""]",repository_root,a306ba31999bb7859ef92df0fdee699ba622ae4e50e0ec80dabb0f1534be048d,raw/sword2-rust/2c4iA/2c4iA_A/summary.json,a92bd31fe666828f1fcccd7bfc8918000e6a4b61f6171238f8edb5fb9b7e46a7,e3b0c44298fc1c149afbf4c8996fb92427ae41e4649b934ca495991b7852b855,2a3c0d71c4e4dc6d8561e84c50c7bf1da93e5364101ae91ce8ff99debd454995,696355a5d230f7607fccf47600c3149601c3fe872aaebc65fde3ff9da7d61f28,factorized,factorized,False,,,0,0d9e5fdba57c30b9b0e238876011815027bab365040d0c605f74fba1987f67c5,b45f6d311a33a790cfe03615f347a4626e5c0a6412309c39e4d07882f98a09c0,770c3d348365b7f744f2eaee964b61cc57615c10f8ca9a47a061ac03ee1c343e
cath663,2cvcA,2cvc,A,sword2-rust,factorized,factorized-accuracy,,,False,0,0.8758645900525153,22816,"[""/home/chili/cretin/PROJECTS/SWORD2/target/release/sword2"",""-i"",""/home/chili/cretin/PROJECTS/SWORD2/benchmark/cache/chains/2cvcA.pdb"",""-o"",""/home/chili/cretin/PROJECTS/SWORD2/benchmark/results_factorized_locked_model_attempt6/raw/sword2-rust/2cvcA"",""-j"",""1"",""--use-factorized-ranker""]","[""<binary>"",""-i"",""<input_structure>"",""-o"",""<process_output>"",""-j"",""1"",""--use-factorized-ranker""]",repository_root,1b15ce7053e4fe4483d49180fe65431f9e68b1d59d0108545b01c23e9687c4d8,raw/sword2-rust/2cvcA/2cvcA_A/summary.json,f0fe8a4f0c541b39f7bd46b6a1dac612e4c9266c4941a2bf28003e3f59c80185,e3b0c44298fc1c149afbf4c8996fb92427ae41e4649b934ca495991b7852b855,c065002778fc3eb12f59e683dec1cc1a2e460193c30fe960c7503498a5a00c59,696355a5d230f7607fccf47600c3149601c3fe872aaebc65fde3ff9da7d61f28,factorized,factorized,False,,,0,0d9e5fdba57c30b9b0e238876011815027bab365040d0c605f74fba1987f67c5,b45f6d311a33a790cfe03615f347a4626e5c0a6412309c39e4d07882f98a09c0,770c3d348365b7f744f2eaee964b61cc57615c10f8ca9a47a061ac03ee1c343e
cath663,2cw8A,2cw8,A,sword2-rust,factorized,factorized-accuracy,,,False,0,1.3863554778508842,38296,"[""/home/chili/cretin/PROJECTS/SWORD2/target/release/sword2"",""-i"",""/home/chili/cretin/PROJECTS/SWORD2/benchmark/cache/chains/2cw8A.pdb"",""-o"",""/home/chili/cretin/PROJECTS/SWORD2/benchmark/results_factorized_locked_model_attempt6/raw/sword2-rust/2cw8A"",""-j"",""1"",""--use-factorized-ranker""]","[""<binary>"",""-i"",""<input_structure>"",""-o"",""<process_output>"",""-j"",""1"",""--use-factorized-ranker""]",repository_root,b1440e3922711683aa710913cf98f96499bdfc05a95d38846deb3c6a663a7277,raw/sword2-rust/2cw8A/2cw8A_A/summary.json,8815e91bc7472e1cd0a1fa5ea2e979e98ac8f0ba2be87c477a4fd60e811ee3c6,e3b0c44298fc1c149afbf4c8996fb92427ae41e4649b934ca495991b7852b855,2845adc1b7db6fbf99bc3421f859be9d1d4a8a4ba3854be1942766013a5c6314,696355a5d230f7607fccf47600c3149601c3fe872aaebc65fde3ff9da7d61f28,factorized,factorized,False,,,0,0d9e5fdba57c30b9b0e238876011815027bab365040d0c605f74fba1987f67c5,b45f6d311a33a790cfe03615f347a4626e5c0a6412309c39e4d07882f98a09c0,770c3d348365b7f744f2eaee964b61cc57615c10f8ca9a47a061ac03ee1c343e
cath663,2cxaA,2cxa,A,sword2-rust,factorized,factorized-accuracy,,,False,0,0.4525540708564222,11520,"[""/home/chili/cretin/PROJECTS/SWORD2/target/release/sword2"",""-i"",""/home/chili/cretin/PROJECTS/SWORD2/benchmark/cache/chains/2cxaA.pdb"",""-o"",""/home/chili/cretin/PROJECTS/SWORD2/benchmark/results_factorized_locked_model_attempt6/raw/sword2-rust/2cxaA"",""-j"",""1"",""--use-factorized-ranker""]","[""<binary>"",""-i"",""<input_structure>"",""-o"",""<process_output>"",""-j"",""1"",""--use-factorized-ranker""]",repository_root,c13272eae5481d729035c098e1613d2beabacde0b3e29be3b632c6135a989d51,raw/sword2-rust/2cxaA/2cxaA_A/summary.json,5a23b2945cf769850a43f6cf13b70df316b44bdf54b098464971eac1712cd6cc,e3b0c44298fc1c149afbf4c8996fb92427ae41e4649b934ca495991b7852b855,befd4586f6c0cac44f80871636ebd071541ab12b3c6bd505d8629ae2286e0375,696355a5d230f7607fccf47600c3149601c3fe872aaebc65fde3ff9da7d61f28,factorized,factorized,False,,,0,0d9e5fdba57c30b9b0e238876011815027bab365040d0c605f74fba1987f67c5,b45f6d311a33a790cfe03615f347a4626e5c0a6412309c39e4d07882f98a09c0,770c3d348365b7f744f2eaee964b61cc57615c10f8ca9a47a061ac03ee1c343e
cath663,2czrA,2czr,A,sword2-rust,factorized,factorized-accuracy,,,False,0,0.4724270789884031,11784,"[""/home/chili/cretin/PROJECTS/SWORD2/target/release/sword2"",""-i"",""/home/chili/cretin/PROJECTS/SWORD2/benchmark/cache/chains/2czrA.pdb"",""-o"",""/home/chili/cretin/PROJECTS/SWORD2/benchmark/results_factorized_locked_model_attempt6/raw/sword2-rust/2czrA"",""-j"",""1"",""--use-factorized-ranker""]","[""<binary>"",""-i"",""<input_structure>"",""-o"",""<process_output>"",""-j"",""1"",""--use-factorized-ranker""]",repository_root,82a2376ba3d4d971b4807d346fc69e5513efe42073d5f15403d409acc9524332,raw/sword2-rust/2czrA/2czrA_A/summary.json,4a4bf4f805c3d250419df7db0c950f8903361bbe68a26f1aa0979ee910591eb1,e3b0c44298fc1c149afbf4c8996fb92427ae41e4649b934ca495991b7852b855,460b936a5eb8a00c3d5e717ec0e2fb42bed07bf3ca2e2a56e668ab3204f172c7,696355a5d230f7607fccf47600c3149601c3fe872aaebc65fde3ff9da7d61f28,factorized,factorized,False,,,0,0d9e5fdba57c30b9b0e238876011815027bab365040d0c605f74fba1987f67c5,b45f6d311a33a790cfe03615f347a4626e5c0a6412309c39e4d07882f98a09c0,770c3d348365b7f744f2eaee964b61cc57615c10f8ca9a47a061ac03ee1c343e
cath663,2d3aA,2d3a,A,sword2-rust,factorized,factorized-accuracy,,,False,0,1.1794858556240797,23284,"[""/home/chili/cretin/PROJECTS/SWORD2/target/release/sword2"",""-i"",""/home/chili/cretin/PROJECTS/SWORD2/benchmark/cache/chains/2d3aA.pdb"",""-o"",""/home/chili/cretin/PROJECTS/SWORD2/benchmark/results_factorized_locked_model_attempt6/raw/sword2-rust/2d3aA"",""-j"",""1"",""--use-factorized-ranker""]","[""<binary>"",""-i"",""<input_structure>"",""-o"",""<process_output>"",""-j"",""1"",""--use-factorized-ranker""]",repository_root,5ff64de387f2dbc581e1098918a65e984ae5445fa45e239e7848a42d2b39f688,raw/sword2-rust/2d3aA/2d3aA_A/summary.json,ca87ccdecda352505a7d1a150845833533b279975456b992d869e320f8a10195,e3b0c44298fc1c149afbf4c8996fb92427ae41e4649b934ca495991b7852b855,6654d4f7e2fb9a3d3b0ba99f99a6bd1e6d501d0ad18b75d43ce1ab0a0cdace76,696355a5d230f7607fccf47600c3149601c3fe872aaebc65fde3ff9da7d61f28,factorized,factorized,False,,,0,0d9e5fdba57c30b9b0e238876011815027bab365040d0c605f74fba1987f67c5,b45f6d311a33a790cfe03615f347a4626e5c0a6412309c39e4d07882f98a09c0,770c3d348365b7f744f2eaee964b61cc57615c10f8ca9a47a061ac03ee1c343e
cath663,2dchX,2dch,X,sword2-rust,factorized,factorized-accuracy,,,False,0,0.6185023738071322,11200,"[""/home/chili/cretin/PROJECTS/SWORD2/target/release/sword2"",""-i"",""/home/chili/cretin/PROJECTS/SWORD2/benchmark/cache/chains/2dchX.pdb"",""-o"",""/home/chili/cretin/PROJECTS/SWORD2/benchmark/results_factorized_locked_model_attempt6/raw/sword2-rust/2dchX"",""-j"",""1"",""--use-factorized-ranker""]","[""<binary>"",""-i"",""<input_structure>"",""-o"",""<process_output>"",""-j"",""1"",""--use-factorized-ranker""]",repository_root,91b3b503feb5f496bf6fab4d12d325b7ac42535c935fa7e8f40294b580a6bbc4,raw/sword2-rust/2dchX/2dchX_X/summary.json,006edeb9552f905c8666176432a6739ebfff009171a703897de88ec8230775b8,e3b0c44298fc1c149afbf4c8996fb92427ae41e4649b934ca495991b7852b855,c8527f18b726c79958175a705e25a463bda12d3c7e67a6cc5219b42b5837a3f5,696355a5d230f7607fccf47600c3149601c3fe872aaebc65fde3ff9da7d61f28,factorized,factorized,False,,,0,0d9e5fdba57c30b9b0e238876011815027bab365040d0c605f74fba1987f67c5,b45f6d311a33a790cfe03615f347a4626e5c0a6412309c39e4d07882f98a09c0,770c3d348365b7f744f2eaee964b61cc57615c10f8ca9a47a061ac03ee1c343e
cath663,2dfuA,2dfu,A,sword2-rust,factorized,factorized-accuracy,,,False,0,0.8745409408584237,11364,"[""/home/chili/cretin/PROJECTS/SWORD2/target/release/sword2"",""-i"",""/home/chili/cretin/PROJECTS/SWORD2/benchmark/cache/chains/2dfuA.pdb"",""-o"",""/home/chili/cretin/PROJECTS/SWORD2/benchmark/results_factorized_locked_model_attempt6/raw/sword2-rust/2dfuA"",""-j"",""1"",""--use-factorized-ranker""]","[""<binary>"",""-i"",""<input_structure>"",""-o"",""<process_output>"",""-j"",""1"",""--use-factorized-ranker""]",repository_root,4217e97b8c3f894cff25910abc4c30389f6f7642cb8592f31b7cde7db40f21be,raw/sword2-rust/2dfuA/2dfuA_A/summary.json,9c7a55f680f49110ce9b266a7b70313b338f293020c24eb10dae2c9c4e9e80df,e3b0c44298fc1c149afbf4c8996fb92427ae41e4649b934ca495991b7852b855,839a812b28bbbe738654e54273e8e7e5e1b0905a79c7825b573eb437c637d793,696355a5d230f7607fccf47600c3149601c3fe872aaebc65fde3ff9da7d61f28,factorized,factorized,False,,,0,0d9e5fdba57c30b9b0e238876011815027bab365040d0c605f74fba1987f67c5,b45f6d311a33a790cfe03615f347a4626e5c0a6412309c39e4d07882f98a09c0,770c3d348365b7f744f2eaee964b61cc57615c10f8ca9a47a061ac03ee1c343e
cath663,2dyiA,2dyi,A,sword2-rust,factorized,factorized-accuracy,,,False,0,0.6203612866811454,9600,"[""/home/chili/cretin/PROJECTS/SWORD2/target/release/sword2"",""-i"",""/home/chili/cretin/PROJECTS/SWORD2/benchmark/cache/chains/2dyiA.pdb"",""-o"",""/home/chili/cretin/PROJECTS/SWORD2/benchmark/results_factorized_locked_model_attempt6/raw/sword2-rust/2dyiA"",""-j"",""1"",""--use-factorized-ranker""]","[""<binary>"",""-i"",""<input_structure>"",""-o"",""<process_output>"",""-j"",""1"",""--use-factorized-ranker""]",repository_root,fff0cdc84cacb1dae0e5211c0b8b71189ef032c0be3cd6923ed8ab50f11557a0,raw/sword2-rust/2dyiA/2dyiA_A/summary.json,a9ffb1ae02058d47be243781535f82077b97055ee4df52163cdd30167f4bc731,e3b0c44298fc1c149afbf4c8996fb92427ae41e4649b934ca495991b7852b855,334d46419987a393fd98126c7f01e8b15ee1184dc057320cceef0167596f5699,696355a5d230f7607fccf47600c3149601c3fe872aaebc65fde3ff9da7d61f28,factorized,factorized,False,,,0,0d9e5fdba57c30b9b0e238876011815027bab365040d0c605f74fba1987f67c5,b45f6d311a33a790cfe03615f347a4626e5c0a6412309c39e4d07882f98a09c0,770c3d348365b7f744f2eaee964b61cc57615c10f8ca9a47a061ac03ee1c343e
cath663,2e1mC,2e1m,C,sword2-rust,factorized,factorized-accuracy,,,False,0,0.44550501415506005,9600,"[""/home/chili/cretin/PROJECTS/SWORD2/target/release/sword2"",""-i"",""/home/chili/cretin/PROJECTS/SWORD2/benchmark/cache/chains/2e1mC.pdb"",""-o"",""/home/chili/cretin/PROJECTS/SWORD2/benchmark/results_factorized_locked_model_attempt6/raw/sword2-rust/2e1mC"",""-j"",""1"",""--use-factorized-ranker""]","[""<binary>"",""-i"",""<input_structure>"",""-o"",""<process_output>"",""-j"",""1"",""--use-factorized-ranker""]",repository_root,afd842b96f2b7b692b31048b0b4f7f7eb294a4c554a7e28a89ef1f6309c42e36,raw/sword2-rust/2e1mC/2e1mC_C/summary.json,8fb4fa695e62d98a58badcff08a14f21e41cbd8ac9b69d0174b093fc5d24643a,e3b0c44298fc1c149afbf4c8996fb92427ae41e4649b934ca495991b7852b855,ed7d6fce2b5ea027d9d3eeaf65fac84e96f379ee490d523e87af24a549454e2e,696355a5d230f7607fccf47600c3149601c3fe872aaebc65fde3ff9da7d61f28,factorized,factorized,False,,,0,0d9e5fdba57c30b9b0e238876011815027bab365040d0c605f74fba1987f67c5,b45f6d311a33a790cfe03615f347a4626e5c0a6412309c39e4d07882f98a09c0,770c3d348365b7f744f2eaee964b61cc57615c10f8ca9a47a061ac03ee1c343e
cath663,2e84A,2e84,A,sword2-rust,factorized,factorized-accuracy,,,False,0,0.9547331091016531,22888,"[""/home/chili/cretin/PROJECTS/SWORD2/target/release/sword2"",""-i"",""/home/chili/cretin/PROJECTS/SWORD2/benchmark/cache/chains/2e84A.pdb"",""-o"",""/home/chili/cretin/PROJECTS/SWORD2/benchmark/results_factorized_locked_model_attempt6/raw/sword2-rust/2e84A"",""-j"",""1"",""--use-factorized-ranker""]","[""<binary>"",""-i"",""<input_structure>"",""-o"",""<process_output>"",""-j"",""1"",""--use-factorized-ranker""]",repository_root,ea134245f4bea7d0778af3d6338b067219a3a0e78c3d15a8d27029f0b6573cbc,raw/sword2-rust/2e84A/2e84A_A/summary.json,296715b400458ab0f59883d03ae9315bc87136b6fd599dca989cab822437bcf5,e3b0c44298fc1c149afbf4c8996fb92427ae41e4649b934ca495991b7852b855,82a2652cbf9d0599a18f597e43f9f5722059cb063c03c54f353d7c286f1ee2a0,696355a5d230f7607fccf47600c3149601c3fe872aaebc65fde3ff9da7d61f28,factorized,factorized,False,,,0,0d9e5fdba57c30b9b0e238876011815027bab365040d0c605f74fba1987f67c5,b45f6d311a33a790cfe03615f347a4626e5c0a6412309c39e4d07882f98a09c0,770c3d348365b7f744f2eaee964b61cc57615c10f8ca9a47a061ac03ee1c343e
cath663,2e9fB,2e9f,B,sword2-rust,factorized,factorized-accuracy,,,False,0,0.9563768468797207,25924,"[""/home/chili/cretin/PROJECTS/SWORD2/target/release/sword2"",""-i"",""/home/chili/cretin/PROJECTS/SWORD2/benchmark/cache/chains/2e9fB.pdb"",""-o"",""/home/chili/cretin/PROJECTS/SWORD2/benchmark/results_factorized_locked_model_attempt6/raw/sword2-rust/2e9fB"",""-j"",""1"",""--use-factorized-ranker""]","[""<binary>"",""-i"",""<input_structure>"",""-o"",""<process_output>"",""-j"",""1"",""--use-factorized-ranker""]",repository_root,75e8ddcb980f2e1d08400b9b282652feee2769337283f686fd68482717f98c8b,raw/sword2-rust/2e9fB/2e9fB_B/summary.json,b52ccae473709be7428d8c27e2c2f155e6897aafa30796e719a3e2b4786c4b63,e3b0c44298fc1c149afbf4c8996fb92427ae41e4649b934ca495991b7852b855,79fecc1a3cfda547472ef590f127504bf3d41472d6b92967c4c59c6e540c2c05,696355a5d230f7607fccf47600c3149601c3fe872aaebc65fde3ff9da7d61f28,factorized,factorized,False,,,0,0d9e5fdba57c30b9b0e238876011815027bab365040d0c605f74fba1987f67c5,b45f6d311a33a790cfe03615f347a4626e5c0a6412309c39e4d07882f98a09c0,770c3d348365b7f744f2eaee964b61cc57615c10f8ca9a47a061ac03ee1c343e
cath663,2etvA,2etv,A,sword2-rust,factorized,factorized-accuracy,,,False,0,0.831239371560514,15688,"[""/home/chili/cretin/PROJECTS/SWORD2/target/release/sword2"",""-i"",""/home/chili/cretin/PROJECTS/SWORD2/benchmark/cache/chains/2etvA.pdb"",""-o"",""/home/chili/cretin/PROJECTS/SWORD2/benchmark/results_factorized_locked_model_attempt6/raw/sword2-rust/2etvA"",""-j"",""1"",""--use-factorized-ranker""]","[""<binary>"",""-i"",""<input_structure>"",""-o"",""<process_output>"",""-j"",""1"",""--use-factorized-ranker""]",repository_root,9165fa44ecd90733d36ff2979490463b3e075a3a24b078e474cbae7382c5eb23,raw/sword2-rust/2etvA/2etvA_A/summary.json,145409460c2da76f5132e0053ff795811442485456599edf0ac6d460caf6464c,e3b0c44298fc1c149afbf4c8996fb92427ae41e4649b934ca495991b7852b855,5c4031ede61477b415e6fba5d8c7d2de7c623f545d64e312609c9cfd1ff17acd,696355a5d230f7607fccf47600c3149601c3fe872aaebc65fde3ff9da7d61f28,factorized,factorized,False,,,0,0d9e5fdba57c30b9b0e238876011815027bab365040d0c605f74fba1987f67c5,b45f6d311a33a790cfe03615f347a4626e5c0a6412309c39e4d07882f98a09c0,770c3d348365b7f744f2eaee964b61cc57615c10f8ca9a47a061ac03ee1c343e
cath663,2f1lA,2f1l,A,sword2-rust,factorized,factorized-accuracy,,,False,0,0.3261549291200936,9920,"[""/home/chili/cretin/PROJECTS/SWORD2/target/release/sword2"",""-i"",""/home/chili/cretin/PROJECTS/SWORD2/benchmark/cache/chains/2f1lA.pdb"",""-o"",""/home/chili/cretin/PROJECTS/SWORD2/benchmark/results_factorized_locked_model_attempt6/raw/sword2-rust/2f1lA"",""-j"",""1"",""--use-factorized-ranker""]","[""<binary>"",""-i"",""<input_structure>"",""-o"",""<process_output>"",""-j"",""1"",""--use-factorized-ranker""]",repository_root,54606707b2c0d44d85774bc3c2e1cd86e53c249c2b75dd57731bca117ffbb7da,raw/sword2-rust/2f1lA/2f1lA_A/summary.json,c2c70b50e017b15c61b2147fb89523327e275195b85aa7bf877a3bce5db35475,e3b0c44298fc1c149afbf4c8996fb92427ae41e4649b934ca495991b7852b855,9a1348104b95b1dc354004ddf5a11d3bcc1476a15986df50e9a039471d821b67,696355a5d230f7607fccf47600c3149601c3fe872aaebc65fde3ff9da7d61f28,factorized,factorized,False,,,0,0d9e5fdba57c30b9b0e238876011815027bab365040d0c605f74fba1987f67c5,b45f6d311a33a790cfe03615f347a4626e5c0a6412309c39e4d07882f98a09c0,770c3d348365b7f744f2eaee964b61cc57615c10f8ca9a47a061ac03ee1c343e
cath663,2fauA,2fau,A,sword2-rust,factorized,factorized-accuracy,,,False,0,0.8414066331461072,15144,"[""/home/chili/cretin/PROJECTS/SWORD2/target/release/sword2"",""-i"",""/home/chili/cretin/PROJECTS/SWORD2/benchmark/cache/chains/2fauA.pdb"",""-o"",""/home/chili/cretin/PROJECTS/SWORD2/benchmark/results_factorized_locked_model_attempt6/raw/sword2-rust/2fauA"",""-j"",""1"",""--use-factorized-ranker""]","[""<binary>"",""-i"",""<input_structure>"",""-o"",""<process_output>"",""-j"",""1"",""--use-factorized-ranker""]",repository_root,168a4fb3d3e651f129058f6ff49f7d68dda41579c05e6857361db56cfcca88d3,raw/sword2-rust/2fauA/2fauA_A/summary.json,3ff355cd763350d1959019746ab77124ca6dfdfff7b39208e474fc9f7d7b0e8c,e3b0c44298fc1c149afbf4c8996fb92427ae41e4649b934ca495991b7852b855,021a44e9961b6f0997cee3d6c35c3a68e6c610f47827e02118fab938b7b87b7c,696355a5d230f7607fccf47600c3149601c3fe872aaebc65fde3ff9da7d61f28,factorized,factorized,False,,,0,0d9e5fdba57c30b9b0e238876011815027bab365040d0c605f74fba1987f67c5,b45f6d311a33a790cfe03615f347a4626e5c0a6412309c39e4d07882f98a09c0,770c3d348365b7f744f2eaee964b61cc57615c10f8ca9a47a061ac03ee1c343e
cath663,2g5dA,2g5d,A,sword2-rust,factorized,factorized-accuracy,,,False,0,0.9602686078287661,23228,"[""/home/chili/cretin/PROJECTS/SWORD2/target/release/sword2"",""-i"",""/home/chili/cretin/PROJECTS/SWORD2/benchmark/cache/chains/2g5dA.pdb"",""-o"",""/home/chili/cretin/PROJECTS/SWORD2/benchmark/results_factorized_locked_model_attempt6/raw/sword2-rust/2g5dA"",""-j"",""1"",""--use-factorized-ranker""]","[""<binary>"",""-i"",""<input_structure>"",""-o"",""<process_output>"",""-j"",""1"",""--use-factorized-ranker""]",repository_root,38059ebaedef1de152a40b3ecf21cb192702707764e93521a805615196f15875,raw/sword2-rust/2g5dA/2g5dA_A/summary.json,c5a26abfff60db0125e72e8997f2ba2a11575ebe9714e4c82f05139d27f41993,e3b0c44298fc1c149afbf4c8996fb92427ae41e4649b934ca495991b7852b855,cb22ea9996465ed36c90c9d319f59d980fa6a0487ae0394312eab3cf5db34aaf,696355a5d230f7607fccf47600c3149601c3fe872aaebc65fde3ff9da7d61f28,factorized,factorized,False,,,0,0d9e5fdba57c30b9b0e238876011815027bab365040d0c605f74fba1987f67c5,b45f6d311a33a790cfe03615f347a4626e5c0a6412309c39e4d07882f98a09c0,770c3d348365b7f744f2eaee964b61cc57615c10f8ca9a47a061ac03ee1c343e
cath663,2g6gA,2g6g,A,sword2-rust,factorized,factorized-accuracy,,,False,0,0.9220223259180784,27388,"[""/home/chili/cretin/PROJECTS/SWORD2/target/release/sword2"",""-i"",""/home/chili/cretin/PROJECTS/SWORD2/benchmark/cache/chains/2g6gA.pdb"",""-o"",""/home/chili/cretin/PROJECTS/SWORD2/benchmark/results_factorized_locked_model_attempt6/raw/sword2-rust/2g6gA"",""-j"",""1"",""--use-factorized-ranker""]","[""<binary>"",""-i"",""<input_structure>"",""-o"",""<process_output>"",""-j"",""1"",""--use-factorized-ranker""]",repository_root,46a17269dea2421c0d20e22ab3a6b34610f6754d9db14a32284a9ace6a9c9228,raw/sword2-rust/2g6gA/2g6gA_A/summary.json,6cbc1ce1ee1fdcdc6c30f386c03562c0badc90460d77d83bf5b7e125521e116c,e3b0c44298fc1c149afbf4c8996fb92427ae41e4649b934ca495991b7852b855,ebe6a18ec3fc59e11f77d036c04440eefd33b91b0f4a5f193758b77a19000050,696355a5d230f7607fccf47600c3149601c3fe872aaebc65fde3ff9da7d61f28,factorized,factorized,False,,,0,0d9e5fdba57c30b9b0e238876011815027bab365040d0c605f74fba1987f67c5,b45f6d311a33a790cfe03615f347a4626e5c0a6412309c39e4d07882f98a09c0,770c3d348365b7f744f2eaee964b61cc57615c10f8ca9a47a061ac03ee1c343e
cath663,2gk9B,2gk9,B,sword2-rust,factorized,factorized-accuracy,,,False,0,0.5926149659790099,12480,"[""/home/chili/cretin/PROJECTS/SWORD2/target/release/sword2"",""-i"",""/home/chili/cretin/PROJECTS/SWORD2/benchmark/cache/chains/2gk9B.pdb"",""-o"",""/home/chili/cretin/PROJECTS/SWORD2/benchmark/results_factorized_locked_model_attempt6/raw/sword2-rust/2gk9B"",""-j"",""1"",""--use-factorized-ranker""]","[""<binary>"",""-i"",""<input_structure>"",""-o"",""<process_output>"",""-j"",""1"",""--use-factorized-ranker""]",repository_root,a49613d22419ca0aac3e34dab839d61390bd1c123ce6cfb04a27f45daca10c50,raw/sword2-rust/2gk9B/2gk9B_B/summary.json,729fb2a64c0fd9d0ec694a6c7c7ac7c04eff9d5fd6a0dfeefa3efc88444d13f8,e3b0c44298fc1c149afbf4c8996fb92427ae41e4649b934ca495991b7852b855,fc6408372b043de697aa4b2a7e2cdeb5c4b82664a252f06c2312d3c1e74236aa,696355a5d230f7607fccf47600c3149601c3fe872aaebc65fde3ff9da7d61f28,factorized,factorized,False,,,0,0d9e5fdba57c30b9b0e238876011815027bab365040d0c605f74fba1987f67c5,b45f6d311a33a790cfe03615f347a4626e5c0a6412309c39e4d07882f98a09c0,770c3d348365b7f744f2eaee964b61cc57615c10f8ca9a47a061ac03ee1c343e
cath663,2gkeA,2gke,A,sword2-rust,factorized,factorized-accuracy,,,False,0,0.564690641593188,12928,"[""/home/chili/cretin/PROJECTS/SWORD2/target/release/sword2"",""-i"",""/home/chili/cretin/PROJECTS/SWORD2/benchmark/cache/chains/2gkeA.pdb"",""-o"",""/home/chili/cretin/PROJECTS/SWORD2/benchmark/results_factorized_locked_model_attempt6/raw/sword2-rust/2gkeA"",""-j"",""1"",""--use-factorized-ranker""]","[""<binary>"",""-i"",""<input_structure>"",""-o"",""<process_output>"",""-j"",""1"",""--use-factorized-ranker""]",repository_root,e03f16542c0ab970d82b865af63b5a3bc086987b0f3330483c78926f03683996,raw/sword2-rust/2gkeA/2gkeA_A/summary.json,883af00236456d55873b8ebc0222fd9eec0f3dea0d49e61927f094dc823b70e6,e3b0c44298fc1c149afbf4c8996fb92427ae41e4649b934ca495991b7852b855,53e28c6bbd27a73abd11eb8dbb2fa466afd7956f3dd5dcb445d39a769643c061,696355a5d230f7607fccf47600c3149601c3fe872aaebc65fde3ff9da7d61f28,factorized,factorized,False,,,0,0d9e5fdba57c30b9b0e238876011815027bab365040d0c605f74fba1987f67c5,b45f6d311a33a790cfe03615f347a4626e5c0a6412309c39e4d07882f98a09c0,770c3d348365b7f744f2eaee964b61cc57615c10f8ca9a47a061ac03ee1c343e
cath663,2gruA,2gru,A,sword2-rust,factorized,factorized-accuracy,,,False,0,1.0133997211232781,22792,"[""/home/chili/cretin/PROJECTS/SWORD2/target/release/sword2"",""-i"",""/home/chili/cretin/PROJECTS/SWORD2/benchmark/cache/chains/2gruA.pdb"",""-o"",""/home/chili/cretin/PROJECTS/SWORD2/benchmark/results_factorized_locked_model_attempt6/raw/sword2-rust/2gruA"",""-j"",""1"",""--use-factorized-ranker""]","[""<binary>"",""-i"",""<input_structure>"",""-o"",""<process_output>"",""-j"",""1"",""--use-factorized-ranker""]",repository_root,50f2e6a57cd9371a0ac4c1726259fda33dd9e0195ac670a7214bd58b9f3ec254,raw/sword2-rust/2gruA/2gruA_A/summary.json,05bbba03286504d788720c8f0e584c6d2f767400f099a098c3f8a0c91ee4ffc9,e3b0c44298fc1c149afbf4c8996fb92427ae41e4649b934ca495991b7852b855,8c5fb9c81e94bd7cd9e91901c56b063984c9dee9e551bac8bc7723c221cc3cf0,696355a5d230f7607fccf47600c3149601c3fe872aaebc65fde3ff9da7d61f28,factorized,factorized,False,,,0,0d9e5fdba57c30b9b0e238876011815027bab365040d0c605f74fba1987f67c5,b45f6d311a33a790cfe03615f347a4626e5c0a6412309c39e4d07882f98a09c0,770c3d348365b7f744f2eaee964b61cc57615c10f8ca9a47a061ac03ee1c343e
cath663,2gu3A,2gu3,A,sword2-rust,factorized,factorized-accuracy,,,False,0,0.4041634672321379,9280,"[""/home/chili/cretin/PROJECTS/SWORD2/target/release/sword2"",""-i"",""/home/chili/cretin/PROJECTS/SWORD2/benchmark/cache/chains/2gu3A.pdb"",""-o"",""/home/chili/cretin/PROJECTS/SWORD2/benchmark/results_factorized_locked_model_attempt6/raw/sword2-rust/2gu3A"",""-j"",""1"",""--use-factorized-ranker""]","[""<binary>"",""-i"",""<input_structure>"",""-o"",""<process_output>"",""-j"",""1"",""--use-factorized-ranker""]",repository_root,c7b72e53198a570c7851d2eb858ba94a094729673cd02f218ff91d99a04eee6d,raw/sword2-rust/2gu3A/2gu3A_A/summary.json,a9b4f03d77a84f0c118985016d9407cdb6922373966beb99dadbaae0b8ec9d76,e3b0c44298fc1c149afbf4c8996fb92427ae41e4649b934ca495991b7852b855,fc69732e17d3f0abb19b1f3319142a57c785372e259dafa592acc327aeb723e1,696355a5d230f7607fccf47600c3149601c3fe872aaebc65fde3ff9da7d61f28,factorized,factorized,False,,,0,0d9e5fdba57c30b9b0e238876011815027bab365040d0c605f74fba1987f67c5,b45f6d311a33a790cfe03615f347a4626e5c0a6412309c39e4d07882f98a09c0,770c3d348365b7f744f2eaee964b61cc57615c10f8ca9a47a061ac03ee1c343e
cath663,2guwB,2guw,B,sword2-rust,factorized,factorized-accuracy,,,False,0,1.2190321190282702,29672,"[""/home/chili/cretin/PROJECTS/SWORD2/target/release/sword2"",""-i"",""/home/chili/cretin/PROJECTS/SWORD2/benchmark/cache/chains/2guwB.pdb"",""-o"",""/home/chili/cretin/PROJECTS/SWORD2/benchmark/results_factorized_locked_model_attempt6/raw/sword2-rust/2guwB"",""-j"",""1"",""--use-factorized-ranker""]","[""<binary>"",""-i"",""<input_structure>"",""-o"",""<process_output>"",""-j"",""1"",""--use-factorized-ranker""]",repository_root,117b4645706141110ac50e77f125b5db9683f828e86011648d8b5264da181662,raw/sword2-rust/2guwB/2guwB_B/summary.json,7b909006dd839ca62473d7da0b274b28dcc77e26b9860b8d71259e97f024a1dc,e3b0c44298fc1c149afbf4c8996fb92427ae41e4649b934ca495991b7852b855,2f8c0b9e057971bbba7dadc4d44044ab06afb94a5717356b4a1a986fec3fc1f7,696355a5d230f7607fccf47600c3149601c3fe872aaebc65fde3ff9da7d61f28,factorized,factorized,False,,,0,0d9e5fdba57c30b9b0e238876011815027bab365040d0c605f74fba1987f67c5,b45f6d311a33a790cfe03615f347a4626e5c0a6412309c39e4d07882f98a09c0,770c3d348365b7f744f2eaee964b61cc57615c10f8ca9a47a061ac03ee1c343e
cath663,2guwC,2guw,C,sword2-rust,factorized,factorized-accuracy,,,False,0,0.8611074299551547,19444,"[""/home/chili/cretin/PROJECTS/SWORD2/target/release/sword2"",""-i"",""/home/chili/cretin/PROJECTS/SWORD2/benchmark/cache/chains/2guwC.pdb"",""-o"",""/home/chili/cretin/PROJECTS/SWORD2/benchmark/results_factorized_locked_model_attempt6/raw/sword2-rust/2guwC"",""-j"",""1"",""--use-factorized-ranker""]","[""<binary>"",""-i"",""<input_structure>"",""-o"",""<process_output>"",""-j"",""1"",""--use-factorized-ranker""]",repository_root,ab4724b7495c9eb1f95557b0e5ef4425129c4ca1448ae8c0aeaf45903ba848f6,raw/sword2-rust/2guwC/2guwC_C/summary.json,0ada235158d0d77d676850d0d5e1f702ab7d2c479721a54fb465bbba40ed383b,e3b0c44298fc1c149afbf4c8996fb92427ae41e4649b934ca495991b7852b855,4e7ae8cfbc68d7336c2e04fa18cb0c6595ea2d8f4d271f92093613d54235f538,696355a5d230f7607fccf47600c3149601c3fe872aaebc65fde3ff9da7d61f28,factorized,factorized,False,,,0,0d9e5fdba57c30b9b0e238876011815027bab365040d0c605f74fba1987f67c5,b45f6d311a33a790cfe03615f347a4626e5c0a6412309c39e4d07882f98a09c0,770c3d348365b7f744f2eaee964b61cc57615c10f8ca9a47a061ac03ee1c343e
cath663,2h0lA,2h0l,A,sword2-rust,factorized,factorized-accuracy,,,False,0,0.6558806826360524,16636,"[""/home/chili/cretin/PROJECTS/SWORD2/target/release/sword2"",""-i"",""/home/chili/cretin/PROJECTS/SWORD2/benchmark/cache/chains/2h0lA.pdb"",""-o"",""/home/chili/cretin/PROJECTS/SWORD2/benchmark/results_factorized_locked_model_attempt6/raw/sword2-rust/2h0lA"",""-j"",""1"",""--use-factorized-ranker""]","[""<binary>"",""-i"",""<input_structure>"",""-o"",""<process_output>"",""-j"",""1"",""--use-factorized-ranker""]",repository_root,3a3672acc3f48ded98c11a3d649ef4a20e30a1287a5cf324683409a1a236bf49,raw/sword2-rust/2h0lA/2h0lA_A/summary.json,94536dbe14c9e0a49f6fa3c5318492bc1629467d01d9b2c94c92a1d97235eb56,e3b0c44298fc1c149afbf4c8996fb92427ae41e4649b934ca495991b7852b855,ee18810545d231288e2327b5d619f8266595b08ccf4ffc6b2ff0f25e77744db9,696355a5d230f7607fccf47600c3149601c3fe872aaebc65fde3ff9da7d61f28,factorized,factorized,False,,,0,0d9e5fdba57c30b9b0e238876011815027bab365040d0c605f74fba1987f67c5,b45f6d311a33a790cfe03615f347a4626e5c0a6412309c39e4d07882f98a09c0,770c3d348365b7f744f2eaee964b61cc57615c10f8ca9a47a061ac03ee1c343e
cath663,2h12A,2h12,A,sword2-rust,factorized,factorized-accuracy,,,False,0,1.1947429878637195,25792,"[""/home/chili/cretin/PROJECTS/SWORD2/target/release/sword2"",""-i"",""/home/chili/cretin/PROJECTS/SWORD2/benchmark/cache/chains/2h12A.pdb"",""-o"",""/home/chili/cretin/PROJECTS/SWORD2/benchmark/results_factorized_locked_model_attempt6/raw/sword2-rust/2h12A"",""-j"",""1"",""--use-factorized-ranker""]","[""<binary>"",""-i"",""<input_structure>"",""-o"",""<process_output>"",""-j"",""1"",""--use-factorized-ranker""]",repository_root,23944736940438e5cbb29ac1a6b220665978444aed78af6323c651897f9c9276,raw/sword2-rust/2h12A/2h12A_A/summary.json,e68826434095baf89576c565a4a78b928294163bda6c63f7d3bc1de02378a915,e3b0c44298fc1c149afbf4c8996fb92427ae41e4649b934ca495991b7852b855,2533295d85d9ebeb0661b657005dd53ad1673d8ffd7a6996a82359eab572894a,696355a5d230f7607fccf47600c3149601c3fe872aaebc65fde3ff9da7d61f28,factorized,factorized,False,,,0,0d9e5fdba57c30b9b0e238876011815027bab365040d0c605f74fba1987f67c5,b45f6d311a33a790cfe03615f347a4626e5c0a6412309c39e4d07882f98a09c0,770c3d348365b7f744f2eaee964b61cc57615c10f8ca9a47a061ac03ee1c343e
cath663,2h12B,2h12,B,sword2-rust,factorized,factorized-accuracy,,,False,0,0.9972433801740408,27128,"[""/home/chili/cretin/PROJECTS/SWORD2/target/release/sword2"",""-i"",""/home/chili/cretin/PROJECTS/SWORD2/benchmark/cache/chains/2h12B.pdb"",""-o"",""/home/chili/cretin/PROJECTS/SWORD2/benchmark/results_factorized_locked_model_attempt6/raw/sword2-rust/2h12B"",""-j"",""1"",""--use-factorized-ranker""]","[""<binary>"",""-i"",""<input_structure>"",""-o"",""<process_output>"",""-j"",""1"",""--use-factorized-ranker""]",repository_root,61a5780e6f8408c6199ea7783298d8d4a4f0c0b3ec0aa0b77f9bd7cbe8c978d4,raw/sword2-rust/2h12B/2h12B_B/summary.json,698d9761c4a967d9bd07f1f76b5af06aefca94537948fdac917589215b2c952b,e3b0c44298fc1c149afbf4c8996fb92427ae41e4649b934ca495991b7852b855,72186809a3c40b913f37179501374ab3e85da1ca2d312002949964199190153e,696355a5d230f7607fccf47600c3149601c3fe872aaebc65fde3ff9da7d61f28,factorized,factorized,False,,,0,0d9e5fdba57c30b9b0e238876011815027bab365040d0c605f74fba1987f67c5,b45f6d311a33a790cfe03615f347a4626e5c0a6412309c39e4d07882f98a09c0,770c3d348365b7f744f2eaee964b61cc57615c10f8ca9a47a061ac03ee1c343e
cath663,2h9fA,2h9f,A,sword2-rust,factorized,factorized-accuracy,,,False,0,0.8911283141933382,21216,"[""/home/chili/cretin/PROJECTS/SWORD2/target/release/sword2"",""-i"",""/home/chili/cretin/PROJECTS/SWORD2/benchmark/cache/chains/2h9fA.pdb"",""-o"",""/home/chili/cretin/PROJECTS/SWORD2/benchmark/results_factorized_locked_model_attempt6/raw/sword2-rust/2h9fA"",""-j"",""1"",""--use-factorized-ranker""]","[""<binary>"",""-i"",""<input_structure>"",""-o"",""<process_output>"",""-j"",""1"",""--use-factorized-ranker""]",repository_root,2d464f82da72599e568d86db4934af401ee56072123c3d7e4949b2f2bda91ea1,raw/sword2-rust/2h9fA/2h9fA_A/summary.json,4e9d98d7e48b302bc29295a4ff63e71c6c0f16c01f541f1bb9c9ef5e540d2831,e3b0c44298fc1c149afbf4c8996fb92427ae41e4649b934ca495991b7852b855,9fa814b4919eda516ec7a91cf02133798b1278fc7ee2ed80ba1aea410d7b8acd,696355a5d230f7607fccf47600c3149601c3fe872aaebc65fde3ff9da7d61f28,factorized,factorized,False,,,0,0d9e5fdba57c30b9b0e238876011815027bab365040d0c605f74fba1987f67c5,b45f6d311a33a790cfe03615f347a4626e5c0a6412309c39e4d07882f98a09c0,770c3d348365b7f744f2eaee964b61cc57615c10f8ca9a47a061ac03ee1c343e
cath663,2hb0A,2hb0,A,sword2-rust,factorized,factorized-accuracy,,,False,0,0.7180356290191412,18096,"[""/home/chili/cretin/PROJECTS/SWORD2/target/release/sword2"",""-i"",""/home/chili/cretin/PROJECTS/SWORD2/benchmark/cache/chains/2hb0A.pdb"",""-o"",""/home/chili/cretin/PROJECTS/SWORD2/benchmark/results_factorized_locked_model_attempt6/raw/sword2-rust/2hb0A"",""-j"",""1"",""--use-factorized-ranker""]","[""<binary>"",""-i"",""<input_structure>"",""-o"",""<process_output>"",""-j"",""1"",""--use-factorized-ranker""]",repository_root,18e0f8fa212eb7cdd5ed3da6c970e2989faf3c920c2965611649aec50218a9f0,raw/sword2-rust/2hb0A/2hb0A_A/summary.json,8b2aa210a9108ec4086652c1db15e4d26c159b74aa70a5ce0ca12be2f72e4406,e3b0c44298fc1c149afbf4c8996fb92427ae41e4649b934ca495991b7852b855,bf14a36c167e6518840fdd3339aa809850fdc18e9ddc02d137acc3116bdd72f6,696355a5d230f7607fccf47600c3149601c3fe872aaebc65fde3ff9da7d61f28,factorized,factorized,False,,,0,0d9e5fdba57c30b9b0e238876011815027bab365040d0c605f74fba1987f67c5,b45f6d311a33a790cfe03615f347a4626e5c0a6412309c39e4d07882f98a09c0,770c3d348365b7f744f2eaee964b61cc57615c10f8ca9a47a061ac03ee1c343e
cath663,2hczX,2hcz,X,sword2-rust,factorized,factorized-accuracy,,,False,0,0.6758375386707485,13576,"[""/home/chili/cretin/PROJECTS/SWORD2/target/release/sword2"",""-i"",""/home/chili/cretin/PROJECTS/SWORD2/benchmark/cache/chains/2hczX.pdb"",""-o"",""/home/chili/cretin/PROJECTS/SWORD2/benchmark/results_factorized_locked_model_attempt6/raw/sword2-rust/2hczX"",""-j"",""1"",""--use-factorized-ranker""]","[""<binary>"",""-i"",""<input_structure>"",""-o"",""<process_output>"",""-j"",""1"",""--use-factorized-ranker""]",repository_root,9bdaa2f2b1dabc6bf8f811f39f1bf00f1775a739e458996371f05bd607a81f47,raw/sword2-rust/2hczX/2hczX_X/summary.json,1ef079125eb0245de4830d0b5b54be89508f397dedfa6d7c53236f2eb9c286f1,e3b0c44298fc1c149afbf4c8996fb92427ae41e4649b934ca495991b7852b855,7806ad387f3fa5f8cf0f67ee4ff17448ce086989de054d4ea73100dda5346dc0,696355a5d230f7607fccf47600c3149601c3fe872aaebc65fde3ff9da7d61f28,factorized,factorized,False,,,0,0d9e5fdba57c30b9b0e238876011815027bab365040d0c605f74fba1987f67c5,b45f6d311a33a790cfe03615f347a4626e5c0a6412309c39e4d07882f98a09c0,770c3d348365b7f744f2eaee964b61cc57615c10f8ca9a47a061ac03ee1c343e
cath663,2hfzA,2hfz,A,sword2-rust,factorized,factorized-accuracy,,,False,0,1.7638654806651175,44388,"[""/home/chili/cretin/PROJECTS/SWORD2/target/release/sword2"",""-i"",""/home/chili/cretin/PROJECTS/SWORD2/benchmark/cache/chains/2hfzA.pdb"",""-o"",""/home/chili/cretin/PROJECTS/SWORD2/benchmark/results_factorized_locked_model_attempt6/raw/sword2-rust/2hfzA"",""-j"",""1"",""--use-factorized-ranker""]","[""<binary>"",""-i"",""<input_structure>"",""-o"",""<process_output>"",""-j"",""1"",""--use-factorized-ranker""]",repository_root,9ae467d1f8b4e6817817bbb53aeef2d00ce67ef28ae4f93a2ff006521f5c4b74,raw/sword2-rust/2hfzA/2hfzA_A/summary.json,6fdab9ca4e2fbf31b73be1e347c999d238789a616a6f786beb0a5c7075b4f7ec,e3b0c44298fc1c149afbf4c8996fb92427ae41e4649b934ca495991b7852b855,2ab3725d78d2906a9b111b2cbd6562ea314b1ba31416024ea8ff2c3f44bbe141,696355a5d230f7607fccf47600c3149601c3fe872aaebc65fde3ff9da7d61f28,factorized,factorized,False,,,0,0d9e5fdba57c30b9b0e238876011815027bab365040d0c605f74fba1987f67c5,b45f6d311a33a790cfe03615f347a4626e5c0a6412309c39e4d07882f98a09c0,770c3d348365b7f744f2eaee964b61cc57615c10f8ca9a47a061ac03ee1c343e
cath663,2hiyA,2hiy,A,sword2-rust,factorized,factorized-accuracy,,,False,0,0.29610825376585126,10560,"[""/home/chili/cretin/PROJECTS/SWORD2/target/release/sword2"",""-i"",""/home/chili/cretin/PROJECTS/SWORD2/benchmark/cache/chains/2hiyA.pdb"",""-o"",""/home/chili/cretin/PROJECTS/SWORD2/benchmark/results_factorized_locked_model_attempt6/raw/sword2-rust/2hiyA"",""-j"",""1"",""--use-factorized-ranker""]","[""<binary>"",""-i"",""<input_structure>"",""-o"",""<process_output>"",""-j"",""1"",""--use-factorized-ranker""]",repository_root,045920da908c30ddea683bfa960ff411f4abb37f24646a0b17cde7bdbbafc81c,raw/sword2-rust/2hiyA/2hiyA_A/summary.json,b692015bc342612027385060eb4af2159386e84e7b199cf9dc1e6c04726eea6b,e3b0c44298fc1c149afbf4c8996fb92427ae41e4649b934ca495991b7852b855,497cbc4717e95639cb3064cc4482b2a997a1a94b2c4319342f3e48ef3a787508,696355a5d230f7607fccf47600c3149601c3fe872aaebc65fde3ff9da7d61f28,factorized,factorized,False,,,0,0d9e5fdba57c30b9b0e238876011815027bab365040d0c605f74fba1987f67c5,b45f6d311a33a790cfe03615f347a4626e5c0a6412309c39e4d07882f98a09c0,770c3d348365b7f744f2eaee964b61cc57615c10f8ca9a47a061ac03ee1c343e
cath663,2hiyB,2hiy,B,sword2-rust,factorized,factorized-accuracy,,,False,0,0.4115370148792863,10240,"[""/home/chili/cretin/PROJECTS/SWORD2/target/release/sword2"",""-i"",""/home/chili/cretin/PROJECTS/SWORD2/benchmark/cache/chains/2hiyB.pdb"",""-o"",""/home/chili/cretin/PROJECTS/SWORD2/benchmark/results_factorized_locked_model_attempt6/raw/sword2-rust/2hiyB"",""-j"",""1"",""--use-factorized-ranker""]","[""<binary>"",""-i"",""<input_structure>"",""-o"",""<process_output>"",""-j"",""1"",""--use-factorized-ranker""]",repository_root,17a9611d8fb87aa57a59b87245022c6144e7d517c3136e7dcc601594164ba13c,raw/sword2-rust/2hiyB/2hiyB_B/summary.json,30cf23bf5c96a6c0e3df8638a1dc11bf0cb08680ba7e4df3f66f47d14d709ba1,e3b0c44298fc1c149afbf4c8996fb92427ae41e4649b934ca495991b7852b855,e7015da43caa9a952dff42826b1336919fbf0cf2266a9eb55a5de7f0a3c7c310,696355a5d230f7607fccf47600c3149601c3fe872aaebc65fde3ff9da7d61f28,factorized,factorized,False,,,0,0d9e5fdba57c30b9b0e238876011815027bab365040d0c605f74fba1987f67c5,b45f6d311a33a790cfe03615f347a4626e5c0a6412309c39e4d07882f98a09c0,770c3d348365b7f744f2eaee964b61cc57615c10f8ca9a47a061ac03ee1c343e
cath663,2hp0A,2hp0,A,sword2-rust,factorized,factorized-accuracy,,,False,0,0.8882516189478338,25384,"[""/home/chili/cretin/PROJECTS/SWORD2/target/release/sword2"",""-i"",""/home/chili/cretin/PROJECTS/SWORD2/benchmark/cache/chains/2hp0A.pdb"",""-o"",""/home/chili/cretin/PROJECTS/SWORD2/benchmark/results_factorized_locked_model_attempt6/raw/sword2-rust/2hp0A"",""-j"",""1"",""--use-factorized-ranker""]","[""<binary>"",""-i"",""<input_structure>"",""-o"",""<process_output>"",""-j"",""1"",""--use-factorized-ranker""]",repository_root,30ef472cd05d15b428789a608fba6ba90539f247a41cf487981e19047bcebb20,raw/sword2-rust/2hp0A/2hp0A_A/summary.json,27d91f10961f4a8d558debb7a38758226773854ce12eba4bf1f4bf6cae425cf7,e3b0c44298fc1c149afbf4c8996fb92427ae41e4649b934ca495991b7852b855,1b0a804ba7cbadd376ee162cb4e528ea678696ba8c201695353fd8f3c4dfa850,696355a5d230f7607fccf47600c3149601c3fe872aaebc65fde3ff9da7d61f28,factorized,factorized,False,,,0,0d9e5fdba57c30b9b0e238876011815027bab365040d0c605f74fba1987f67c5,b45f6d311a33a790cfe03615f347a4626e5c0a6412309c39e4d07882f98a09c0,770c3d348365b7f744f2eaee964b61cc57615c10f8ca9a47a061ac03ee1c343e
cath663,2hyvA,2hyv,A,sword2-rust,factorized,factorized-accuracy,,,False,0,0.5396770420484245,14476,"[""/home/chili/cretin/PROJECTS/SWORD2/target/release/sword2"",""-i"",""/home/chili/cretin/PROJECTS/SWORD2/benchmark/cache/chains/2hyvA.pdb"",""-o"",""/home/chili/cretin/PROJECTS/SWORD2/benchmark/results_factorized_locked_model_attempt6/raw/sword2-rust/2hyvA"",""-j"",""1"",""--use-factorized-ranker""]","[""<binary>"",""-i"",""<input_structure>"",""-o"",""<process_output>"",""-j"",""1"",""--use-factorized-ranker""]",repository_root,9e81d2590983760ca017673cb02847ed62362ad967801f6e6d4af3f24acacc32,raw/sword2-rust/2hyvA/2hyvA_A/summary.json,ab99f8745b112820ad29ee67578787e410bdaf301f2515e239bc5fe0a0c724e8,e3b0c44298fc1c149afbf4c8996fb92427ae41e4649b934ca495991b7852b855,8f40aa4f360ff02342eb601b0c8c1aa2068366c7eb0f9493ac174c75ccb8c54b,696355a5d230f7607fccf47600c3149601c3fe872aaebc65fde3ff9da7d61f28,factorized,factorized,False,,,0,0d9e5fdba57c30b9b0e238876011815027bab365040d0c605f74fba1987f67c5,b45f6d311a33a790cfe03615f347a4626e5c0a6412309c39e4d07882f98a09c0,770c3d348365b7f744f2eaee964b61cc57615c10f8ca9a47a061ac03ee1c343e
cath663,2hzmA,2hzm,A,sword2-rust,factorized,factorized-accuracy,,,False,0,0.40570680564269423,11520,"[""/home/chili/cretin/PROJECTS/SWORD2/target/release/sword2"",""-i"",""/home/chili/cretin/PROJECTS/SWORD2/benchmark/cache/chains/2hzmA.pdb"",""-o"",""/home/chili/cretin/PROJECTS/SWORD2/benchmark/results_factorized_locked_model_attempt6/raw/sword2-rust/2hzmA"",""-j"",""1"",""--use-factorized-ranker""]","[""<binary>"",""-i"",""<input_structure>"",""-o"",""<process_output>"",""-j"",""1"",""--use-factorized-ranker""]",repository_root,972d8854a4b58080b4b88711b08ad248d7620ef00083e3af1a956bac34c73116,raw/sword2-rust/2hzmA/2hzmA_A/summary.json,cd636c5a4c503227415c062a5c2b9b5d1256d8ced6f89b8206c642c0f0083a5e,e3b0c44298fc1c149afbf4c8996fb92427ae41e4649b934ca495991b7852b855,22bb30acc7a3e6572e5590894897c2b5b3689a429086d06d594d1e06d2134a8a,696355a5d230f7607fccf47600c3149601c3fe872aaebc65fde3ff9da7d61f28,factorized,factorized,False,,,0,0d9e5fdba57c30b9b0e238876011815027bab365040d0c605f74fba1987f67c5,b45f6d311a33a790cfe03615f347a4626e5c0a6412309c39e4d07882f98a09c0,770c3d348365b7f744f2eaee964b61cc57615c10f8ca9a47a061ac03ee1c343e
cath663,2hzmG,2hzm,G,sword2-rust,factorized,factorized-accuracy,,,False,0,0.18747976096346974,11520,"[""/home/chili/cretin/PROJECTS/SWORD2/target/release/sword2"",""-i"",""/home/chili/cretin/PROJECTS/SWORD2/benchmark/cache/chains/2hzmG.pdb"",""-o"",""/home/chili/cretin/PROJECTS/SWORD2/benchmark/results_factorized_locked_model_attempt6/raw/sword2-rust/2hzmG"",""-j"",""1"",""--use-factorized-ranker""]","[""<binary>"",""-i"",""<input_structure>"",""-o"",""<process_output>"",""-j"",""1"",""--use-factorized-ranker""]",repository_root,3469a6d84e8cb43a594da36ccaa82930035d7c8eab9325f8fd98d20d25828296,raw/sword2-rust/2hzmG/2hzmG_G/summary.json,748f215428a6ae7dd12451a65387d7c5114cf15496457a3d7532c3519947569c,e3b0c44298fc1c149afbf4c8996fb92427ae41e4649b934ca495991b7852b855,57890975ab23f6ec21bc5c3a04e1adb7382a6746b208289dd6a3d58dd18b713f,696355a5d230f7607fccf47600c3149601c3fe872aaebc65fde3ff9da7d61f28,factorized,factorized,False,,,0,0d9e5fdba57c30b9b0e238876011815027bab365040d0c605f74fba1987f67c5,b45f6d311a33a790cfe03615f347a4626e5c0a6412309c39e4d07882f98a09c0,770c3d348365b7f744f2eaee964b61cc57615c10f8ca9a47a061ac03ee1c343e
cath663,2ibpA,2ibp,A,sword2-rust,factorized,factorized-accuracy,,,False,0,0.9413621169514954,26748,"[""/home/chili/cretin/PROJECTS/SWORD2/target/release/sword2"",""-i"",""/home/chili/cretin/PROJECTS/SWORD2/benchmark/cache/chains/2ibpA.pdb"",""-o"",""/home/chili/cretin/PROJECTS/SWORD2/benchmark/results_factorized_locked_model_attempt6/raw/sword2-rust/2ibpA"",""-j"",""1"",""--use-factorized-ranker""]","[""<binary>"",""-i"",""<input_structure>"",""-o"",""<process_output>"",""-j"",""1"",""--use-factorized-ranker""]",repository_root,a3b4a4e83868ab60e30ae305d7955cff61df19b06a5a13493a8d68bb2b6f8186,raw/sword2-rust/2ibpA/2ibpA_A/summary.json,42cdbfafad60b42d84a27c52d90520ae3c7b5188a0ce6b584a5cc0333142bc65,e3b0c44298fc1c149afbf4c8996fb92427ae41e4649b934ca495991b7852b855,d565b222193eaac28d18f0b807e717aca530025c9ec8fecba23e8f05269d4d37,696355a5d230f7607fccf47600c3149601c3fe872aaebc65fde3ff9da7d61f28,factorized,factorized,False,,,0,0d9e5fdba57c30b9b0e238876011815027bab365040d0c605f74fba1987f67c5,b45f6d311a33a790cfe03615f347a4626e5c0a6412309c39e4d07882f98a09c0,770c3d348365b7f744f2eaee964b61cc57615c10f8ca9a47a061ac03ee1c343e
cath663,2ie7A,2ie7,A,sword2-rust,factorized,factorized-accuracy,,,False,0,0.49620585795491934,14560,"[""/home/chili/cretin/PROJECTS/SWORD2/target/release/sword2"",""-i"",""/home/chili/cretin/PROJECTS/SWORD2/benchmark/cache/chains/2ie7A.pdb"",""-o"",""/home/chili/cretin/PROJECTS/SWORD2/benchmark/results_factorized_locked_model_attempt6/raw/sword2-rust/2ie7A"",""-j"",""1"",""--use-factorized-ranker""]","[""<binary>"",""-i"",""<input_structure>"",""-o"",""<process_output>"",""-j"",""1"",""--use-factorized-ranker""]",repository_root,0ca94590e40178e05de93530a3e8e0a77e811c809e878da3262835b1a34c325d,raw/sword2-rust/2ie7A/2ie7A_A/summary.json,1be127e147853f578617b5fdea6b2faa9ac7dc2f9cd6535bfd6c4630c2d90c1d,e3b0c44298fc1c149afbf4c8996fb92427ae41e4649b934ca495991b7852b855,27356552f894855b1e71c03fe6ca32fd71d1b4d8ec5ca6842b1f9c22968d7ce3,696355a5d230f7607fccf47600c3149601c3fe872aaebc65fde3ff9da7d61f28,factorized,factorized,False,,,0,0d9e5fdba57c30b9b0e238876011815027bab365040d0c605f74fba1987f67c5,b45f6d311a33a790cfe03615f347a4626e5c0a6412309c39e4d07882f98a09c0,770c3d348365b7f744f2eaee964b61cc57615c10f8ca9a47a061ac03ee1c343e
cath663,2ifcA,2ifc,A,sword2-rust,factorized,factorized-accuracy,,,False,0,0.8436887920834124,23260,"[""/home/chili/cretin/PROJECTS/SWORD2/target/release/sword2"",""-i"",""/home/chili/cretin/PROJECTS/SWORD2/benchmark/cache/chains/2ifcA.pdb"",""-o"",""/home/chili/cretin/PROJECTS/SWORD2/benchmark/results_factorized_locked_model_attempt6/raw/sword2-rust/2ifcA"",""-j"",""1"",""--use-factorized-ranker""]","[""<binary>"",""-i"",""<input_structure>"",""-o"",""<process_output>"",""-j"",""1"",""--use-factorized-ranker""]",repository_root,05edea79ca99730ddb90735a42a4712ae9644054225e7fae2378ea9d182aeef2,raw/sword2-rust/2ifcA/2ifcA_A/summary.json,094a5232df943754c3e6cd88cbe9a2a9a06c7b7c538b0e1cee9bf0b1502b275b,e3b0c44298fc1c149afbf4c8996fb92427ae41e4649b934ca495991b7852b855,c21b62651ec86703d43a70a4fb5d52df309e5976a1eb7644b6dfd4549505587f,696355a5d230f7607fccf47600c3149601c3fe872aaebc65fde3ff9da7d61f28,factorized,factorized,False,,,0,0d9e5fdba57c30b9b0e238876011815027bab365040d0c605f74fba1987f67c5,b45f6d311a33a790cfe03615f347a4626e5c0a6412309c39e4d07882f98a09c0,770c3d348365b7f744f2eaee964b61cc57615c10f8ca9a47a061ac03ee1c343e
cath663,2ii2A,2ii2,A,sword2-rust,factorized,factorized-accuracy,,,False,0,0.4914375701919198,14744,"[""/home/chili/cretin/PROJECTS/SWORD2/target/release/sword2"",""-i"",""/home/chili/cretin/PROJECTS/SWORD2/benchmark/cache/chains/2ii2A.pdb"",""-o"",""/home/chili/cretin/PROJECTS/SWORD2/benchmark/results_factorized_locked_model_attempt6/raw/sword2-rust/2ii2A"",""-j"",""1"",""--use-factorized-ranker""]","[""<binary>"",""-i"",""<input_structure>"",""-o"",""<process_output>"",""-j"",""1"",""--use-factorized-ranker""]",repository_root,0b4c828fa7c664ec21bb8172e6a778e02e86c74fcac7c8fd7492a07d765fb3a8,raw/sword2-rust/2ii2A/2ii2A_A/summary.json,c910ab5c57ccf6b5648c0eb530eaf1524c6871ba71e39b748059cbe345eacefb,e3b0c44298fc1c149afbf4c8996fb92427ae41e4649b934ca495991b7852b855,1ba9e9a4a212a4340a3c6a8cb2be099e02eb166068f440d4d1f35af898ce653c,696355a5d230f7607fccf47600c3149601c3fe872aaebc65fde3ff9da7d61f28,factorized,factorized,False,,,0,0d9e5fdba57c30b9b0e238876011815027bab365040d0c605f74fba1987f67c5,b45f6d311a33a790cfe03615f347a4626e5c0a6412309c39e4d07882f98a09c0,770c3d348365b7f744f2eaee964b61cc57615c10f8ca9a47a061ac03ee1c343e
cath663,2ijrA,2ijr,A,sword2-rust,factorized,factorized-accuracy,,,False,0,0.3077164879068732,12000,"[""/home/chili/cretin/PROJECTS/SWORD2/target/release/sword2"",""-i"",""/home/chili/cretin/PROJECTS/SWORD2/benchmark/cache/chains/2ijrA.pdb"",""-o"",""/home/chili/cretin/PROJECTS/SWORD2/benchmark/results_factorized_locked_model_attempt6/raw/sword2-rust/2ijrA"",""-j"",""1"",""--use-factorized-ranker""]","[""<binary>"",""-i"",""<input_structure>"",""-o"",""<process_output>"",""-j"",""1"",""--use-factorized-ranker""]",repository_root,eb6600b1d5c9ddec63f79aa8ae0eb7a86a809516b1dd15734c8a71e90859dbf6,raw/sword2-rust/2ijrA/2ijrA_A/summary.json,1e4019088de1d0627669770e6e96efb4d811f7b2e50ac1784bc16a31a0b802d7,e3b0c44298fc1c149afbf4c8996fb92427ae41e4649b934ca495991b7852b855,dc43118e9212aee648522322b66e801a7ef0438692092dd0b18921c1b0929b80,58f1b0158d545f247ea44630c6af8bde6352f01b2f3c1ecfc50cddc45bccca86,factorized,legacy,True,structural_quality_abstention,factorized_fallback,0,0d9e5fdba57c30b9b0e238876011815027bab365040d0c605f74fba1987f67c5,b45f6d311a33a790cfe03615f347a4626e5c0a6412309c39e4d07882f98a09c0,770c3d348365b7f744f2eaee964b61cc57615c10f8ca9a47a061ac03ee1c343e
cath663,2im9A,2im9,A,sword2-rust,factorized,factorized-accuracy,,,False,0,0.5525965089909732,14668,"[""/home/chili/cretin/PROJECTS/SWORD2/target/release/sword2"",""-i"",""/home/chili/cretin/PROJECTS/SWORD2/benchmark/cache/chains/2im9A.pdb"",""-o"",""/home/chili/cretin/PROJECTS/SWORD2/benchmark/results_factorized_locked_model_attempt6/raw/sword2-rust/2im9A"",""-j"",""1"",""--use-factorized-ranker""]","[""<binary>"",""-i"",""<input_structure>"",""-o"",""<process_output>"",""-j"",""1"",""--use-factorized-ranker""]",repository_root,356a85b1dcbe612b51d899b742dc659ae3b6ba7b1cb61e61a186a488324ceba0,raw/sword2-rust/2im9A/2im9A_A/summary.json,5d0c5d4dd330b99cd5e9f5bcc51e9114f76c73ddcd5b3b531c7c9183700fe043,e3b0c44298fc1c149afbf4c8996fb92427ae41e4649b934ca495991b7852b855,befb711643cf5bf1b3b6ed82548767fe2514c14e9341e81867d2b34372b35d99,696355a5d230f7607fccf47600c3149601c3fe872aaebc65fde3ff9da7d61f28,factorized,factorized,False,,,0,0d9e5fdba57c30b9b0e238876011815027bab365040d0c605f74fba1987f67c5,b45f6d311a33a790cfe03615f347a4626e5c0a6412309c39e4d07882f98a09c0,770c3d348365b7f744f2eaee964b61cc57615c10f8ca9a47a061ac03ee1c343e
cath663,2j1gE,2j1g,E,sword2-rust,factorized,factorized-accuracy,,,False,0,0.26036966871470213,11520,"[""/home/chili/cretin/PROJECTS/SWORD2/target/release/sword2"",""-i"",""/home/chili/cretin/PROJECTS/SWORD2/benchmark/cache/chains/2j1gE.pdb"",""-o"",""/home/chili/cretin/PROJECTS/SWORD2/benchmark/results_factorized_locked_model_attempt6/raw/sword2-rust/2j1gE"",""-j"",""1"",""--use-factorized-ranker""]","[""<binary>"",""-i"",""<input_structure>"",""-o"",""<process_output>"",""-j"",""1"",""--use-factorized-ranker""]",repository_root,4d25a0803bb40b276be4dc5f49ef42600f17c187cfd620ec1070bc8ec211ef0c,raw/sword2-rust/2j1gE/2j1gE_E/summary.json,e19c9f283240302bda4384c1b85eeb91f86c2dd0010a08cb3ad8b78a0a335b92,e3b0c44298fc1c149afbf4c8996fb92427ae41e4649b934ca495991b7852b855,de13fe352e9f3e6da35be893c252676161778fc06a76f04c176c26698910b511,696355a5d230f7607fccf47600c3149601c3fe872aaebc65fde3ff9da7d61f28,factorized,factorized,False,,,0,0d9e5fdba57c30b9b0e238876011815027bab365040d0c605f74fba1987f67c5,b45f6d311a33a790cfe03615f347a4626e5c0a6412309c39e4d07882f98a09c0,770c3d348365b7f744f2eaee964b61cc57615c10f8ca9a47a061ac03ee1c343e
cath663,2j1qA,2j1q,A,sword2-rust,factorized,factorized-accuracy,,,False,0,0.6925843297503889,18424,"[""/home/chili/cretin/PROJECTS/SWORD2/target/release/sword2"",""-i"",""/home/chili/cretin/PROJECTS/SWORD2/benchmark/cache/chains/2j1qA.pdb"",""-o"",""/home/chili/cretin/PROJECTS/SWORD2/benchmark/results_factorized_locked_model_attempt6/raw/sword2-rust/2j1qA"",""-j"",""1"",""--use-factorized-ranker""]","[""<binary>"",""-i"",""<input_structure>"",""-o"",""<process_output>"",""-j"",""1"",""--use-factorized-ranker""]",repository_root,aaf016d2fc0566a09b7706ddf7eaadf112d5fe0444191bcc9229a36ab5f0fe04,raw/sword2-rust/2j1qA/2j1qA_A/summary.json,9fa284d715bf5528a98156d0bbe6ad92f18cee9f39fdbb3685ede9349b21e6b9,e3b0c44298fc1c149afbf4c8996fb92427ae41e4649b934ca495991b7852b855,5283026a91d73e28e60b914087573453d6de13e5f6e9054129034621ab9d5c17,696355a5d230f7607fccf47600c3149601c3fe872aaebc65fde3ff9da7d61f28,factorized,factorized,False,,,0,0d9e5fdba57c30b9b0e238876011815027bab365040d0c605f74fba1987f67c5,b45f6d311a33a790cfe03615f347a4626e5c0a6412309c39e4d07882f98a09c0,770c3d348365b7f744f2eaee964b61cc57615c10f8ca9a47a061ac03ee1c343e
cath663,2j58A,2j58,A,sword2-rust,factorized,factorized-accuracy,,,False,0,0.7498544459231198,17424,"[""/home/chili/cretin/PROJECTS/SWORD2/target/release/sword2"",""-i"",""/home/chili/cretin/PROJECTS/SWORD2/benchmark/cache/chains/2j58A.pdb"",""-o"",""/home/chili/cretin/PROJECTS/SWORD2/benchmark/results_factorized_locked_model_attempt6/raw/sword2-rust/2j58A"",""-j"",""1"",""--use-factorized-ranker""]","[""<binary>"",""-i"",""<input_structure>"",""-o"",""<process_output>"",""-j"",""1"",""--use-factorized-ranker""]",repository_root,fbddbd546fee792a0aca46de13a7589b6a8b345b4e5d71243e78eb43fc3613ab,raw/sword2-rust/2j58A/2j58A_A/summary.json,4e078c6f756a41a571a0146e7a56a6df980aa19fed88f9d08caf6c3e14df139e,e3b0c44298fc1c149afbf4c8996fb92427ae41e4649b934ca495991b7852b855,cef315c76132a9361bb31f1fb1ce54d398712b66f3ec618689c38f9c7cbcf12e,696355a5d230f7607fccf47600c3149601c3fe872aaebc65fde3ff9da7d61f28,factorized,factorized,False,,,0,0d9e5fdba57c30b9b0e238876011815027bab365040d0c605f74fba1987f67c5,b45f6d311a33a790cfe03615f347a4626e5c0a6412309c39e4d07882f98a09c0,770c3d348365b7f744f2eaee964b61cc57615c10f8ca9a47a061ac03ee1c343e
cath663,2j5zA,2j5z,A,sword2-rust,factorized,factorized-accuracy,,,False,0,0.2916840501129627,11520,"[""/home/chili/cretin/PROJECTS/SWORD2/target/release/sword2"",""-i"",""/home/chili/cretin/PROJECTS/SWORD2/benchmark/cache/chains/2j5zA.pdb"",""-o"",""/home/chili/cretin/PROJECTS/SWORD2/benchmark/results_factorized_locked_model_attempt6/raw/sword2-rust/2j5zA"",""-j"",""1"",""--use-factorized-ranker""]","[""<binary>"",""-i"",""<input_structure>"",""-o"",""<process_output>"",""-j"",""1"",""--use-factorized-ranker""]",repository_root,1b7d907447e77ef7a400500fe4c3bea553c8314e268a9b2031045eebd91bfd34,raw/sword2-rust/2j5zA/2j5zA_A/summary.json,e6654921b317b650476d80209b7c963d1ca495b33125ac27a3882512d468a0f4,e3b0c44298fc1c149afbf4c8996fb92427ae41e4649b934ca495991b7852b855,fa6cf8dfa2d7cf941ef99600cc21b65f842d71f2d93bf04651da646ca16b28d8,696355a5d230f7607fccf47600c3149601c3fe872aaebc65fde3ff9da7d61f28,factorized,factorized,False,,,0,0d9e5fdba57c30b9b0e238876011815027bab365040d0c605f74fba1987f67c5,b45f6d311a33a790cfe03615f347a4626e5c0a6412309c39e4d07882f98a09c0,770c3d348365b7f744f2eaee964b61cc57615c10f8ca9a47a061ac03ee1c343e
cath663,2j7uA,2j7u,A,sword2-rust,factorized,factorized-accuracy,,,False,0,1.5436842972412705,48000,"[""/home/chili/cretin/PROJECTS/SWORD2/target/release/sword2"",""-i"",""/home/chili/cretin/PROJECTS/SWORD2/benchmark/cache/chains/2j7uA.pdb"",""-o"",""/home/chili/cretin/PROJECTS/SWORD2/benchmark/results_factorized_locked_model_attempt6/raw/sword2-rust/2j7uA"",""-j"",""1"",""--use-factorized-ranker""]","[""<binary>"",""-i"",""<input_structure>"",""-o"",""<process_output>"",""-j"",""1"",""--use-factorized-ranker""]",repository_root,696feb3573bd69b542453531cdce23908328bd4a5cbc89f4ba07fb5654625e59,raw/sword2-rust/2j7uA/2j7uA_A/summary.json,1b9fc7a161ec933db82cec5155fe7177b12574aa8586e6a754da4e14bc81a702,e3b0c44298fc1c149afbf4c8996fb92427ae41e4649b934ca495991b7852b855,e269084ae2d57022f12aaf0bd7a98079bc22e99c84419b9206967d5c5dcdb665,696355a5d230f7607fccf47600c3149601c3fe872aaebc65fde3ff9da7d61f28,factorized,factorized,False,,,0,0d9e5fdba57c30b9b0e238876011815027bab365040d0c605f74fba1987f67c5,b45f6d311a33a790cfe03615f347a4626e5c0a6412309c39e4d07882f98a09c0,770c3d348365b7f744f2eaee964b61cc57615c10f8ca9a47a061ac03ee1c343e
cath663,2j91C,2j91,C,sword2-rust,factorized,factorized-accuracy,,,False,0,1.0068625351414084,32244,"[""/home/chili/cretin/PROJECTS/SWORD2/target/release/sword2"",""-i"",""/home/chili/cretin/PROJECTS/SWORD2/benchmark/cache/chains/2j91C.pdb"",""-o"",""/home/chili/cretin/PROJECTS/SWORD2/benchmark/results_factorized_locked_model_attempt6/raw/sword2-rust/2j91C"",""-j"",""1"",""--use-factorized-ranker""]","[""<binary>"",""-i"",""<input_structure>"",""-o"",""<process_output>"",""-j"",""1"",""--use-factorized-ranker""]",repository_root,0ea7cebbdc69614fc2ae6dbc9794bfc4ae86593d7a5b17640f5f39de55bffbe6,raw/sword2-rust/2j91C/2j91C_C/summary.json,d4bfe93454c03c1a9bea0fcbf91c74ad79cfa206bacdfe8c1cdbabb38f599bcd,e3b0c44298fc1c149afbf4c8996fb92427ae41e4649b934ca495991b7852b855,a402fd3a7b8d50302a9a53aaddfb18536a12c7a1fe0862ac66cb4ed0771dab8e,696355a5d230f7607fccf47600c3149601c3fe872aaebc65fde3ff9da7d61f28,factorized,factorized,False,,,0,0d9e5fdba57c30b9b0e238876011815027bab365040d0c605f74fba1987f67c5,b45f6d311a33a790cfe03615f347a4626e5c0a6412309c39e4d07882f98a09c0,770c3d348365b7f744f2eaee964b61cc57615c10f8ca9a47a061ac03ee1c343e
cath663,2jexA,2jex,A,sword2-rust,factorized,factorized-accuracy,,,False,0,0.4426800040528178,10880,"[""/home/chili/cretin/PROJECTS/SWORD2/target/release/sword2"",""-i"",""/home/chili/cretin/PROJECTS/SWORD2/benchmark/cache/chains/2jexA.pdb"",""-o"",""/home/chili/cretin/PROJECTS/SWORD2/benchmark/results_factorized_locked_model_attempt6/raw/sword2-rust/2jexA"",""-j"",""1"",""--use-factorized-ranker""]","[""<binary>"",""-i"",""<input_structure>"",""-o"",""<process_output>"",""-j"",""1"",""--use-factorized-ranker""]",repository_root,8ae4e86f63807ea95546c437ca8cb3f36a89f87a5320ad1c6add1a2227ef6ecb,raw/sword2-rust/2jexA/2jexA_A/summary.json,c18ddefc203264100ac6170f993bea000175c88cdd8f27ede3d18a2f183779c5,e3b0c44298fc1c149afbf4c8996fb92427ae41e4649b934ca495991b7852b855,12fd00f81c01b4d980f44b6ad519faf2c3187368587485d90583538bd224dca2,696355a5d230f7607fccf47600c3149601c3fe872aaebc65fde3ff9da7d61f28,factorized,factorized,False,,,0,0d9e5fdba57c30b9b0e238876011815027bab365040d0c605f74fba1987f67c5,b45f6d311a33a790cfe03615f347a4626e5c0a6412309c39e4d07882f98a09c0,770c3d348365b7f744f2eaee964b61cc57615c10f8ca9a47a061ac03ee1c343e
cath663,2jksA,2jks,A,sword2-rust,factorized,factorized-accuracy,,,False,0,0.4545253310352564,13032,"[""/home/chili/cretin/PROJECTS/SWORD2/target/release/sword2"",""-i"",""/home/chili/cretin/PROJECTS/SWORD2/benchmark/cache/chains/2jksA.pdb"",""-o"",""/home/chili/cretin/PROJECTS/SWORD2/benchmark/results_factorized_locked_model_attempt6/raw/sword2-rust/2jksA"",""-j"",""1"",""--use-factorized-ranker""]","[""<binary>"",""-i"",""<input_structure>"",""-o"",""<process_output>"",""-j"",""1"",""--use-factorized-ranker""]",repository_root,56f0e800d6b70b620db3f0a40aae00af7bd95e747f2e72d0c9e3f7a615b4bfee,raw/sword2-rust/2jksA/2jksA_A/summary.json,5fe3f77c0b67672b0870eacbb5d0485d9afacbaa47e9b3d8dc8a87a0c55bf9b8,e3b0c44298fc1c149afbf4c8996fb92427ae41e4649b934ca495991b7852b855,5fa5c02c4a883c8edd6a79b9e8a7e002aba9aadeca64daa585e1d0ac1255f97c,696355a5d230f7607fccf47600c3149601c3fe872aaebc65fde3ff9da7d61f28,factorized,factorized,False,,,0,0d9e5fdba57c30b9b0e238876011815027bab365040d0c605f74fba1987f67c5,b45f6d311a33a790cfe03615f347a4626e5c0a6412309c39e4d07882f98a09c0,770c3d348365b7f744f2eaee964b61cc57615c10f8ca9a47a061ac03ee1c343e
cath663,2nnuA,2nnu,A,sword2-rust,factorized,factorized-accuracy,,,False,0,0.32795322267338634,11200,"[""/home/chili/cretin/PROJECTS/SWORD2/target/release/sword2"",""-i"",""/home/chili/cretin/PROJECTS/SWORD2/benchmark/cache/chains/2nnuA.pdb"",""-o"",""/home/chili/cretin/PROJECTS/SWORD2/benchmark/results_factorized_locked_model_attempt6/raw/sword2-rust/2nnuA"",""-j"",""1"",""--use-factorized-ranker""]","[""<binary>"",""-i"",""<input_structure>"",""-o"",""<process_output>"",""-j"",""1"",""--use-factorized-ranker""]",repository_root,7fcbc6d6af637139253643f3a0737218acd1f8699fa1bcadf4a7000df99c1650,raw/sword2-rust/2nnuA/2nnuA_A/summary.json,a5702760376dc810b8e7b4668962e5ac3adad75dc4312c407b0de93433abf644,e3b0c44298fc1c149afbf4c8996fb92427ae41e4649b934ca495991b7852b855,75c28f2327bbc13710b6b07b4f2a94858a8e10f3473a61b02e09839b240f57fa,696355a5d230f7607fccf47600c3149601c3fe872aaebc65fde3ff9da7d61f28,factorized,factorized,False,,,0,0d9e5fdba57c30b9b0e238876011815027bab365040d0c605f74fba1987f67c5,b45f6d311a33a790cfe03615f347a4626e5c0a6412309c39e4d07882f98a09c0,770c3d348365b7f744f2eaee964b61cc57615c10f8ca9a47a061ac03ee1c343e
cath663,2ntxA,2ntx,A,sword2-rust,factorized,factorized-accuracy,,,False,0,0.5866858493536711,14660,"[""/home/chili/cretin/PROJECTS/SWORD2/target/release/sword2"",""-i"",""/home/chili/cretin/PROJECTS/SWORD2/benchmark/cache/chains/2ntxA.pdb"",""-o"",""/home/chili/cretin/PROJECTS/SWORD2/benchmark/results_factorized_locked_model_attempt6/raw/sword2-rust/2ntxA"",""-j"",""1"",""--use-factorized-ranker""]","[""<binary>"",""-i"",""<input_structure>"",""-o"",""<process_output>"",""-j"",""1"",""--use-factorized-ranker""]",repository_root,be265a1a873217c26e26de2aa7d5284fdb134da8f76cdd9427ff54b08a4103ad,raw/sword2-rust/2ntxA/2ntxA_A/summary.json,11671715e226b1bfe203dfa6132b2c73a5fdab669fce31e5dbc2e52cd5446ca6,e3b0c44298fc1c149afbf4c8996fb92427ae41e4649b934ca495991b7852b855,237e60cb65dd9462796c29298c3cfcfc85bdf3385c9087798449561a961406c0,696355a5d230f7607fccf47600c3149601c3fe872aaebc65fde3ff9da7d61f28,factorized,factorized,False,,,0,0d9e5fdba57c30b9b0e238876011815027bab365040d0c605f74fba1987f67c5,b45f6d311a33a790cfe03615f347a4626e5c0a6412309c39e4d07882f98a09c0,770c3d348365b7f744f2eaee964b61cc57615c10f8ca9a47a061ac03ee1c343e
cath663,2ntxB,2ntx,B,sword2-rust,factorized,factorized-accuracy,,,False,0,0.4217034219764173,12456,"[""/home/chili/cretin/PROJECTS/SWORD2/target/release/sword2"",""-i"",""/home/chili/cretin/PROJECTS/SWORD2/benchmark/cache/chains/2ntxB.pdb"",""-o"",""/home/chili/cretin/PROJECTS/SWORD2/benchmark/results_factorized_locked_model_attempt6/raw/sword2-rust/2ntxB"",""-j"",""1"",""--use-factorized-ranker""]","[""<binary>"",""-i"",""<input_structure>"",""-o"",""<process_output>"",""-j"",""1"",""--use-factorized-ranker""]",repository_root,a10e038a84523d8865e3f3a961fb31bfb16832096ed3bbbfd19d87a0475c8eee,raw/sword2-rust/2ntxB/2ntxB_B/summary.json,92c77c785256fab3828c6e2f1a127a9eefa4e69c2d143d8ff399c86e876fc379,e3b0c44298fc1c149afbf4c8996fb92427ae41e4649b934ca495991b7852b855,6bfc427aec42c9347c4f29afa9324a4dc5952699dd4e4d8784425bbcc944d065,696355a5d230f7607fccf47600c3149601c3fe872aaebc65fde3ff9da7d61f28,factorized,factorized,False,,,0,0d9e5fdba57c30b9b0e238876011815027bab365040d0c605f74fba1987f67c5,b45f6d311a33a790cfe03615f347a4626e5c0a6412309c39e4d07882f98a09c0,770c3d348365b7f744f2eaee964b61cc57615c10f8ca9a47a061ac03ee1c343e
cath663,2nyfA,2nyf,A,sword2-rust,factorized,factorized-accuracy,,,False,0,1.6225464628078043,49380,"[""/home/chili/cretin/PROJECTS/SWORD2/target/release/sword2"",""-i"",""/home/chili/cretin/PROJECTS/SWORD2/benchmark/cache/chains/2nyfA.pdb"",""-o"",""/home/chili/cretin/PROJECTS/SWORD2/benchmark/results_factorized_locked_model_attempt6/raw/sword2-rust/2nyfA"",""-j"",""1"",""--use-factorized-ranker""]","[""<binary>"",""-i"",""<input_structure>"",""-o"",""<process_output>"",""-j"",""1"",""--use-factorized-ranker""]",repository_root,7fdc32142c604924a34dfa8ae603963e76dc72e5748b7f1ddc174343a06f9916,raw/sword2-rust/2nyfA/2nyfA_A/summary.json,91d3a43d0d717dc4684cc5eb8f616361e98fb66b0b77a9f2745c2b02ee7e9de8,e3b0c44298fc1c149afbf4c8996fb92427ae41e4649b934ca495991b7852b855,63214caa44564cc4799162d3e560efc1ccc4a094cce8c20bdc90c8a0c5d21add,696355a5d230f7607fccf47600c3149601c3fe872aaebc65fde3ff9da7d61f28,factorized,factorized,False,,,0,0d9e5fdba57c30b9b0e238876011815027bab365040d0c605f74fba1987f67c5,b45f6d311a33a790cfe03615f347a4626e5c0a6412309c39e4d07882f98a09c0,770c3d348365b7f744f2eaee964b61cc57615c10f8ca9a47a061ac03ee1c343e
cath663,2nykA,2nyk,A,sword2-rust,factorized,factorized-accuracy,,,False,0,0.30030441796407104,11840,"[""/home/chili/cretin/PROJECTS/SWORD2/target/release/sword2"",""-i"",""/home/chili/cretin/PROJECTS/SWORD2/benchmark/cache/chains/2nykA.pdb"",""-o"",""/home/chili/cretin/PROJECTS/SWORD2/benchmark/results_factorized_locked_model_attempt6/raw/sword2-rust/2nykA"",""-j"",""1"",""--use-factorized-ranker""]","[""<binary>"",""-i"",""<input_structure>"",""-o"",""<process_output>"",""-j"",""1"",""--use-factorized-ranker""]",repository_root,3d5a747089f44c7445b2f7c791c392009c02928e70460050e324e8c7879d0c5a,raw/sword2-rust/2nykA/2nykA_A/summary.json,522480476f2964187f114e7694154bb7f68a008327553414f7e3fe52bdcf52ee,e3b0c44298fc1c149afbf4c8996fb92427ae41e4649b934ca495991b7852b855,5d9d4f230c5458ae4faf93daeff50a6ece76223b7fd496986ae2b7c7a2b32d72,696355a5d230f7607fccf47600c3149601c3fe872aaebc65fde3ff9da7d61f28,factorized,factorized,False,,,0,0d9e5fdba57c30b9b0e238876011815027bab365040d0c605f74fba1987f67c5,b45f6d311a33a790cfe03615f347a4626e5c0a6412309c39e4d07882f98a09c0,770c3d348365b7f744f2eaee964b61cc57615c10f8ca9a47a061ac03ee1c343e
cath663,2nynA,2nyn,A,sword2-rust,factorized,factorized-accuracy,,,False,0,1.90159672498703,54404,"[""/home/chili/cretin/PROJECTS/SWORD2/target/release/sword2"",""-i"",""/home/chili/cretin/PROJECTS/SWORD2/benchmark/cache/chains/2nynA.pdb"",""-o"",""/home/chili/cretin/PROJECTS/SWORD2/benchmark/results_factorized_locked_model_attempt6/raw/sword2-rust/2nynA"",""-j"",""1"",""--use-factorized-ranker""]","[""<binary>"",""-i"",""<input_structure>"",""-o"",""<process_output>"",""-j"",""1"",""--use-factorized-ranker""]",repository_root,04be022dd3790037da490de2d0a06e689ee7b00895a473885c973e80dc66dd6f,raw/sword2-rust/2nynA/2nynA_A/summary.json,c9744619e41f28bfdc59655f0d262fb197248962ae7a108b8a381383bda64ff3,e3b0c44298fc1c149afbf4c8996fb92427ae41e4649b934ca495991b7852b855,9e557283e003819b3ef44bd1a71a0b0f9fea3fa1175ccd62481fbe4178811e47,696355a5d230f7607fccf47600c3149601c3fe872aaebc65fde3ff9da7d61f28,factorized,factorized,False,,,0,0d9e5fdba57c30b9b0e238876011815027bab365040d0c605f74fba1987f67c5,b45f6d311a33a790cfe03615f347a4626e5c0a6412309c39e4d07882f98a09c0,770c3d348365b7f744f2eaee964b61cc57615c10f8ca9a47a061ac03ee1c343e
cath663,2o1eA,2o1e,A,sword2-rust,factorized,factorized-accuracy,,,False,0,0.3052059970796108,12480,"[""/home/chili/cretin/PROJECTS/SWORD2/target/release/sword2"",""-i"",""/home/chili/cretin/PROJECTS/SWORD2/benchmark/cache/chains/2o1eA.pdb"",""-o"",""/home/chili/cretin/PROJECTS/SWORD2/benchmark/results_factorized_locked_model_attempt6/raw/sword2-rust/2o1eA"",""-j"",""1"",""--use-factorized-ranker""]","[""<binary>"",""-i"",""<input_structure>"",""-o"",""<process_output>"",""-j"",""1"",""--use-factorized-ranker""]",repository_root,ed6f04c78e6cb506daed4b42cd6b90fa116ddf2be02f54892232f8bed44dc1b2,raw/sword2-rust/2o1eA/2o1eA_A/summary.json,f548c628a0eb0f6b65fa885d5e861ec89a7fc5e02761d314d70c16c7affa5c2a,e3b0c44298fc1c149afbf4c8996fb92427ae41e4649b934ca495991b7852b855,559c88b876dc4365e0f805d36935e5cb016c21c14d7cc3c68ed549502d0ecce5,696355a5d230f7607fccf47600c3149601c3fe872aaebc65fde3ff9da7d61f28,factorized,factorized,False,,,0,0d9e5fdba57c30b9b0e238876011815027bab365040d0c605f74fba1987f67c5,b45f6d311a33a790cfe03615f347a4626e5c0a6412309c39e4d07882f98a09c0,770c3d348365b7f744f2eaee964b61cc57615c10f8ca9a47a061ac03ee1c343e
cath663,2o1eB,2o1e,B,sword2-rust,factorized,factorized-accuracy,,,False,0,0.2221085848286748,12800,"[""/home/chili/cretin/PROJECTS/SWORD2/target/release/sword2"",""-i"",""/home/chili/cretin/PROJECTS/SWORD2/benchmark/cache/chains/2o1eB.pdb"",""-o"",""/home/chili/cretin/PROJECTS/SWORD2/benchmark/results_factorized_locked_model_attempt6/raw/sword2-rust/2o1eB"",""-j"",""1"",""--use-factorized-ranker""]","[""<binary>"",""-i"",""<input_structure>"",""-o"",""<process_output>"",""-j"",""1"",""--use-factorized-ranker""]",repository_root,37834596ef53c8ad8a1ca1b95099c0599c15a98352bfece1f17015a9874bb099,raw/sword2-rust/2o1eB/2o1eB_B/summary.json,ea0494d7ad5cf15f62ff910591ef51ff00fc46d95a07a23a82da765bff4ef42c,e3b0c44298fc1c149afbf4c8996fb92427ae41e4649b934ca495991b7852b855,d61e274a0203db01cb239fdc6df1f368ac21308f725db26fa16bffee57b30bda,696355a5d230f7607fccf47600c3149601c3fe872aaebc65fde3ff9da7d61f28,factorized,factorized,False,,,0,0d9e5fdba57c30b9b0e238876011815027bab365040d0c605f74fba1987f67c5,b45f6d311a33a790cfe03615f347a4626e5c0a6412309c39e4d07882f98a09c0,770c3d348365b7f744f2eaee964b61cc57615c10f8ca9a47a061ac03ee1c343e
cath663,2o5nA,2o5n,A,sword2-rust,factorized,factorized-accuracy,,,False,0,0.5068560098297894,12720,"[""/home/chili/cretin/PROJECTS/SWORD2/target/release/sword2"",""-i"",""/home/chili/cretin/PROJECTS/SWORD2/benchmark/cache/chains/2o5nA.pdb"",""-o"",""/home/chili/cretin/PROJECTS/SWORD2/benchmark/results_factorized_locked_model_attempt6/raw/sword2-rust/2o5nA"",""-j"",""1"",""--use-factorized-ranker""]","[""<binary>"",""-i"",""<input_structure>"",""-o"",""<process_output>"",""-j"",""1"",""--use-factorized-ranker""]",repository_root,aea38ec3382e3f3706ee5c496114ed6d75cd0882a7035ae0d5643257e3554e91,raw/sword2-rust/2o5nA/2o5nA_A/summary.json,ab233795a2fccb95938148e1537eb88487aba1ea58cb9abfcc191b94e9d3cbe7,e3b0c44298fc1c149afbf4c8996fb92427ae41e4649b934ca495991b7852b855,f4186f36c05adcc0ab13f488b0166c42321ba35e0c9e4fd06ee82bd2f267dd7d,696355a5d230f7607fccf47600c3149601c3fe872aaebc65fde3ff9da7d61f28,factorized,factorized,False,,,0,0d9e5fdba57c30b9b0e238876011815027bab365040d0c605f74fba1987f67c5,b45f6d311a33a790cfe03615f347a4626e5c0a6412309c39e4d07882f98a09c0,770c3d348365b7f744f2eaee964b61cc57615c10f8ca9a47a061ac03ee1c343e
cath663,2o5nB,2o5n,B,sword2-rust,factorized,factorized-accuracy,,,False,0,0.4699344732798636,14720,"[""/home/chili/cretin/PROJECTS/SWORD2/target/release/sword2"",""-i"",""/home/chili/cretin/PROJECTS/SWORD2/benchmark/cache/chains/2o5nB.pdb"",""-o"",""/home/chili/cretin/PROJECTS/SWORD2/benchmark/results_factorized_locked_model_attempt6/raw/sword2-rust/2o5nB"",""-j"",""1"",""--use-factorized-ranker""]","[""<binary>"",""-i"",""<input_structure>"",""-o"",""<process_output>"",""-j"",""1"",""--use-factorized-ranker""]",repository_root,a6e44013ec16ee804fc4258c5dc4103251c634bebf89e58007333b2ea2e86b9b,raw/sword2-rust/2o5nB/2o5nB_B/summary.json,b49cd334133528b474e7916df93a1d5d00adfb29125efc481924274488729997,e3b0c44298fc1c149afbf4c8996fb92427ae41e4649b934ca495991b7852b855,2318e3d639dd99f041aa4712a8a9cefb363175625da3be0e71b626d0b03ad89b,696355a5d230f7607fccf47600c3149601c3fe872aaebc65fde3ff9da7d61f28,factorized,factorized,False,,,0,0d9e5fdba57c30b9b0e238876011815027bab365040d0c605f74fba1987f67c5,b45f6d311a33a790cfe03615f347a4626e5c0a6412309c39e4d07882f98a09c0,770c3d348365b7f744f2eaee964b61cc57615c10f8ca9a47a061ac03ee1c343e
cath663,2o6yA,2o6y,A,sword2-rust,factorized,factorized-accuracy,,,False,0,1.353922013193369,50360,"[""/home/chili/cretin/PROJECTS/SWORD2/target/release/sword2"",""-i"",""/home/chili/cretin/PROJECTS/SWORD2/benchmark/cache/chains/2o6yA.pdb"",""-o"",""/home/chili/cretin/PROJECTS/SWORD2/benchmark/results_factorized_locked_model_attempt6/raw/sword2-rust/2o6yA"",""-j"",""1"",""--use-factorized-ranker""]","[""<binary>"",""-i"",""<input_structure>"",""-o"",""<process_output>"",""-j"",""1"",""--use-factorized-ranker""]",repository_root,5bc0a6c11d802aee6dd377ba8517ecaa878fc190103ffecc6924157803fe7c43,raw/sword2-rust/2o6yA/2o6yA_A/summary.json,f9e86c5fad54cdbc01d8968e4e570d75ba76b15dd31f5edadb24ee19796f6ef9,e3b0c44298fc1c149afbf4c8996fb92427ae41e4649b934ca495991b7852b855,2bf0d5353e1bee361e8eaa05618422766231b95140ae13454805c6a9f7bc1c97,696355a5d230f7607fccf47600c3149601c3fe872aaebc65fde3ff9da7d61f28,factorized,factorized,False,,,0,0d9e5fdba57c30b9b0e238876011815027bab365040d0c605f74fba1987f67c5,b45f6d311a33a790cfe03615f347a4626e5c0a6412309c39e4d07882f98a09c0,770c3d348365b7f744f2eaee964b61cc57615c10f8ca9a47a061ac03ee1c343e
cath663,2ogwA,2ogw,A,sword2-rust,factorized,factorized-accuracy,,,False,0,0.34140337398275733,12772,"[""/home/chili/cretin/PROJECTS/SWORD2/target/release/sword2"",""-i"",""/home/chili/cretin/PROJECTS/SWORD2/benchmark/cache/chains/2ogwA.pdb"",""-o"",""/home/chili/cretin/PROJECTS/SWORD2/benchmark/results_factorized_locked_model_attempt6/raw/sword2-rust/2ogwA"",""-j"",""1"",""--use-factorized-ranker""]","[""<binary>"",""-i"",""<input_structure>"",""-o"",""<process_output>"",""-j"",""1"",""--use-factorized-ranker""]",repository_root,9a0f6711150835c650771bc6fe482831a2abeb5d725c6eebceb620c7fd2bd681,raw/sword2-rust/2ogwA/2ogwA_A/summary.json,9640b5030e2d7d6b3386a380fc0d60321f1914f9c6623a39ef23e508edc08c88,e3b0c44298fc1c149afbf4c8996fb92427ae41e4649b934ca495991b7852b855,4be195a5509a6c7ac9b19de4d85f028440daf8e3118e35f8b9a4910d2aed9d83,696355a5d230f7607fccf47600c3149601c3fe872aaebc65fde3ff9da7d61f28,factorized,factorized,False,,,0,0d9e5fdba57c30b9b0e238876011815027bab365040d0c605f74fba1987f67c5,b45f6d311a33a790cfe03615f347a4626e5c0a6412309c39e4d07882f98a09c0,770c3d348365b7f744f2eaee964b61cc57615c10f8ca9a47a061ac03ee1c343e
cath663,2ojwC,2ojw,C,sword2-rust,factorized,factorized-accuracy,,,False,0,0.6222037808038294,19056,"[""/home/chili/cretin/PROJECTS/SWORD2/target/release/sword2"",""-i"",""/home/chili/cretin/PROJECTS/SWORD2/benchmark/cache/chains/2ojwC.pdb"",""-o"",""/home/chili/cretin/PROJECTS/SWORD2/benchmark/results_factorized_locked_model_attempt6/raw/sword2-rust/2ojwC"",""-j"",""1"",""--use-factorized-ranker""]","[""<binary>"",""-i"",""<input_structure>"",""-o"",""<process_output>"",""-j"",""1"",""--use-factorized-ranker""]",repository_root,b7f83791a02ed5c5b4cd43ee52679eeb697cfdf9d4715cb61977c098660929ad,raw/sword2-rust/2ojwC/2ojwC_C/summary.json,c8e9762f38d6ba593620d4f4a92baea84e8d7dd82cb6372d6dce02550277abef,e3b0c44298fc1c149afbf4c8996fb92427ae41e4649b934ca495991b7852b855,adb5f3582f8c454c02f15b45d98a4d5384e221eaa524eaea19b9e51eadb26747,696355a5d230f7607fccf47600c3149601c3fe872aaebc65fde3ff9da7d61f28,factorized,factorized,False,,,0,0d9e5fdba57c30b9b0e238876011815027bab365040d0c605f74fba1987f67c5,b45f6d311a33a790cfe03615f347a4626e5c0a6412309c39e4d07882f98a09c0,770c3d348365b7f744f2eaee964b61cc57615c10f8ca9a47a061ac03ee1c343e
cath663,2ojwE,2ojw,E,sword2-rust,factorized,factorized-accuracy,,,False,0,0.7452657180838287,19252,"[""/home/chili/cretin/PROJECTS/SWORD2/target/release/sword2"",""-i"",""/home/chili/cretin/PROJECTS/SWORD2/benchmark/cache/chains/2ojwE.pdb"",""-o"",""/home/chili/cretin/PROJECTS/SWORD2/benchmark/results_factorized_locked_model_attempt6/raw/sword2-rust/2ojwE"",""-j"",""1"",""--use-factorized-ranker""]","[""<binary>"",""-i"",""<input_structure>"",""-o"",""<process_output>"",""-j"",""1"",""--use-factorized-ranker""]",repository_root,208b125977a48769579b5165370d1be34708a919ef551145afdd90a3c1fc24e9,raw/sword2-rust/2ojwE/2ojwE_E/summary.json,48e7dc2dc2a04aa88c31fcd980e434dde152b92f3b7775b56102261b36acdbde,e3b0c44298fc1c149afbf4c8996fb92427ae41e4649b934ca495991b7852b855,ee0fef03abaae5e3ccbce826283f2fa3a9bd0567c3fe8f0d8f1e6b479222afbf,696355a5d230f7607fccf47600c3149601c3fe872aaebc65fde3ff9da7d61f28,factorized,factorized,False,,,0,0d9e5fdba57c30b9b0e238876011815027bab365040d0c605f74fba1987f67c5,b45f6d311a33a790cfe03615f347a4626e5c0a6412309c39e4d07882f98a09c0,770c3d348365b7f744f2eaee964b61cc57615c10f8ca9a47a061ac03ee1c343e
cath663,2oo4A,2oo4,A,sword2-rust,factorized,factorized-accuracy,,,False,0,0.3109528049826622,10892,"[""/home/chili/cretin/PROJECTS/SWORD2/target/release/sword2"",""-i"",""/home/chili/cretin/PROJECTS/SWORD2/benchmark/cache/chains/2oo4A.pdb"",""-o"",""/home/chili/cretin/PROJECTS/SWORD2/benchmark/results_factorized_locked_model_attempt6/raw/sword2-rust/2oo4A"",""-j"",""1"",""--use-factorized-ranker""]","[""<binary>"",""-i"",""<input_structure>"",""-o"",""<process_output>"",""-j"",""1"",""--use-factorized-ranker""]",repository_root,c3de4681a9182a58765361d7374045a97b54006688b1b03eb1ed8bebde4e093a,raw/sword2-rust/2oo4A/2oo4A_A/summary.json,598dffef0bc3366c49388a7308cbd8b39d2814ab22c84566572add4273608e52,e3b0c44298fc1c149afbf4c8996fb92427ae41e4649b934ca495991b7852b855,a3f3c9b40372d7130c5dfbffeb29e53974e8fd3d191d973cdd62a5edac8f31cc,696355a5d230f7607fccf47600c3149601c3fe872aaebc65fde3ff9da7d61f28,factorized,factorized,False,,,0,0d9e5fdba57c30b9b0e238876011815027bab365040d0c605f74fba1987f67c5,b45f6d311a33a790cfe03615f347a4626e5c0a6412309c39e4d07882f98a09c0,770c3d348365b7f744f2eaee964b61cc57615c10f8ca9a47a061ac03ee1c343e
cath663,2otnA,2otn,A,sword2-rust,factorized,factorized-accuracy,,,False,0,0.5043726358562708,13452,"[""/home/chili/cretin/PROJECTS/SWORD2/target/release/sword2"",""-i"",""/home/chili/cretin/PROJECTS/SWORD2/benchmark/cache/chains/2otnA.pdb"",""-o"",""/home/chili/cretin/PROJECTS/SWORD2/benchmark/results_factorized_locked_model_attempt6/raw/sword2-rust/2otnA"",""-j"",""1"",""--use-factorized-ranker""]","[""<binary>"",""-i"",""<input_structure>"",""-o"",""<process_output>"",""-j"",""1"",""--use-factorized-ranker""]",repository_root,f82966ba4cbb06ca6e3e8e4e5db42923d07b44ee4892c5bc4fe8ef54c59e6c50,raw/sword2-rust/2otnA/2otnA_A/summary.json,cf208e55567ed6a04ed3b2d73bfa0016125cc865701c44ee4752d128c55e9004,e3b0c44298fc1c149afbf4c8996fb92427ae41e4649b934ca495991b7852b855,c92c05af59d09927e99e2f8f1f621e08175cc2d3be26133e998d9e84402f251b,696355a5d230f7607fccf47600c3149601c3fe872aaebc65fde3ff9da7d61f28,factorized,factorized,False,,,0,0d9e5fdba57c30b9b0e238876011815027bab365040d0c605f74fba1987f67c5,b45f6d311a33a790cfe03615f347a4626e5c0a6412309c39e4d07882f98a09c0,770c3d348365b7f744f2eaee964b61cc57615c10f8ca9a47a061ac03ee1c343e
cath663,2otnB,2otn,B,sword2-rust,factorized,factorized-accuracy,,,False,0,0.4551049927249551,14204,"[""/home/chili/cretin/PROJECTS/SWORD2/target/release/sword2"",""-i"",""/home/chili/cretin/PROJECTS/SWORD2/benchmark/cache/chains/2otnB.pdb"",""-o"",""/home/chili/cretin/PROJECTS/SWORD2/benchmark/results_factorized_locked_model_attempt6/raw/sword2-rust/2otnB"",""-j"",""1"",""--use-factorized-ranker""]","[""<binary>"",""-i"",""<input_structure>"",""-o"",""<process_output>"",""-j"",""1"",""--use-factorized-ranker""]",repository_root,18ab0a66f40622efaabdc16d5796e6a6713c219fc59c4978802e980ca42267f2,raw/sword2-rust/2otnB/2otnB_B/summary.json,f7a053c1b1e28924eccf3081ef63019e3d5cbe5129527f48a48415e79ecdf98f,e3b0c44298fc1c149afbf4c8996fb92427ae41e4649b934ca495991b7852b855,1fc283610e75a14b9245c1cfdcb3611de15fb5e6de85a4f19f4d73674164b6fe,696355a5d230f7607fccf47600c3149601c3fe872aaebc65fde3ff9da7d61f28,factorized,factorized,False,,,0,0d9e5fdba57c30b9b0e238876011815027bab365040d0c605f74fba1987f67c5,b45f6d311a33a790cfe03615f347a4626e5c0a6412309c39e4d07882f98a09c0,770c3d348365b7f744f2eaee964b61cc57615c10f8ca9a47a061ac03ee1c343e
cath663,2oyhE,2oyh,E,sword2-rust,factorized,factorized-accuracy,,,False,0,0.6262836791574955,14864,"[""/home/chili/cretin/PROJECTS/SWORD2/target/release/sword2"",""-i"",""/home/chili/cretin/PROJECTS/SWORD2/benchmark/cache/chains/2oyhE.pdb"",""-o"",""/home/chili/cretin/PROJECTS/SWORD2/benchmark/results_factorized_locked_model_attempt6/raw/sword2-rust/2oyhE"",""-j"",""1"",""--use-factorized-ranker""]","[""<binary>"",""-i"",""<input_structure>"",""-o"",""<process_output>"",""-j"",""1"",""--use-factorized-ranker""]",repository_root,0bee59ec9540f777f1f27089d4e016f2bb3c6c6ed710e443533883cbce79a8d7,raw/sword2-rust/2oyhE/2oyhE_E/summary.json,4f5c29b9d5e48e92e1d2a7ad8053decc0ae6292fb770b34ec12d2ea862574491,e3b0c44298fc1c149afbf4c8996fb92427ae41e4649b934ca495991b7852b855,0db73d057e197f5ea7474fcb272adb0cfe03c558fb3bf08cd1031cb064403d05,696355a5d230f7607fccf47600c3149601c3fe872aaebc65fde3ff9da7d61f28,factorized,factorized,False,,,0,0d9e5fdba57c30b9b0e238876011815027bab365040d0c605f74fba1987f67c5,b45f6d311a33a790cfe03615f347a4626e5c0a6412309c39e4d07882f98a09c0,770c3d348365b7f744f2eaee964b61cc57615c10f8ca9a47a061ac03ee1c343e
cath663,2p1gA,2p1g,A,sword2-rust,factorized,factorized-accuracy,,,False,0,0.20680053811520338,12076,"[""/home/chili/cretin/PROJECTS/SWORD2/target/release/sword2"",""-i"",""/home/chili/cretin/PROJECTS/SWORD2/benchmark/cache/chains/2p1gA.pdb"",""-o"",""/home/chili/cretin/PROJECTS/SWORD2/benchmark/results_factorized_locked_model_attempt6/raw/sword2-rust/2p1gA"",""-j"",""1"",""--use-factorized-ranker""]","[""<binary>"",""-i"",""<input_structure>"",""-o"",""<process_output>"",""-j"",""1"",""--use-factorized-ranker""]",repository_root,b78f511f45fedcd2450ed9234986ae0cfff7a93d705d52aa26359c232e9380d4,raw/sword2-rust/2p1gA/2p1gA_A/summary.json,172b3c49167ad020d3aaeefc59d2bb27e80eb1f48495c78d61379584b810ec68,e3b0c44298fc1c149afbf4c8996fb92427ae41e4649b934ca495991b7852b855,d7b98dc50d1caf6b3ff1d756d4b020b8ab9c3ef08a7c002925cb79729508d689,696355a5d230f7607fccf47600c3149601c3fe872aaebc65fde3ff9da7d61f28,factorized,factorized,False,,,0,0d9e5fdba57c30b9b0e238876011815027bab365040d0c605f74fba1987f67c5,b45f6d311a33a790cfe03615f347a4626e5c0a6412309c39e4d07882f98a09c0,770c3d348365b7f744f2eaee964b61cc57615c10f8ca9a47a061ac03ee1c343e
cath663,2p2wA,2p2w,A,sword2-rust,factorized,factorized-accuracy,,,False,0,0.8115849103778601,19928,"[""/home/chili/cretin/PROJECTS/SWORD2/target/release/sword2"",""-i"",""/home/chili/cretin/PROJECTS/SWORD2/benchmark/cache/chains/2p2wA.pdb"",""-o"",""/home/chili/cretin/PROJECTS/SWORD2/benchmark/results_factorized_locked_model_attempt6/raw/sword2-rust/2p2wA"",""-j"",""1"",""--use-factorized-ranker""]","[""<binary>"",""-i"",""<input_structure>"",""-o"",""<process_output>"",""-j"",""1"",""--use-factorized-ranker""]",repository_root,627d80f10be600fc2a9daa7a49364267cede605e4b03eb8baedfe5f98320a103,raw/sword2-rust/2p2wA/2p2wA_A/summary.json,2b1523cfc932c4234e2f31d93fd3c65c361e1033f31b36beacb859064840b8e9,e3b0c44298fc1c149afbf4c8996fb92427ae41e4649b934ca495991b7852b855,1270e969bbd776318ab3db522f79916c20c68352b8f60d2897f9d22640cfe445,696355a5d230f7607fccf47600c3149601c3fe872aaebc65fde3ff9da7d61f28,factorized,factorized,False,,,0,0d9e5fdba57c30b9b0e238876011815027bab365040d0c605f74fba1987f67c5,b45f6d311a33a790cfe03615f347a4626e5c0a6412309c39e4d07882f98a09c0,770c3d348365b7f744f2eaee964b61cc57615c10f8ca9a47a061ac03ee1c343e
cath663,2pfmA,2pfm,A,sword2-rust,factorized,factorized-accuracy,,,False,0,0.8645239807665348,25044,"[""/home/chili/cretin/PROJECTS/SWORD2/target/release/sword2"",""-i"",""/home/chili/cretin/PROJECTS/SWORD2/benchmark/cache/chains/2pfmA.pdb"",""-o"",""/home/chili/cretin/PROJECTS/SWORD2/benchmark/results_factorized_locked_model_attempt6/raw/sword2-rust/2pfmA"",""-j"",""1"",""--use-factorized-ranker""]","[""<binary>"",""-i"",""<input_structure>"",""-o"",""<process_output>"",""-j"",""1"",""--use-factorized-ranker""]",repository_root,5fbb5e4b35d6a2bb2efece753dcc6ae59b54841878f412b36d0a335a9adde616,raw/sword2-rust/2pfmA/2pfmA_A/summary.json,4bb55fe2cd3799c7d78d0da5afc6091e648362bdd134786548ac6ce088612101,e3b0c44298fc1c149afbf4c8996fb92427ae41e4649b934ca495991b7852b855,06f583dbacccba414aa8655006d889a8f0ef190d6802f742a3368f57841c96c5,696355a5d230f7607fccf47600c3149601c3fe872aaebc65fde3ff9da7d61f28,factorized,factorized,False,,,0,0d9e5fdba57c30b9b0e238876011815027bab365040d0c605f74fba1987f67c5,b45f6d311a33a790cfe03615f347a4626e5c0a6412309c39e4d07882f98a09c0,770c3d348365b7f744f2eaee964b61cc57615c10f8ca9a47a061ac03ee1c343e
cath663,2pnwA,2pnw,A,sword2-rust,factorized,factorized-accuracy,,,False,0,0.7217374229803681,22620,"[""/home/chili/cretin/PROJECTS/SWORD2/target/release/sword2"",""-i"",""/home/chili/cretin/PROJECTS/SWORD2/benchmark/cache/chains/2pnwA.pdb"",""-o"",""/home/chili/cretin/PROJECTS/SWORD2/benchmark/results_factorized_locked_model_attempt6/raw/sword2-rust/2pnwA"",""-j"",""1"",""--use-factorized-ranker""]","[""<binary>"",""-i"",""<input_structure>"",""-o"",""<process_output>"",""-j"",""1"",""--use-factorized-ranker""]",repository_root,4d53a7efe34921bfc5d5dec18694d66d735022e5866614ebb2b57cec714e85bd,raw/sword2-rust/2pnwA/2pnwA_A/summary.json,766ef07b118e8cd3cd09f876e9ea67dc3ff236c15fd22ffa5503f7815b6bd58f,e3b0c44298fc1c149afbf4c8996fb92427ae41e4649b934ca495991b7852b855,99349632963e2e21191dc3f1bb3192cbde89d938201711ff950ccfb0a940da1f,696355a5d230f7607fccf47600c3149601c3fe872aaebc65fde3ff9da7d61f28,factorized,factorized,False,,,0,0d9e5fdba57c30b9b0e238876011815027bab365040d0c605f74fba1987f67c5,b45f6d311a33a790cfe03615f347a4626e5c0a6412309c39e4d07882f98a09c0,770c3d348365b7f744f2eaee964b61cc57615c10f8ca9a47a061ac03ee1c343e
cath663,2prsA,2prs,A,sword2-rust,factorized,factorized-accuracy,,,False,0,0.2933989306911826,11840,"[""/home/chili/cretin/PROJECTS/SWORD2/target/release/sword2"",""-i"",""/home/chili/cretin/PROJECTS/SWORD2/benchmark/cache/chains/2prsA.pdb"",""-o"",""/home/chili/cretin/PROJECTS/SWORD2/benchmark/results_factorized_locked_model_attempt6/raw/sword2-rust/2prsA"",""-j"",""1"",""--use-factorized-ranker""]","[""<binary>"",""-i"",""<input_structure>"",""-o"",""<process_output>"",""-j"",""1"",""--use-factorized-ranker""]",repository_root,afc89a2e994e08dd5dca107578bfe53d9400e574951cd4ceaecded6e0926665f,raw/sword2-rust/2prsA/2prsA_A/summary.json,7c1cb57a0e3ca383a9f64f8530c398e6ec933231f565341356fa177e525cbf74,e3b0c44298fc1c149afbf4c8996fb92427ae41e4649b934ca495991b7852b855,c553ee8c0aa659aff170172e456627d2184b695df1e147e2c22a404cfd582eab,696355a5d230f7607fccf47600c3149601c3fe872aaebc65fde3ff9da7d61f28,factorized,factorized,False,,,0,0d9e5fdba57c30b9b0e238876011815027bab365040d0c605f74fba1987f67c5,b45f6d311a33a790cfe03615f347a4626e5c0a6412309c39e4d07882f98a09c0,770c3d348365b7f744f2eaee964b61cc57615c10f8ca9a47a061ac03ee1c343e
cath663,2ptrA,2ptr,A,sword2-rust,factorized,factorized-accuracy,,,False,0,0.8507565050385892,25512,"[""/home/chili/cretin/PROJECTS/SWORD2/target/release/sword2"",""-i"",""/home/chili/cretin/PROJECTS/SWORD2/benchmark/cache/chains/2ptrA.pdb"",""-o"",""/home/chili/cretin/PROJECTS/SWORD2/benchmark/results_factorized_locked_model_attempt6/raw/sword2-rust/2ptrA"",""-j"",""1"",""--use-factorized-ranker""]","[""<binary>"",""-i"",""<input_structure>"",""-o"",""<process_output>"",""-j"",""1"",""--use-factorized-ranker""]",repository_root,e823a0a4285a353a14f39f0096fd59ea32098684ba99a055e4dc7d2f08dfe3ed,raw/sword2-rust/2ptrA/2ptrA_A/summary.json,3cd3de60d9e60a371f5e86b2af64ce3eda3ebac8848a89a2cb45b3c9b8a5fa09,e3b0c44298fc1c149afbf4c8996fb92427ae41e4649b934ca495991b7852b855,5f9341df17d3c0a96c9fc3e2129c36209664f9ae157bb18de7e740bfe30f44c0,696355a5d230f7607fccf47600c3149601c3fe872aaebc65fde3ff9da7d61f28,factorized,factorized,False,,,0,0d9e5fdba57c30b9b0e238876011815027bab365040d0c605f74fba1987f67c5,b45f6d311a33a790cfe03615f347a4626e5c0a6412309c39e4d07882f98a09c0,770c3d348365b7f744f2eaee964b61cc57615c10f8ca9a47a061ac03ee1c343e
cath663,2ptrB,2ptr,B,sword2-rust,factorized,factorized-accuracy,,,False,0,0.8829341297969222,26672,"[""/home/chili/cretin/PROJECTS/SWORD2/target/release/sword2"",""-i"",""/home/chili/cretin/PROJECTS/SWORD2/benchmark/cache/chains/2ptrB.pdb"",""-o"",""/home/chili/cretin/PROJECTS/SWORD2/benchmark/results_factorized_locked_model_attempt6/raw/sword2-rust/2ptrB"",""-j"",""1"",""--use-factorized-ranker""]","[""<binary>"",""-i"",""<input_structure>"",""-o"",""<process_output>"",""-j"",""1"",""--use-factorized-ranker""]",repository_root,04d4efbfed30d7ca2a849dcaa7666bf74e2946369e879a029a3a3d4b660f50d9,raw/sword2-rust/2ptrB/2ptrB_B/summary.json,429998cb45ab5d7d8d33f9e765daffaabf1d677772b46085058d93e86eb5209d,e3b0c44298fc1c149afbf4c8996fb92427ae41e4649b934ca495991b7852b855,fd9061ed8b360770fba23d19356c91fea71746a1592f3e43a41ec221c09a0866,696355a5d230f7607fccf47600c3149601c3fe872aaebc65fde3ff9da7d61f28,factorized,factorized,False,,,0,0d9e5fdba57c30b9b0e238876011815027bab365040d0c605f74fba1987f67c5,b45f6d311a33a790cfe03615f347a4626e5c0a6412309c39e4d07882f98a09c0,770c3d348365b7f744f2eaee964b61cc57615c10f8ca9a47a061ac03ee1c343e
cath663,2pw0B,2pw0,B,sword2-rust,factorized,factorized-accuracy,,,False,0,0.5814805408008397,21412,"[""/home/chili/cretin/PROJECTS/SWORD2/target/release/sword2"",""-i"",""/home/chili/cretin/PROJECTS/SWORD2/benchmark/cache/chains/2pw0B.pdb"",""-o"",""/home/chili/cretin/PROJECTS/SWORD2/benchmark/results_factorized_locked_model_attempt6/raw/sword2-rust/2pw0B"",""-j"",""1"",""--use-factorized-ranker""]","[""<binary>"",""-i"",""<input_structure>"",""-o"",""<process_output>"",""-j"",""1"",""--use-factorized-ranker""]",repository_root,5aa80b6473b5dd0345555d21d447e5ae149426f1f85590cc6ebf81b244d020e4,raw/sword2-rust/2pw0B/2pw0B_B/summary.json,d70572eeb641ba5b55e4512a62d402e3070383dd26eb4f9d5530c4d02061422d,e3b0c44298fc1c149afbf4c8996fb92427ae41e4649b934ca495991b7852b855,30c9003e7ecf1b670148806c504f2be9229c65fb7d47bc0cf8b646e0eee7f00c,58f1b0158d545f247ea44630c6af8bde6352f01b2f3c1ecfc50cddc45bccca86,factorized,legacy,True,structural_quality_abstention,factorized_fallback,0,0d9e5fdba57c30b9b0e238876011815027bab365040d0c605f74fba1987f67c5,b45f6d311a33a790cfe03615f347a4626e5c0a6412309c39e4d07882f98a09c0,770c3d348365b7f744f2eaee964b61cc57615c10f8ca9a47a061ac03ee1c343e
cath663,2q18X,2q18,X,sword2-rust,factorized,factorized-accuracy,,,False,0,0.49893340514972806,16260,"[""/home/chili/cretin/PROJECTS/SWORD2/target/release/sword2"",""-i"",""/home/chili/cretin/PROJECTS/SWORD2/benchmark/cache/chains/2q18X.pdb"",""-o"",""/home/chili/cretin/PROJECTS/SWORD2/benchmark/results_factorized_locked_model_attempt6/raw/sword2-rust/2q18X"",""-j"",""1"",""--use-factorized-ranker""]","[""<binary>"",""-i"",""<input_structure>"",""-o"",""<process_output>"",""-j"",""1"",""--use-factorized-ranker""]",repository_root,28f524ac3f53d2c12a57ba9d95c742684293e03ee28888b2992ff93a83c77b86,raw/sword2-rust/2q18X/2q18X_X/summary.json,6cd0918d7ab8f79dc622ec5c80c01db06d642b3df455a4c78a2032b2ebce53d7,e3b0c44298fc1c149afbf4c8996fb92427ae41e4649b934ca495991b7852b855,b23fd1e5bca4617ad01656b180c504f12433df0e42d56a58cfea089859d35905,696355a5d230f7607fccf47600c3149601c3fe872aaebc65fde3ff9da7d61f28,factorized,factorized,False,,,0,0d9e5fdba57c30b9b0e238876011815027bab365040d0c605f74fba1987f67c5,b45f6d311a33a790cfe03615f347a4626e5c0a6412309c39e4d07882f98a09c0,770c3d348365b7f744f2eaee964b61cc57615c10f8ca9a47a061ac03ee1c343e
cath663,2q8pA,2q8p,A,sword2-rust,factorized,factorized-accuracy,,,False,0,0.307547046802938,12724,"[""/home/chili/cretin/PROJECTS/SWORD2/target/release/sword2"",""-i"",""/home/chili/cretin/PROJECTS/SWORD2/benchmark/cache/chains/2q8pA.pdb"",""-o"",""/home/chili/cretin/PROJECTS/SWORD2/benchmark/results_factorized_locked_model_attempt6/raw/sword2-rust/2q8pA"",""-j"",""1"",""--use-factorized-ranker""]","[""<binary>"",""-i"",""<input_structure>"",""-o"",""<process_output>"",""-j"",""1"",""--use-factorized-ranker""]",repository_root,9b606fe9cbafad619cc205b648a4ef443940e653454d0c5aa2d4e553aa145902,raw/sword2-rust/2q8pA/2q8pA_A/summary.json,c3bdef09a8b29bce8c01a1b23962006af18872e481f909b1dc6bab9cdadc05a2,e3b0c44298fc1c149afbf4c8996fb92427ae41e4649b934ca495991b7852b855,df3233f7968689f267b819600d229352088ae20e10f4e65daf1f8f50d24dee9d,696355a5d230f7607fccf47600c3149601c3fe872aaebc65fde3ff9da7d61f28,factorized,factorized,False,,,0,0d9e5fdba57c30b9b0e238876011815027bab365040d0c605f74fba1987f67c5,b45f6d311a33a790cfe03615f347a4626e5c0a6412309c39e4d07882f98a09c0,770c3d348365b7f744f2eaee964b61cc57615c10f8ca9a47a061ac03ee1c343e
cath663,2qgaB,2qga,B,sword2-rust,factorized,factorized-accuracy,,,False,0,0.853849807754159,25848,"[""/home/chili/cretin/PROJECTS/SWORD2/target/release/sword2"",""-i"",""/home/chili/cretin/PROJECTS/SWORD2/benchmark/cache/chains/2qgaB.pdb"",""-o"",""/home/chili/cretin/PROJECTS/SWORD2/benchmark/results_factorized_locked_model_attempt6/raw/sword2-rust/2qgaB"",""-j"",""1"",""--use-factorized-ranker""]","[""<binary>"",""-i"",""<input_structure>"",""-o"",""<process_output>"",""-j"",""1"",""--use-factorized-ranker""]",repository_root,bb881b52b41889c014562e9d90e71c85dc7dcb3a17be01f002020a4dab129284,raw/sword2-rust/2qgaB/2qgaB_B/summary.json,a37800214bad959620b29e2a605b16a3d12bc07d62dee4959bbb0b1032ddaaf4,e3b0c44298fc1c149afbf4c8996fb92427ae41e4649b934ca495991b7852b855,a6a92edf65417d0185165b087506bcc2336cc34ae73bb3ec739fe38fc9cd5ec4,696355a5d230f7607fccf47600c3149601c3fe872aaebc65fde3ff9da7d61f28,factorized,factorized,False,,,0,0d9e5fdba57c30b9b0e238876011815027bab365040d0c605f74fba1987f67c5,b45f6d311a33a790cfe03615f347a4626e5c0a6412309c39e4d07882f98a09c0,770c3d348365b7f744f2eaee964b61cc57615c10f8ca9a47a061ac03ee1c343e
cath663,2qgaC,2qga,C,sword2-rust,factorized,factorized-accuracy,,,False,0,0.8900490598753095,26128,"[""/home/chili/cretin/PROJECTS/SWORD2/target/release/sword2"",""-i"",""/home/chili/cretin/PROJECTS/SWORD2/benchmark/cache/chains/2qgaC.pdb"",""-o"",""/home/chili/cretin/PROJECTS/SWORD2/benchmark/results_factorized_locked_model_attempt6/raw/sword2-rust/2qgaC"",""-j"",""1"",""--use-factorized-ranker""]","[""<binary>"",""-i"",""<input_structure>"",""-o"",""<process_output>"",""-j"",""1"",""--use-factorized-ranker""]",repository_root,1d81fa725e2257ccec064067aa15c6d890254d73721886163f781c5c61ab6a89,raw/sword2-rust/2qgaC/2qgaC_C/summary.json,1c06affceead4514d048720db4b6b4048850cf7c3bb44372451cfcd5099148ce,e3b0c44298fc1c149afbf4c8996fb92427ae41e4649b934ca495991b7852b855,da5ef1353ee42fcc5024792ceb077f11f3bffc6ec000006e669f6f4e5c47ddee,696355a5d230f7607fccf47600c3149601c3fe872aaebc65fde3ff9da7d61f28,factorized,factorized,False,,,0,0d9e5fdba57c30b9b0e238876011815027bab365040d0c605f74fba1987f67c5,b45f6d311a33a790cfe03615f347a4626e5c0a6412309c39e4d07882f98a09c0,770c3d348365b7f744f2eaee964b61cc57615c10f8ca9a47a061ac03ee1c343e
cath663,2qggA,2qgg,A,sword2-rust,factorized,factorized-accuracy,,,False,0,0.25119522493332624,9920,"[""/home/chili/cretin/PROJECTS/SWORD2/target/release/sword2"",""-i"",""/home/chili/cretin/PROJECTS/SWORD2/benchmark/cache/chains/2qggA.pdb"",""-o"",""/home/chili/cretin/PROJECTS/SWORD2/benchmark/results_factorized_locked_model_attempt6/raw/sword2-rust/2qggA"",""-j"",""1"",""--use-factorized-ranker""]","[""<binary>"",""-i"",""<input_structure>"",""-o"",""<process_output>"",""-j"",""1"",""--use-factorized-ranker""]",repository_root,758fd491e2150bf5c27f57da5e12dc8c2261d8ed1e1dee2d9edfa7a3af1cb800,raw/sword2-rust/2qggA/2qggA_A/summary.json,19cc39fb298e981f70bbd124a0c056942e5e46434de2f7d1fda749ef9961e365,e3b0c44298fc1c149afbf4c8996fb92427ae41e4649b934ca495991b7852b855,f977988e191de24a11f30921a1fbe4ba7d0faa51ac72671af7839bea78d94a59,696355a5d230f7607fccf47600c3149601c3fe872aaebc65fde3ff9da7d61f28,factorized,factorized,False,,,0,0d9e5fdba57c30b9b0e238876011815027bab365040d0c605f74fba1987f67c5,b45f6d311a33a790cfe03615f347a4626e5c0a6412309c39e4d07882f98a09c0,770c3d348365b7f744f2eaee964b61cc57615c10f8ca9a47a061ac03ee1c343e
cath663,2qguA,2qgu,A,sword2-rust,factorized,factorized-accuracy,,,False,0,0.23519887076690793,10560,"[""/home/chili/cretin/PROJECTS/SWORD2/target/release/sword2"",""-i"",""/home/chili/cretin/PROJECTS/SWORD2/benchmark/cache/chains/2qguA.pdb"",""-o"",""/home/chili/cretin/PROJECTS/SWORD2/benchmark/results_factorized_locked_model_attempt6/raw/sword2-rust/2qguA"",""-j"",""1"",""--use-factorized-ranker""]","[""<binary>"",""-i"",""<input_structure>"",""-o"",""<process_output>"",""-j"",""1"",""--use-factorized-ranker""]",repository_root,2d7b151a88ead3663b22dcf9ceed26a7561fb2d342d8d24f78840eea258da3a4,raw/sword2-rust/2qguA/2qguA_A/summary.json,83518c86f1d407afdde1fae2ecceb1f6568411af167439ec0b359c5d29b14d62,e3b0c44298fc1c149afbf4c8996fb92427ae41e4649b934ca495991b7852b855,76025e47f67ed2250a6266653add1d312ad50390ad7e22c790231b72a96e30ae,696355a5d230f7607fccf47600c3149601c3fe872aaebc65fde3ff9da7d61f28,factorized,factorized,False,,,0,0d9e5fdba57c30b9b0e238876011815027bab365040d0c605f74fba1987f67c5,b45f6d311a33a790cfe03615f347a4626e5c0a6412309c39e4d07882f98a09c0,770c3d348365b7f744f2eaee964b61cc57615c10f8ca9a47a061ac03ee1c343e
cath663,2qojZ,2qoj,Z,sword2-rust,factorized,factorized-accuracy,,,False,0,0.3655794891528785,11780,"[""/home/chili/cretin/PROJECTS/SWORD2/target/release/sword2"",""-i"",""/home/chili/cretin/PROJECTS/SWORD2/benchmark/cache/chains/2qojZ.pdb"",""-o"",""/home/chili/cretin/PROJECTS/SWORD2/benchmark/results_factorized_locked_model_attempt6/raw/sword2-rust/2qojZ"",""-j"",""1"",""--use-factorized-ranker""]","[""<binary>"",""-i"",""<input_structure>"",""-o"",""<process_output>"",""-j"",""1"",""--use-factorized-ranker""]",repository_root,f720ad2e1ee1233d1fe6a935b98587428a35f25cae3a5299f13c7f2eb884b952,raw/sword2-rust/2qojZ/2qojZ_Z/summary.json,03c844e27acba5b6f6b2302dad45a63eb0320000ff88a3ade1b8cd65af875a8b,e3b0c44298fc1c149afbf4c8996fb92427ae41e4649b934ca495991b7852b855,3e74b96c9eaf8f9577d0125741a0cb5c2597e52ba35e0aaeb47207a01cf17cb6,696355a5d230f7607fccf47600c3149601c3fe872aaebc65fde3ff9da7d61f28,factorized,factorized,False,,,0,0d9e5fdba57c30b9b0e238876011815027bab365040d0c605f74fba1987f67c5,b45f6d311a33a790cfe03615f347a4626e5c0a6412309c39e4d07882f98a09c0,770c3d348365b7f744f2eaee964b61cc57615c10f8ca9a47a061ac03ee1c343e
cath663,2qveA,2qve,A,sword2-rust,factorized,factorized-accuracy,,,False,0,1.7691348623484373,54236,"[""/home/chili/cretin/PROJECTS/SWORD2/target/release/sword2"",""-i"",""/home/chili/cretin/PROJECTS/SWORD2/benchmark/cache/chains/2qveA.pdb"",""-o"",""/home/chili/cretin/PROJECTS/SWORD2/benchmark/results_factorized_locked_model_attempt6/raw/sword2-rust/2qveA"",""-j"",""1"",""--use-factorized-ranker""]","[""<binary>"",""-i"",""<input_structure>"",""-o"",""<process_output>"",""-j"",""1"",""--use-factorized-ranker""]",repository_root,c2259e8bcded2cb07ea50f9963a0ab6b9618519e0854c6f7584475a260ae8905,raw/sword2-rust/2qveA/2qveA_A/summary.json,c4bac96fc0071faeba37196f64e345b19aabfe40cd7b7f3356baf70ddd06da5a,e3b0c44298fc1c149afbf4c8996fb92427ae41e4649b934ca495991b7852b855,306ba5b27cce7d66a51c92e48b2a9b0be4141de61c8177048d7e3dfe57e0eebb,696355a5d230f7607fccf47600c3149601c3fe872aaebc65fde3ff9da7d61f28,factorized,factorized,False,,,0,0d9e5fdba57c30b9b0e238876011815027bab365040d0c605f74fba1987f67c5,b45f6d311a33a790cfe03615f347a4626e5c0a6412309c39e4d07882f98a09c0,770c3d348365b7f744f2eaee964b61cc57615c10f8ca9a47a061ac03ee1c343e
cath663,2qyuA,2qyu,A,sword2-rust,factorized,factorized-accuracy,,,False,0,0.7814332959242165,27992,"[""/home/chili/cretin/PROJECTS/SWORD2/target/release/sword2"",""-i"",""/home/chili/cretin/PROJECTS/SWORD2/benchmark/cache/chains/2qyuA.pdb"",""-o"",""/home/chili/cretin/PROJECTS/SWORD2/benchmark/results_factorized_locked_model_attempt6/raw/sword2-rust/2qyuA"",""-j"",""1"",""--use-factorized-ranker""]","[""<binary>"",""-i"",""<input_structure>"",""-o"",""<process_output>"",""-j"",""1"",""--use-factorized-ranker""]",repository_root,030456c1b05b80dd38b4790e13f2bc512a7c441d5d7b6fc01971793b93d02d9d,raw/sword2-rust/2qyuA/2qyuA_A/summary.json,41b074b6c0c0c2304e401eea5ac235888051278844fe45b89005b2d50871b52b,e3b0c44298fc1c149afbf4c8996fb92427ae41e4649b934ca495991b7852b855,fb7cd747e4aa90e1bf155ee6a18bb23ff9d10df05d65565b12e60c2a54d95900,696355a5d230f7607fccf47600c3149601c3fe872aaebc65fde3ff9da7d61f28,factorized,factorized,False,,,0,0d9e5fdba57c30b9b0e238876011815027bab365040d0c605f74fba1987f67c5,b45f6d311a33a790cfe03615f347a4626e5c0a6412309c39e4d07882f98a09c0,770c3d348365b7f744f2eaee964b61cc57615c10f8ca9a47a061ac03ee1c343e
cath663,2qzaB,2qza,B,sword2-rust,factorized,factorized-accuracy,,,False,0,0.7415211689658463,29256,"[""/home/chili/cretin/PROJECTS/SWORD2/target/release/sword2"",""-i"",""/home/chili/cretin/PROJECTS/SWORD2/benchmark/cache/chains/2qzaB.pdb"",""-o"",""/home/chili/cretin/PROJECTS/SWORD2/benchmark/results_factorized_locked_model_attempt6/raw/sword2-rust/2qzaB"",""-j"",""1"",""--use-factorized-ranker""]","[""<binary>"",""-i"",""<input_structure>"",""-o"",""<process_output>"",""-j"",""1"",""--use-factorized-ranker""]",repository_root,e9514ccd9feb66488ffd6c2002e3887a87d1092348620545db77effdb5dec913,raw/sword2-rust/2qzaB/2qzaB_B/summary.json,a2497dbc2ca586a4e54a5c6869f157a1405be3daaf0a2364e60be3b98e6d90b7,e3b0c44298fc1c149afbf4c8996fb92427ae41e4649b934ca495991b7852b855,c05a8d5b90f0b571be983824496b85052ba0dd77100262737973d528b20b148a,696355a5d230f7607fccf47600c3149601c3fe872aaebc65fde3ff9da7d61f28,factorized,factorized,False,,,0,0d9e5fdba57c30b9b0e238876011815027bab365040d0c605f74fba1987f67c5,b45f6d311a33a790cfe03615f347a4626e5c0a6412309c39e4d07882f98a09c0,770c3d348365b7f744f2eaee964b61cc57615c10f8ca9a47a061ac03ee1c343e
cath663,2r18A,2r18,A,sword2-rust,factorized,factorized-accuracy,,,False,0,0.2597490670159459,9920,"[""/home/chili/cretin/PROJECTS/SWORD2/target/release/sword2"",""-i"",""/home/chili/cretin/PROJECTS/SWORD2/benchmark/cache/chains/2r18A.pdb"",""-o"",""/home/chili/cretin/PROJECTS/SWORD2/benchmark/results_factorized_locked_model_attempt6/raw/sword2-rust/2r18A"",""-j"",""1"",""--use-factorized-ranker""]","[""<binary>"",""-i"",""<input_structure>"",""-o"",""<process_output>"",""-j"",""1"",""--use-factorized-ranker""]",repository_root,425e7d662d7997bd50f25549765251326ed9bcbaee3a800c9f01c2c6d4b399d8,raw/sword2-rust/2r18A/2r18A_A/summary.json,21bda8b98ef33056d59c41ce8de71d04bdbfc05c988bc18586f4e2bb22a069b3,e3b0c44298fc1c149afbf4c8996fb92427ae41e4649b934ca495991b7852b855,5456de7ecc17c2823a25babfb276257441cf6849dbee6a0508850f2ca62dfc97,696355a5d230f7607fccf47600c3149601c3fe872aaebc65fde3ff9da7d61f28,factorized,factorized,False,,,0,0d9e5fdba57c30b9b0e238876011815027bab365040d0c605f74fba1987f67c5,b45f6d311a33a790cfe03615f347a4626e5c0a6412309c39e4d07882f98a09c0,770c3d348365b7f744f2eaee964b61cc57615c10f8ca9a47a061ac03ee1c343e
cath663,2r51A,2r51,A,sword2-rust,factorized,factorized-accuracy,,,False,0,0.3924015280790627,12900,"[""/home/chili/cretin/PROJECTS/SWORD2/target/release/sword2"",""-i"",""/home/chili/cretin/PROJECTS/SWORD2/benchmark/cache/chains/2r51A.pdb"",""-o"",""/home/chili/cretin/PROJECTS/SWORD2/benchmark/results_factorized_locked_model_attempt6/raw/sword2-rust/2r51A"",""-j"",""1"",""--use-factorized-ranker""]","[""<binary>"",""-i"",""<input_structure>"",""-o"",""<process_output>"",""-j"",""1"",""--use-factorized-ranker""]",repository_root,b504b95718775d2b4f0c868c5e050bef4a7746285f808e995622806fc647e720,raw/sword2-rust/2r51A/2r51A_A/summary.json,a0bfa3236b1f53140c7e8f314a03821f6f77f6ea0cbb641ee9aa7692511cfe09,e3b0c44298fc1c149afbf4c8996fb92427ae41e4649b934ca495991b7852b855,1ee0ac9d513a4a42aac508b397750737505a2175d47becc03e7b911e4aa7ddac,696355a5d230f7607fccf47600c3149601c3fe872aaebc65fde3ff9da7d61f28,factorized,factorized,False,,,0,0d9e5fdba57c30b9b0e238876011815027bab365040d0c605f74fba1987f67c5,b45f6d311a33a790cfe03615f347a4626e5c0a6412309c39e4d07882f98a09c0,770c3d348365b7f744f2eaee964b61cc57615c10f8ca9a47a061ac03ee1c343e
cath663,2r79A,2r79,A,sword2-rust,factorized,factorized-accuracy,,,False,0,0.6826575957238674,12548,"[""/home/chili/cretin/PROJECTS/SWORD2/target/release/sword2"",""-i"",""/home/chili/cretin/PROJECTS/SWORD2/benchmark/cache/chains/2r79A.pdb"",""-o"",""/home/chili/cretin/PROJECTS/SWORD2/benchmark/results_factorized_locked_model_attempt6/raw/sword2-rust/2r79A"",""-j"",""1"",""--use-factorized-ranker""]","[""<binary>"",""-i"",""<input_structure>"",""-o"",""<process_output>"",""-j"",""1"",""--use-factorized-ranker""]",repository_root,3affcadbeb4a39612b628e2e9e391bf19cc72862547b9d51e73e92af676a306a,raw/sword2-rust/2r79A/2r79A_A/summary.json,6b54dd835d025a66b2372f72316f60b5f216e87f47025e285f8d159177be21a5,e3b0c44298fc1c149afbf4c8996fb92427ae41e4649b934ca495991b7852b855,18814412d4fc62d05217f9269a268c71bac56b7d9868fb01a5f2954b618d38f3,696355a5d230f7607fccf47600c3149601c3fe872aaebc65fde3ff9da7d61f28,factorized,factorized,False,,,0,0d9e5fdba57c30b9b0e238876011815027bab365040d0c605f74fba1987f67c5,b45f6d311a33a790cfe03615f347a4626e5c0a6412309c39e4d07882f98a09c0,770c3d348365b7f744f2eaee964b61cc57615c10f8ca9a47a061ac03ee1c343e
cath663,2r7aB,2r7a,B,sword2-rust,factorized,factorized-accuracy,,,False,0,0.41402132203802466,12344,"[""/home/chili/cretin/PROJECTS/SWORD2/target/release/sword2"",""-i"",""/home/chili/cretin/PROJECTS/SWORD2/benchmark/cache/chains/2r7aB.pdb"",""-o"",""/home/chili/cretin/PROJECTS/SWORD2/benchmark/results_factorized_locked_model_attempt6/raw/sword2-rust/2r7aB"",""-j"",""1"",""--use-factorized-ranker""]","[""<binary>"",""-i"",""<input_structure>"",""-o"",""<process_output>"",""-j"",""1"",""--use-factorized-ranker""]",repository_root,925382a497e94c24b6fd7a9acb6b75c7e752d66c9a83a5816477aeeda8d19c6a,raw/sword2-rust/2r7aB/2r7aB_B/summary.json,d1f349a8cb70a3e780f82af04bebf0a7b992a7730eb57ae8ee305040de0a3d40,e3b0c44298fc1c149afbf4c8996fb92427ae41e4649b934ca495991b7852b855,7990c6fac60641f41d07f7e00a5ce2f9e88523f9cd46360f570548848959d620,696355a5d230f7607fccf47600c3149601c3fe872aaebc65fde3ff9da7d61f28,factorized,factorized,False,,,0,0d9e5fdba57c30b9b0e238876011815027bab365040d0c605f74fba1987f67c5,b45f6d311a33a790cfe03615f347a4626e5c0a6412309c39e4d07882f98a09c0,770c3d348365b7f744f2eaee964b61cc57615c10f8ca9a47a061ac03ee1c343e
cath663,2riqA,2riq,A,sword2-rust,factorized,factorized-accuracy,,,False,0,0.14395288890227675,9600,"[""/home/chili/cretin/PROJECTS/SWORD2/target/release/sword2"",""-i"",""/home/chili/cretin/PROJECTS/SWORD2/benchmark/cache/chains/2riqA.pdb"",""-o"",""/home/chili/cretin/PROJECTS/SWORD2/benchmark/results_factorized_locked_model_attempt6/raw/sword2-rust/2riqA"",""-j"",""1"",""--use-factorized-ranker""]","[""<binary>"",""-i"",""<input_structure>"",""-o"",""<process_output>"",""-j"",""1"",""--use-factorized-ranker""]",repository_root,55852ac18741a22666a19329075f60c21f20a89746328839e00d546e333108a7,raw/sword2-rust/2riqA/2riqA_A/summary.json,0d52cb9b8004108e53ab17f344ab3cb41e177d839de4b518ae2038618f1a571c,e3b0c44298fc1c149afbf4c8996fb92427ae41e4649b934ca495991b7852b855,b9fa112accd764cb3bfeace3a2197226d9149e5150897555d18623da7496c8e3,696355a5d230f7607fccf47600c3149601c3fe872aaebc65fde3ff9da7d61f28,factorized,factorized,False,,,0,0d9e5fdba57c30b9b0e238876011815027bab365040d0c605f74fba1987f67c5,b45f6d311a33a790cfe03615f347a4626e5c0a6412309c39e4d07882f98a09c0,770c3d348365b7f744f2eaee964b61cc57615c10f8ca9a47a061ac03ee1c343e
cath663,2uu7A,2uu7,A,sword2-rust,factorized,factorized-accuracy,,,False,0,0.6769289867952466,20736,"[""/home/chili/cretin/PROJECTS/SWORD2/target/release/sword2"",""-i"",""/home/chili/cretin/PROJECTS/SWORD2/benchmark/cache/chains/2uu7A.pdb"",""-o"",""/home/chili/cretin/PROJECTS/SWORD2/benchmark/results_factorized_locked_model_attempt6/raw/sword2-rust/2uu7A"",""-j"",""1"",""--use-factorized-ranker""]","[""<binary>"",""-i"",""<input_structure>"",""-o"",""<process_output>"",""-j"",""1"",""--use-factorized-ranker""]",repository_root,9d9a3b1c7c99da15f8da9c2428ca3bede0c619187c3f222273104381bd7c9c47,raw/sword2-rust/2uu7A/2uu7A_A/summary.json,425017653e7d034e0c9c04659af8fb72e752f370865186afe8c2f8aefdbbbd4b,e3b0c44298fc1c149afbf4c8996fb92427ae41e4649b934ca495991b7852b855,5bce488ab045bc2a7b6d7c4a030180871dde222653318ccff1cbd304fe2f86b0,696355a5d230f7607fccf47600c3149601c3fe872aaebc65fde3ff9da7d61f28,factorized,factorized,False,,,0,0d9e5fdba57c30b9b0e238876011815027bab365040d0c605f74fba1987f67c5,b45f6d311a33a790cfe03615f347a4626e5c0a6412309c39e4d07882f98a09c0,770c3d348365b7f744f2eaee964b61cc57615c10f8ca9a47a061ac03ee1c343e
cath663,2vs7A,2vs7,A,sword2-rust,factorized,factorized-accuracy,,,False,0,0.14972870890051126,10240,"[""/home/chili/cretin/PROJECTS/SWORD2/target/release/sword2"",""-i"",""/home/chili/cretin/PROJECTS/SWORD2/benchmark/cache/chains/2vs7A.pdb"",""-o"",""/home/chili/cretin/PROJECTS/SWORD2/benchmark/results_factorized_locked_model_attempt6/raw/sword2-rust/2vs7A"",""-j"",""1"",""--use-factorized-ranker""]","[""<binary>"",""-i"",""<input_structure>"",""-o"",""<process_output>"",""-j"",""1"",""--use-factorized-ranker""]",repository_root,c0569a8dbbb9ef13b688eabc092df10460e434e450421646648634cea0324a90,raw/sword2-rust/2vs7A/2vs7A_A/summary.json,fd57ad91a2125f72084d5d1577e0115b82e3eeb07556d55679242cc61022f39a,e3b0c44298fc1c149afbf4c8996fb92427ae41e4649b934ca495991b7852b855,e5b52c32af8875b9db8fec4fb42ec526199b77df1c0bfc4ef84d6d99794fc601,696355a5d230f7607fccf47600c3149601c3fe872aaebc65fde3ff9da7d61f28,factorized,factorized,False,,,0,0d9e5fdba57c30b9b0e238876011815027bab365040d0c605f74fba1987f67c5,b45f6d311a33a790cfe03615f347a4626e5c0a6412309c39e4d07882f98a09c0,770c3d348365b7f744f2eaee964b61cc57615c10f8ca9a47a061ac03ee1c343e
cath663,2vs7D,2vs7,D,sword2-rust,factorized,factorized-accuracy,,,False,0,0.19473577290773392,10560,"[""/home/chili/cretin/PROJECTS/SWORD2/target/release/sword2"",""-i"",""/home/chili/cretin/PROJECTS/SWORD2/benchmark/cache/chains/2vs7D.pdb"",""-o"",""/home/chili/cretin/PROJECTS/SWORD2/benchmark/results_factorized_locked_model_attempt6/raw/sword2-rust/2vs7D"",""-j"",""1"",""--use-factorized-ranker""]","[""<binary>"",""-i"",""<input_structure>"",""-o"",""<process_output>"",""-j"",""1"",""--use-factorized-ranker""]",repository_root,1e7fd167da580a9390ff9465d9cf745e969be580dbd9b581baaa36251e876325,raw/sword2-rust/2vs7D/2vs7D_D/summary.json,d06df302017c31630f8823952feb3af87e4352925bfde5651024024de5e4c1ca,e3b0c44298fc1c149afbf4c8996fb92427ae41e4649b934ca495991b7852b855,ec7c6c035687f975e6c373e5bf39e1e518e0e355df7169eb9856ec12af1d3862,58f1b0158d545f247ea44630c6af8bde6352f01b2f3c1ecfc50cddc45bccca86,factorized,legacy,True,structural_quality_abstention,factorized_fallback,0,0d9e5fdba57c30b9b0e238876011815027bab365040d0c605f74fba1987f67c5,b45f6d311a33a790cfe03615f347a4626e5c0a6412309c39e4d07882f98a09c0,770c3d348365b7f744f2eaee964b61cc57615c10f8ca9a47a061ac03ee1c343e
cath663,2vsgA,2vsg,A,sword2-rust,factorized,factorized-accuracy,,,False,0,0.6936446288600564,21328,"[""/home/chili/cretin/PROJECTS/SWORD2/target/release/sword2"",""-i"",""/home/chili/cretin/PROJECTS/SWORD2/benchmark/cache/chains/2vsgA.pdb"",""-o"",""/home/chili/cretin/PROJECTS/SWORD2/benchmark/results_factorized_locked_model_attempt6/raw/sword2-rust/2vsgA"",""-j"",""1"",""--use-factorized-ranker""]","[""<binary>"",""-i"",""<input_structure>"",""-o"",""<process_output>"",""-j"",""1"",""--use-factorized-ranker""]",repository_root,ae974221cdd5175cff60c04c5c943898c6de3b985b904e61bce55c1ec6838a87,raw/sword2-rust/2vsgA/2vsgA_A/summary.json,633e9efcd705c50abd5f80183062a332957f86ecb7d7090d7b29540fb634c2f7,e3b0c44298fc1c149afbf4c8996fb92427ae41e4649b934ca495991b7852b855,b7cb2ed934b956bf5a0b0af9a63c3387daa0d35aa050e758cdf48fe7647ce721,696355a5d230f7607fccf47600c3149601c3fe872aaebc65fde3ff9da7d61f28,factorized,factorized,False,,,0,0d9e5fdba57c30b9b0e238876011815027bab365040d0c605f74fba1987f67c5,b45f6d311a33a790cfe03615f347a4626e5c0a6412309c39e4d07882f98a09c0,770c3d348365b7f744f2eaee964b61cc57615c10f8ca9a47a061ac03ee1c343e
cath663,2w2gA,2w2g,A,sword2-rust,factorized,factorized-accuracy,,,False,0,0.3083655280061066,11456,"[""/home/chili/cretin/PROJECTS/SWORD2/target/release/sword2"",""-i"",""/home/chili/cretin/PROJECTS/SWORD2/benchmark/cache/chains/2w2gA.pdb"",""-o"",""/home/chili/cretin/PROJECTS/SWORD2/benchmark/results_factorized_locked_model_attempt6/raw/sword2-rust/2w2gA"",""-j"",""1"",""--use-factorized-ranker""]","[""<binary>"",""-i"",""<input_structure>"",""-o"",""<process_output>"",""-j"",""1"",""--use-factorized-ranker""]",repository_root,679b9d6337122eca36e9066945ccd9249fa40d965b5d869c05ccc329e1e1d7d4,raw/sword2-rust/2w2gA/2w2gA_A/summary.json,8bad42c5d9bf594082244033be2bcef6bb28857a03216be2820e2f853aa83914,e3b0c44298fc1c149afbf4c8996fb92427ae41e4649b934ca495991b7852b855,721d7d462f5b165dadf8ce542482fd90f363007a12108d1b61dae1a9642ef0c6,696355a5d230f7607fccf47600c3149601c3fe872aaebc65fde3ff9da7d61f28,factorized,factorized,False,,,0,0d9e5fdba57c30b9b0e238876011815027bab365040d0c605f74fba1987f67c5,b45f6d311a33a790cfe03615f347a4626e5c0a6412309c39e4d07882f98a09c0,770c3d348365b7f744f2eaee964b61cc57615c10f8ca9a47a061ac03ee1c343e
cath663,2w2gB,2w2g,B,sword2-rust,factorized,factorized-accuracy,,,False,0,0.25633146800100803,11672,"[""/home/chili/cretin/PROJECTS/SWORD2/target/release/sword2"",""-i"",""/home/chili/cretin/PROJECTS/SWORD2/benchmark/cache/chains/2w2gB.pdb"",""-o"",""/home/chili/cretin/PROJECTS/SWORD2/benchmark/results_factorized_locked_model_attempt6/raw/sword2-rust/2w2gB"",""-j"",""1"",""--use-factorized-ranker""]","[""<binary>"",""-i"",""<input_structure>"",""-o"",""<process_output>"",""-j"",""1"",""--use-factorized-ranker""]",repository_root,34061414a8fe2e2f951329ceb145b8a2bf657859d7fb9ba3af7776f462d90b8e,raw/sword2-rust/2w2gB/2w2gB_B/summary.json,d46acf127dde28e033758c79da2171e2ef19a204ef06f61353be9dbdef99b227,e3b0c44298fc1c149afbf4c8996fb92427ae41e4649b934ca495991b7852b855,22669bdfbd47f86d0180db7491f0f57490d2835dc2216f01440a9e141d35bbde,696355a5d230f7607fccf47600c3149601c3fe872aaebc65fde3ff9da7d61f28,factorized,factorized,False,,,0,0d9e5fdba57c30b9b0e238876011815027bab365040d0c605f74fba1987f67c5,b45f6d311a33a790cfe03615f347a4626e5c0a6412309c39e4d07882f98a09c0,770c3d348365b7f744f2eaee964b61cc57615c10f8ca9a47a061ac03ee1c343e
cath663,2w3qA,2w3q,A,sword2-rust,factorized,factorized-accuracy,,,False,0,0.33673120429739356,11520,"[""/home/chili/cretin/PROJECTS/SWORD2/target/release/sword2"",""-i"",""/home/chili/cretin/PROJECTS/SWORD2/benchmark/cache/chains/2w3qA.pdb"",""-o"",""/home/chili/cretin/PROJECTS/SWORD2/benchmark/results_factorized_locked_model_attempt6/raw/sword2-rust/2w3qA"",""-j"",""1"",""--use-factorized-ranker""]","[""<binary>"",""-i"",""<input_structure>"",""-o"",""<process_output>"",""-j"",""1"",""--use-factorized-ranker""]",repository_root,cc28f398ed0e03b57d05b0bf922560dc5bd4d6e50d07bcbf19b6081c6eda9bf6,raw/sword2-rust/2w3qA/2w3qA_A/summary.json,de698e3bb01cfc14cfdb71b11171f9f3cbcbd85613db46a4380041e209b902d6,e3b0c44298fc1c149afbf4c8996fb92427ae41e4649b934ca495991b7852b855,75964405bfb5e4248f7182ee4aabc8ca6839f1744591ab0776b16a8641c9c30b,696355a5d230f7607fccf47600c3149601c3fe872aaebc65fde3ff9da7d61f28,factorized,factorized,False,,,0,0d9e5fdba57c30b9b0e238876011815027bab365040d0c605f74fba1987f67c5,b45f6d311a33a790cfe03615f347a4626e5c0a6412309c39e4d07882f98a09c0,770c3d348365b7f744f2eaee964b61cc57615c10f8ca9a47a061ac03ee1c343e
cath663,2w82A,2w82,A,sword2-rust,factorized,factorized-accuracy,,,False,0,0.16959403920918703,9920,"[""/home/chili/cretin/PROJECTS/SWORD2/target/release/sword2"",""-i"",""/home/chili/cretin/PROJECTS/SWORD2/benchmark/cache/chains/2w82A.pdb"",""-o"",""/home/chili/cretin/PROJECTS/SWORD2/benchmark/results_factorized_locked_model_attempt6/raw/sword2-rust/2w82A"",""-j"",""1"",""--use-factorized-ranker""]","[""<binary>"",""-i"",""<input_structure>"",""-o"",""<process_output>"",""-j"",""1"",""--use-factorized-ranker""]",repository_root,827098097ff3b447db211f520b29c70c2dc67453c835af5b85d768db4ff4576f,raw/sword2-rust/2w82A/2w82A_A/summary.json,50093468ee7e68c652d9ac32cffa36a9bc6741377cfaaaba58353800d0fd91bf,e3b0c44298fc1c149afbf4c8996fb92427ae41e4649b934ca495991b7852b855,afdb54a8fd4a864359d91589115d6d62205f7e65aaca78f1908b89e6befcf73f,696355a5d230f7607fccf47600c3149601c3fe872aaebc65fde3ff9da7d61f28,factorized,factorized,False,,,0,0d9e5fdba57c30b9b0e238876011815027bab365040d0c605f74fba1987f67c5,b45f6d311a33a790cfe03615f347a4626e5c0a6412309c39e4d07882f98a09c0,770c3d348365b7f744f2eaee964b61cc57615c10f8ca9a47a061ac03ee1c343e
cath663,2w8hA,2w8h,A,sword2-rust,factorized,factorized-accuracy,,,False,0,0.5709541980177164,15092,"[""/home/chili/cretin/PROJECTS/SWORD2/target/release/sword2"",""-i"",""/home/chili/cretin/PROJECTS/SWORD2/benchmark/cache/chains/2w8hA.pdb"",""-o"",""/home/chili/cretin/PROJECTS/SWORD2/benchmark/results_factorized_locked_model_attempt6/raw/sword2-rust/2w8hA"",""-j"",""1"",""--use-factorized-ranker""]","[""<binary>"",""-i"",""<input_structure>"",""-o"",""<process_output>"",""-j"",""1"",""--use-factorized-ranker""]",repository_root,e4332b4dc95dacd3ae8e0e727a140013a8c62c55f4513c20492f8bbb24776bfd,raw/sword2-rust/2w8hA/2w8hA_A/summary.json,c46cc210704c2f2e0c1bea0a7b1d694d2c26e543a6976666c2a87c1ccecec732,e3b0c44298fc1c149afbf4c8996fb92427ae41e4649b934ca495991b7852b855,4ac271b72870f411bf90cb0a240bcf852b6cea57279b601bd6849c1b140b4607,696355a5d230f7607fccf47600c3149601c3fe872aaebc65fde3ff9da7d61f28,factorized,factorized,False,,,0,0d9e5fdba57c30b9b0e238876011815027bab365040d0c605f74fba1987f67c5,b45f6d311a33a790cfe03615f347a4626e5c0a6412309c39e4d07882f98a09c0,770c3d348365b7f744f2eaee964b61cc57615c10f8ca9a47a061ac03ee1c343e
cath663,2wi8A,2wi8,A,sword2-rust,factorized,factorized-accuracy,,,False,0,0.5607090750709176,14740,"[""/home/chili/cretin/PROJECTS/SWORD2/target/release/sword2"",""-i"",""/home/chili/cretin/PROJECTS/SWORD2/benchmark/cache/chains/2wi8A.pdb"",""-o"",""/home/chili/cretin/PROJECTS/SWORD2/benchmark/results_factorized_locked_model_attempt6/raw/sword2-rust/2wi8A"",""-j"",""1"",""--use-factorized-ranker""]","[""<binary>"",""-i"",""<input_structure>"",""-o"",""<process_output>"",""-j"",""1"",""--use-factorized-ranker""]",repository_root,f135f3b2f86a442649d17a9ba21db55c5bafb31d011dc29368f9d11ef39bb9ad,raw/sword2-rust/2wi8A/2wi8A_A/summary.json,978bf8345e0e124f74f490b6f415d8d69701343884143c20823d7e3326e2e99f,e3b0c44298fc1c149afbf4c8996fb92427ae41e4649b934ca495991b7852b855,8c389d76a32e689a2a00ffe6eefa56a98fe079f4c3e8f5108bf4c5ef8855a216,696355a5d230f7607fccf47600c3149601c3fe872aaebc65fde3ff9da7d61f28,factorized,factorized,False,,,0,0d9e5fdba57c30b9b0e238876011815027bab365040d0c605f74fba1987f67c5,b45f6d311a33a790cfe03615f347a4626e5c0a6412309c39e4d07882f98a09c0,770c3d348365b7f744f2eaee964b61cc57615c10f8ca9a47a061ac03ee1c343e
cath663,2wjnC,2wjn,C,sword2-rust,factorized,factorized-accuracy,,,False,0,0.5401016627438366,17568,"[""/home/chili/cretin/PROJECTS/SWORD2/target/release/sword2"",""-i"",""/home/chili/cretin/PROJECTS/SWORD2/benchmark/cache/chains/2wjnC.pdb"",""-o"",""/home/chili/cretin/PROJECTS/SWORD2/benchmark/results_factorized_locked_model_attempt6/raw/sword2-rust/2wjnC"",""-j"",""1"",""--use-factorized-ranker""]","[""<binary>"",""-i"",""<input_structure>"",""-o"",""<process_output>"",""-j"",""1"",""--use-factorized-ranker""]",repository_root,2b6f0b3faf74cb29d71949897cee3a9961e149080efd09d8c448838ce6e785de,raw/sword2-rust/2wjnC/2wjnC_C/summary.json,fd9c9d5ad59235f2a50edc57a743f5f37b4e105ff204ad175bcf6938e22e1f98,e3b0c44298fc1c149afbf4c8996fb92427ae41e4649b934ca495991b7852b855,711737e85fb1b371cea47cd308cb4084162a0f74a8f9b75ff9a7ae3c78964de2,696355a5d230f7607fccf47600c3149601c3fe872aaebc65fde3ff9da7d61f28,factorized,factorized,False,,,0,0d9e5fdba57c30b9b0e238876011815027bab365040d0c605f74fba1987f67c5,b45f6d311a33a790cfe03615f347a4626e5c0a6412309c39e4d07882f98a09c0,770c3d348365b7f744f2eaee964b61cc57615c10f8ca9a47a061ac03ee1c343e
cath663,2wnkA,2wnk,A,sword2-rust,factorized,factorized-accuracy,,,False,0,0.1672369190491736,11520,"[""/home/chili/cretin/PROJECTS/SWORD2/target/release/sword2"",""-i"",""/home/chili/cretin/PROJECTS/SWORD2/benchmark/cache/chains/2wnkA.pdb"",""-o"",""/home/chili/cretin/PROJECTS/SWORD2/benchmark/results_factorized_locked_model_attempt6/raw/sword2-rust/2wnkA"",""-j"",""1"",""--use-factorized-ranker""]","[""<binary>"",""-i"",""<input_structure>"",""-o"",""<process_output>"",""-j"",""1"",""--use-factorized-ranker""]",repository_root,74a4c642f09450b5864eec5ac9dff3930d7219652ac0d566774b3ca188dd92fb,raw/sword2-rust/2wnkA/2wnkA_A/summary.json,d3efed327376b5e403f7f80237528061df0633da1e243f1a0b631b27d8954be1,e3b0c44298fc1c149afbf4c8996fb92427ae41e4649b934ca495991b7852b855,753cad17cd7fe436d9c8a59bcffa5766a548b2a12a1715c6a6220469fd1343d5,696355a5d230f7607fccf47600c3149601c3fe872aaebc65fde3ff9da7d61f28,factorized,factorized,False,,,0,0d9e5fdba57c30b9b0e238876011815027bab365040d0c605f74fba1987f67c5,b45f6d311a33a790cfe03615f347a4626e5c0a6412309c39e4d07882f98a09c0,770c3d348365b7f744f2eaee964b61cc57615c10f8ca9a47a061ac03ee1c343e
cath663,2wnpF,2wnp,F,sword2-rust,factorized,factorized-accuracy,,,False,0,0.33001288399100304,11520,"[""/home/chili/cretin/PROJECTS/SWORD2/target/release/sword2"",""-i"",""/home/chili/cretin/PROJECTS/SWORD2/benchmark/cache/chains/2wnpF.pdb"",""-o"",""/home/chili/cretin/PROJECTS/SWORD2/benchmark/results_factorized_locked_model_attempt6/raw/sword2-rust/2wnpF"",""-j"",""1"",""--use-factorized-ranker""]","[""<binary>"",""-i"",""<input_structure>"",""-o"",""<process_output>"",""-j"",""1"",""--use-factorized-ranker""]",repository_root,dabbbf5ed470f512d393e141101b2a1140c35ece7bd5b41d53ddc3cc2e28338b,raw/sword2-rust/2wnpF/2wnpF_F/summary.json,041c83b79d76d8a6d5415135cace84852a557b79d9563f5e30217abc147e187a,e3b0c44298fc1c149afbf4c8996fb92427ae41e4649b934ca495991b7852b855,fdd98a35a1b1a258b60613af09435dd97d3716464e8e7fbde51a64c483ce5a40,696355a5d230f7607fccf47600c3149601c3fe872aaebc65fde3ff9da7d61f28,factorized,factorized,False,,,0,0d9e5fdba57c30b9b0e238876011815027bab365040d0c605f74fba1987f67c5,b45f6d311a33a790cfe03615f347a4626e5c0a6412309c39e4d07882f98a09c0,770c3d348365b7f744f2eaee964b61cc57615c10f8ca9a47a061ac03ee1c343e
cath663,2wzfA,2wzf,A,sword2-rust,factorized,factorized-accuracy,,,False,0,1.320579153019935,37244,"[""/home/chili/cretin/PROJECTS/SWORD2/target/release/sword2"",""-i"",""/home/chili/cretin/PROJECTS/SWORD2/benchmark/cache/chains/2wzfA.pdb"",""-o"",""/home/chili/cretin/PROJECTS/SWORD2/benchmark/results_factorized_locked_model_attempt6/raw/sword2-rust/2wzfA"",""-j"",""1"",""--use-factorized-ranker""]","[""<binary>"",""-i"",""<input_structure>"",""-o"",""<process_output>"",""-j"",""1"",""--use-factorized-ranker""]",repository_root,d221872c895250dfaf25b87c88e0f2c4fefaac145ab8ee112ec0e20696610792,raw/sword2-rust/2wzfA/2wzfA_A/summary.json,7e13ca0ed4e61b6f58f225e1ac152bbbfdc8f10f406866630337ecdd68d1c9d6,e3b0c44298fc1c149afbf4c8996fb92427ae41e4649b934ca495991b7852b855,ff8e779642181dd5e9874bc15af0402ca8f9a82f111465b56529057d959803d1,696355a5d230f7607fccf47600c3149601c3fe872aaebc65fde3ff9da7d61f28,factorized,factorized,False,,,0,0d9e5fdba57c30b9b0e238876011815027bab365040d0c605f74fba1987f67c5,b45f6d311a33a790cfe03615f347a4626e5c0a6412309c39e4d07882f98a09c0,770c3d348365b7f744f2eaee964b61cc57615c10f8ca9a47a061ac03ee1c343e
cath663,2x1dA,2x1d,A,sword2-rust,factorized,factorized-accuracy,,,False,0,0.566165404394269,19520,"[""/home/chili/cretin/PROJECTS/SWORD2/target/release/sword2"",""-i"",""/home/chili/cretin/PROJECTS/SWORD2/benchmark/cache/chains/2x1dA.pdb"",""-o"",""/home/chili/cretin/PROJECTS/SWORD2/benchmark/results_factorized_locked_model_attempt6/raw/sword2-rust/2x1dA"",""-j"",""1"",""--use-factorized-ranker""]","[""<binary>"",""-i"",""<input_structure>"",""-o"",""<process_output>"",""-j"",""1"",""--use-factorized-ranker""]",repository_root,3c071c555d2411ca64f591804935584e241dc43a279ab74af97d725e5c55f680,raw/sword2-rust/2x1dA/2x1dA_A/summary.json,20236b9e008817dce1bc85f2c2eb7b7268adc0c427d75da4355372d7101e3c41,e3b0c44298fc1c149afbf4c8996fb92427ae41e4649b934ca495991b7852b855,ec3a33273a42f56f797a886e4305b5069e531a13e656384ec8ad96246a4541ab,696355a5d230f7607fccf47600c3149601c3fe872aaebc65fde3ff9da7d61f28,factorized,factorized,False,,,0,0d9e5fdba57c30b9b0e238876011815027bab365040d0c605f74fba1987f67c5,b45f6d311a33a790cfe03615f347a4626e5c0a6412309c39e4d07882f98a09c0,770c3d348365b7f744f2eaee964b61cc57615c10f8ca9a47a061ac03ee1c343e
cath663,2x4lA,2x4l,A,sword2-rust,factorized,factorized-accuracy,,,False,0,0.4863056046888232,13916,"[""/home/chili/cretin/PROJECTS/SWORD2/target/release/sword2"",""-i"",""/home/chili/cretin/PROJECTS/SWORD2/benchmark/cache/chains/2x4lA.pdb"",""-o"",""/home/chili/cretin/PROJECTS/SWORD2/benchmark/results_factorized_locked_model_attempt6/raw/sword2-rust/2x4lA"",""-j"",""1"",""--use-factorized-ranker""]","[""<binary>"",""-i"",""<input_structure>"",""-o"",""<process_output>"",""-j"",""1"",""--use-factorized-ranker""]",repository_root,25855fbcdf3d36675ec54497362d6bb18dd99025d86b7b7a1aad095629792426,raw/sword2-rust/2x4lA/2x4lA_A/summary.json,e454af3dbdbcefa5fac0c739a3618932a2da62fb8212f23b065ee0f0767728db,e3b0c44298fc1c149afbf4c8996fb92427ae41e4649b934ca495991b7852b855,57e88ed531bc33d6267837c546632d7574eb9f708e55c7565f975067bf01e8d4,696355a5d230f7607fccf47600c3149601c3fe872aaebc65fde3ff9da7d61f28,factorized,factorized,False,,,0,0d9e5fdba57c30b9b0e238876011815027bab365040d0c605f74fba1987f67c5,b45f6d311a33a790cfe03615f347a4626e5c0a6412309c39e4d07882f98a09c0,770c3d348365b7f744f2eaee964b61cc57615c10f8ca9a47a061ac03ee1c343e
cath663,2x75A,2x75,A,sword2-rust,factorized,factorized-accuracy,,,False,0,0.694268586114049,23820,"[""/home/chili/cretin/PROJECTS/SWORD2/target/release/sword2"",""-i"",""/home/chili/cretin/PROJECTS/SWORD2/benchmark/cache/chains/2x75A.pdb"",""-o"",""/home/chili/cretin/PROJECTS/SWORD2/benchmark/results_factorized_locked_model_attempt6/raw/sword2-rust/2x75A"",""-j"",""1"",""--use-factorized-ranker""]","[""<binary>"",""-i"",""<input_structure>"",""-o"",""<process_output>"",""-j"",""1"",""--use-factorized-ranker""]",repository_root,0846390d608d907145820a489114d30f45078814740b2f74a828b69f960fca1d,raw/sword2-rust/2x75A/2x75A_A/summary.json,3ae1b363baae2350177d45c243c2b21679f9a3b07a634387f4915f2cfd263424,e3b0c44298fc1c149afbf4c8996fb92427ae41e4649b934ca495991b7852b855,d6ab606d2152615012521ec009badd4cf94001c9a94b93e937c120d7fa5fbc80,696355a5d230f7607fccf47600c3149601c3fe872aaebc65fde3ff9da7d61f28,factorized,factorized,False,,,0,0d9e5fdba57c30b9b0e238876011815027bab365040d0c605f74fba1987f67c5,b45f6d311a33a790cfe03615f347a4626e5c0a6412309c39e4d07882f98a09c0,770c3d348365b7f744f2eaee964b61cc57615c10f8ca9a47a061ac03ee1c343e
cath663,2xdqA,2xdq,A,sword2-rust,factorized,factorized-accuracy,,,False,0,1.074124006088823,34084,"[""/home/chili/cretin/PROJECTS/SWORD2/target/release/sword2"",""-i"",""/home/chili/cretin/PROJECTS/SWORD2/benchmark/cache/chains/2xdqA.pdb"",""-o"",""/home/chili/cretin/PROJECTS/SWORD2/benchmark/results_factorized_locked_model_attempt6/raw/sword2-rust/2xdqA"",""-j"",""1"",""--use-factorized-ranker""]","[""<binary>"",""-i"",""<input_structure>"",""-o"",""<process_output>"",""-j"",""1"",""--use-factorized-ranker""]",repository_root,9f8f6d493f51644483a6555255e37371223e0caf94a46e0cbbfcc15d818624c2,raw/sword2-rust/2xdqA/2xdqA_A/summary.json,094c39f329d83bf85f34969ad5a68c95d90413b83c84b0cd16333543474c35c2,e3b0c44298fc1c149afbf4c8996fb92427ae41e4649b934ca495991b7852b855,a85a5ba23689f8fb7e6cc6045aea8e3a0254263b099b208e0bc573c9f5fbf32a,696355a5d230f7607fccf47600c3149601c3fe872aaebc65fde3ff9da7d61f28,factorized,factorized,False,,,0,0d9e5fdba57c30b9b0e238876011815027bab365040d0c605f74fba1987f67c5,b45f6d311a33a790cfe03615f347a4626e5c0a6412309c39e4d07882f98a09c0,770c3d348365b7f744f2eaee964b61cc57615c10f8ca9a47a061ac03ee1c343e
cath663,2xdqB,2xdq,B,sword2-rust,factorized,factorized-accuracy,,,False,0,0.8915178938768804,28832,"[""/home/chili/cretin/PROJECTS/SWORD2/target/release/sword2"",""-i"",""/home/chili/cretin/PROJECTS/SWORD2/benchmark/cache/chains/2xdqB.pdb"",""-o"",""/home/chili/cretin/PROJECTS/SWORD2/benchmark/results_factorized_locked_model_attempt6/raw/sword2-rust/2xdqB"",""-j"",""1"",""--use-factorized-ranker""]","[""<binary>"",""-i"",""<input_structure>"",""-o"",""<process_output>"",""-j"",""1"",""--use-factorized-ranker""]",repository_root,7f806c84f1127529563fd48b0f16d7e66c74d600028ed1282a1957fee2714a2d,raw/sword2-rust/2xdqB/2xdqB_B/summary.json,5a5da2ef742703bfc2258d2fc0c2647cd84987287d3a2cea573262eb4af556b3,e3b0c44298fc1c149afbf4c8996fb92427ae41e4649b934ca495991b7852b855,a5860553bea7b4d655ae42a92348bbbbdc3db9693f83f1b3bf1c646c2f76c453,696355a5d230f7607fccf47600c3149601c3fe872aaebc65fde3ff9da7d61f28,factorized,factorized,False,,,0,0d9e5fdba57c30b9b0e238876011815027bab365040d0c605f74fba1987f67c5,b45f6d311a33a790cfe03615f347a4626e5c0a6412309c39e4d07882f98a09c0,770c3d348365b7f744f2eaee964b61cc57615c10f8ca9a47a061ac03ee1c343e
cath663,2xheA,2xhe,A,sword2-rust,factorized,factorized-accuracy,,,False,0,1.1738792238757014,38628,"[""/home/chili/cretin/PROJECTS/SWORD2/target/release/sword2"",""-i"",""/home/chili/cretin/PROJECTS/SWORD2/benchmark/cache/chains/2xheA.pdb"",""-o"",""/home/chili/cretin/PROJECTS/SWORD2/benchmark/results_factorized_locked_model_attempt6/raw/sword2-rust/2xheA"",""-j"",""1"",""--use-factorized-ranker""]","[""<binary>"",""-i"",""<input_structure>"",""-o"",""<process_output>"",""-j"",""1"",""--use-factorized-ranker""]",repository_root,2d575a4f0e69acc45e27e812594129ef77ad5553d3e6ba7d813c9e5f578fbe1f,raw/sword2-rust/2xheA/2xheA_A/summary.json,14b4c358e2666a61e87b608fe8f10bef43b2e3e8ddbc2b72805693f153cdf8e1,e3b0c44298fc1c149afbf4c8996fb92427ae41e4649b934ca495991b7852b855,c1f1d9d3937abe409c18563dc9f7703716e7e245f6e2da37242eddafb1fdbadc,58f1b0158d545f247ea44630c6af8bde6352f01b2f3c1ecfc50cddc45bccca86,factorized,legacy,True,structural_quality_abstention,factorized_fallback,0,0d9e5fdba57c30b9b0e238876011815027bab365040d0c605f74fba1987f67c5,b45f6d311a33a790cfe03615f347a4626e5c0a6412309c39e4d07882f98a09c0,770c3d348365b7f744f2eaee964b61cc57615c10f8ca9a47a061ac03ee1c343e
cath663,2xliA,2xli,A,sword2-rust,factorized,factorized-accuracy,,,False,0,0.29738958179950714,10560,"[""/home/chili/cretin/PROJECTS/SWORD2/target/release/sword2"",""-i"",""/home/chili/cretin/PROJECTS/SWORD2/benchmark/cache/chains/2xliA.pdb"",""-o"",""/home/chili/cretin/PROJECTS/SWORD2/benchmark/results_factorized_locked_model_attempt6/raw/sword2-rust/2xliA"",""-j"",""1"",""--use-factorized-ranker""]","[""<binary>"",""-i"",""<input_structure>"",""-o"",""<process_output>"",""-j"",""1"",""--use-factorized-ranker""]",repository_root,2331a4249e518b5f300a9bd2dc49dc7592394964396dce25ca25a69b609914cd,raw/sword2-rust/2xliA/2xliA_A/summary.json,3f4e7c843bbe0b7aad402904eea64cec7db108e0b2ef0f95992ac2998c665722,e3b0c44298fc1c149afbf4c8996fb92427ae41e4649b934ca495991b7852b855,dc4f8c281d2095005eaf2df709934dcffd029475cac33cb3894b666fcfaab210,696355a5d230f7607fccf47600c3149601c3fe872aaebc65fde3ff9da7d61f28,factorized,factorized,False,,,0,0d9e5fdba57c30b9b0e238876011815027bab365040d0c605f74fba1987f67c5,b45f6d311a33a790cfe03615f347a4626e5c0a6412309c39e4d07882f98a09c0,770c3d348365b7f744f2eaee964b61cc57615c10f8ca9a47a061ac03ee1c343e
cath663,2xljA,2xlj,A,sword2-rust,factorized,factorized-accuracy,,,False,0,0.27121272776275873,10240,"[""/home/chili/cretin/PROJECTS/SWORD2/target/release/sword2"",""-i"",""/home/chili/cretin/PROJECTS/SWORD2/benchmark/cache/chains/2xljA.pdb"",""-o"",""/home/chili/cretin/PROJECTS/SWORD2/benchmark/results_factorized_locked_model_attempt6/raw/sword2-rust/2xljA"",""-j"",""1"",""--use-factorized-ranker""]","[""<binary>"",""-i"",""<input_structure>"",""-o"",""<process_output>"",""-j"",""1"",""--use-factorized-ranker""]",repository_root,7d4d24fa2ded4dd0ef0b3dbe99b3caa1c3ca91675849d587a95fed6b54325ae4,raw/sword2-rust/2xljA/2xljA_A/summary.json,ae01e689a0ac665b9a8e1d3338ccd244cd3bae74a86e3896a12aab801b8892ab,e3b0c44298fc1c149afbf4c8996fb92427ae41e4649b934ca495991b7852b855,8c10958b9d83858feb0e0493f5ad9a82551c8959999a372a9cc11a2e9c9883c0,696355a5d230f7607fccf47600c3149601c3fe872aaebc65fde3ff9da7d61f28,factorized,factorized,False,,,0,0d9e5fdba57c30b9b0e238876011815027bab365040d0c605f74fba1987f67c5,b45f6d311a33a790cfe03615f347a4626e5c0a6412309c39e4d07882f98a09c0,770c3d348365b7f744f2eaee964b61cc57615c10f8ca9a47a061ac03ee1c343e
cath663,2xo3A,2xo3,A,sword2-rust,factorized,factorized-accuracy,,,False,0,0.4730513230897486,14268,"[""/home/chili/cretin/PROJECTS/SWORD2/target/release/sword2"",""-i"",""/home/chili/cretin/PROJECTS/SWORD2/benchmark/cache/chains/2xo3A.pdb"",""-o"",""/home/chili/cretin/PROJECTS/SWORD2/benchmark/results_factorized_locked_model_attempt6/raw/sword2-rust/2xo3A"",""-j"",""1"",""--use-factorized-ranker""]","[""<binary>"",""-i"",""<input_structure>"",""-o"",""<process_output>"",""-j"",""1"",""--use-factorized-ranker""]",repository_root,4da5c9ab644ac830361c5309a3dd5d51b116b1deccb1e07fc7270df793eeb934,raw/sword2-rust/2xo3A/2xo3A_A/summary.json,30ba0e0bc7b7766a95f68bd034b74c64d36d977d57323d75780ebcf88be783ba,e3b0c44298fc1c149afbf4c8996fb92427ae41e4649b934ca495991b7852b855,c8477f5929d51d71df906c4db1af94f4aa936d9580d8f2fdb39f8ac72074a820,58f1b0158d545f247ea44630c6af8bde6352f01b2f3c1ecfc50cddc45bccca86,factorized,legacy,True,structural_quality_abstention,factorized_fallback,0,0d9e5fdba57c30b9b0e238876011815027bab365040d0c605f74fba1987f67c5,b45f6d311a33a790cfe03615f347a4626e5c0a6412309c39e4d07882f98a09c0,770c3d348365b7f744f2eaee964b61cc57615c10f8ca9a47a061ac03ee1c343e
cath663,2xy4A,2xy4,A,sword2-rust,factorized,factorized-accuracy,,,False,0,0.2735649039968848,12924,"[""/home/chili/cretin/PROJECTS/SWORD2/target/release/sword2"",""-i"",""/home/chili/cretin/PROJECTS/SWORD2/benchmark/cache/chains/2xy4A.pdb"",""-o"",""/home/chili/cretin/PROJECTS/SWORD2/benchmark/results_factorized_locked_model_attempt6/raw/sword2-rust/2xy4A"",""-j"",""1"",""--use-factorized-ranker""]","[""<binary>"",""-i"",""<input_structure>"",""-o"",""<process_output>"",""-j"",""1"",""--use-factorized-ranker""]",repository_root,e1061e147303a87ec65e03055611852402bd93139611bc1581c78979400a904c,raw/sword2-rust/2xy4A/2xy4A_A/summary.json,192ded2ed0568877c513cdc5289ab511b9aa78a5e8e8f6b7ff9fe951af5fae34,e3b0c44298fc1c149afbf4c8996fb92427ae41e4649b934ca495991b7852b855,5691997522bb6d73158e5e84b18d9de144808292507b03c26e74279f0ca988e4,696355a5d230f7607fccf47600c3149601c3fe872aaebc65fde3ff9da7d61f28,factorized,factorized,False,,,0,0d9e5fdba57c30b9b0e238876011815027bab365040d0c605f74fba1987f67c5,b45f6d311a33a790cfe03615f347a4626e5c0a6412309c39e4d07882f98a09c0,770c3d348365b7f744f2eaee964b61cc57615c10f8ca9a47a061ac03ee1c343e
cath663,2y73B,2y73,B,sword2-rust,factorized,factorized-accuracy,,,False,0,1.8726980779320002,61900,"[""/home/chili/cretin/PROJECTS/SWORD2/target/release/sword2"",""-i"",""/home/chili/cretin/PROJECTS/SWORD2/benchmark/cache/chains/2y73B.pdb"",""-o"",""/home/chili/cretin/PROJECTS/SWORD2/benchmark/results_factorized_locked_model_attempt6/raw/sword2-rust/2y73B"",""-j"",""1"",""--use-factorized-ranker""]","[""<binary>"",""-i"",""<input_structure>"",""-o"",""<process_output>"",""-j"",""1"",""--use-factorized-ranker""]",repository_root,4cbcd0aaabbba6934691054176eacacbe242bc69ea21a2fd055b483097a55b3d,raw/sword2-rust/2y73B/2y73B_B/summary.json,baecc80e7f6a3f80bb23736005ddb2110feeb85648d5352d224c39098e647bc3,e3b0c44298fc1c149afbf4c8996fb92427ae41e4649b934ca495991b7852b855,1fe54d6a18cef5a56aa6ebd395dfa4fca8a7ecfa0baf4f138b4b1e2ebc443645,696355a5d230f7607fccf47600c3149601c3fe872aaebc65fde3ff9da7d61f28,factorized,factorized,False,,,0,0d9e5fdba57c30b9b0e238876011815027bab365040d0c605f74fba1987f67c5,b45f6d311a33a790cfe03615f347a4626e5c0a6412309c39e4d07882f98a09c0,770c3d348365b7f744f2eaee964b61cc57615c10f8ca9a47a061ac03ee1c343e
cath663,2yayA,2yay,A,sword2-rust,factorized,factorized-accuracy,,,False,0,0.3882568869739771,12360,"[""/home/chili/cretin/PROJECTS/SWORD2/target/release/sword2"",""-i"",""/home/chili/cretin/PROJECTS/SWORD2/benchmark/cache/chains/2yayA.pdb"",""-o"",""/home/chili/cretin/PROJECTS/SWORD2/benchmark/results_factorized_locked_model_attempt6/raw/sword2-rust/2yayA"",""-j"",""1"",""--use-factorized-ranker""]","[""<binary>"",""-i"",""<input_structure>"",""-o"",""<process_output>"",""-j"",""1"",""--use-factorized-ranker""]",repository_root,14f2c27e129471356d259bea2d332ce6f416ff1b38855eb5d8751f4d46d09ac1,raw/sword2-rust/2yayA/2yayA_A/summary.json,81dbbbdb7f81959970b938bf65ac7f2e9a7ebb2561a186f85d281b004fc26d7a,e3b0c44298fc1c149afbf4c8996fb92427ae41e4649b934ca495991b7852b855,415b64bc6fd35181ce8f8374b3710cb4c760a03f1d656fa598e5290e5175ed3e,696355a5d230f7607fccf47600c3149601c3fe872aaebc65fde3ff9da7d61f28,factorized,factorized,False,,,0,0d9e5fdba57c30b9b0e238876011815027bab365040d0c605f74fba1987f67c5,b45f6d311a33a790cfe03615f347a4626e5c0a6412309c39e4d07882f98a09c0,770c3d348365b7f744f2eaee964b61cc57615c10f8ca9a47a061ac03ee1c343e
cath663,2ybxA,2ybx,A,sword2-rust,factorized,factorized-accuracy,,,False,0,0.5205223998054862,16256,"[""/home/chili/cretin/PROJECTS/SWORD2/target/release/sword2"",""-i"",""/home/chili/cretin/PROJECTS/SWORD2/benchmark/cache/chains/2ybxA.pdb"",""-o"",""/home/chili/cretin/PROJECTS/SWORD2/benchmark/results_factorized_locked_model_attempt6/raw/sword2-rust/2ybxA"",""-j"",""1"",""--use-factorized-ranker""]","[""<binary>"",""-i"",""<input_structure>"",""-o"",""<process_output>"",""-j"",""1"",""--use-factorized-ranker""]",repository_root,876476dc1026eecef376e4642b162fc4b39e43825a680f46e7483a400ba1b471,raw/sword2-rust/2ybxA/2ybxA_A/summary.json,ecdebe3782e27d7fd0a9aa3284bb9580f06e199019ea1bcd7199acee9c6025ef,e3b0c44298fc1c149afbf4c8996fb92427ae41e4649b934ca495991b7852b855,7d66148502fe390fc8393f3371d597cf1580603e48328722d13fe69d29e59d25,696355a5d230f7607fccf47600c3149601c3fe872aaebc65fde3ff9da7d61f28,factorized,factorized,False,,,0,0d9e5fdba57c30b9b0e238876011815027bab365040d0c605f74fba1987f67c5,b45f6d311a33a790cfe03615f347a4626e5c0a6412309c39e4d07882f98a09c0,770c3d348365b7f744f2eaee964b61cc57615c10f8ca9a47a061ac03ee1c343e
cath663,2ybxB,2ybx,B,sword2-rust,factorized,factorized-accuracy,,,False,0,0.48362141009420156,15460,"[""/home/chili/cretin/PROJECTS/SWORD2/target/release/sword2"",""-i"",""/home/chili/cretin/PROJECTS/SWORD2/benchmark/cache/chains/2ybxB.pdb"",""-o"",""/home/chili/cretin/PROJECTS/SWORD2/benchmark/results_factorized_locked_model_attempt6/raw/sword2-rust/2ybxB"",""-j"",""1"",""--use-factorized-ranker""]","[""<binary>"",""-i"",""<input_structure>"",""-o"",""<process_output>"",""-j"",""1"",""--use-factorized-ranker""]",repository_root,dbde731926a6bcc4101e239118f4df2ae2137fbeb082ca5bd7e5962ed65d04ad,raw/sword2-rust/2ybxB/2ybxB_B/summary.json,dad5f1a28e9bce44d197af20d17138dab2dac5af168017297cced4c882f4a55c,e3b0c44298fc1c149afbf4c8996fb92427ae41e4649b934ca495991b7852b855,0cf5cef4a75d10fdac84dae09fae29620c5b8813d9190ca7ddbe1b9ec2307ed8,696355a5d230f7607fccf47600c3149601c3fe872aaebc65fde3ff9da7d61f28,factorized,factorized,False,,,0,0d9e5fdba57c30b9b0e238876011815027bab365040d0c605f74fba1987f67c5,b45f6d311a33a790cfe03615f347a4626e5c0a6412309c39e4d07882f98a09c0,770c3d348365b7f744f2eaee964b61cc57615c10f8ca9a47a061ac03ee1c343e
cath663,2yfaA,2yfa,A,sword2-rust,factorized,factorized-accuracy,,,False,0,0.2899892870336771,12148,"[""/home/chili/cretin/PROJECTS/SWORD2/target/release/sword2"",""-i"",""/home/chili/cretin/PROJECTS/SWORD2/benchmark/cache/chains/2yfaA.pdb"",""-o"",""/home/chili/cretin/PROJECTS/SWORD2/benchmark/results_factorized_locked_model_attempt6/raw/sword2-rust/2yfaA"",""-j"",""1"",""--use-factorized-ranker""]","[""<binary>"",""-i"",""<input_structure>"",""-o"",""<process_output>"",""-j"",""1"",""--use-factorized-ranker""]",repository_root,5a6e2ce0b5e1a29b11087136984f466793befd266d579bacd094c8eb5fa8b3d2,raw/sword2-rust/2yfaA/2yfaA_A/summary.json,b4d640b9becce5e6bfa405658b5e6cadbd717465e62ee88bb1407dec7cf8345c,e3b0c44298fc1c149afbf4c8996fb92427ae41e4649b934ca495991b7852b855,b7b926b672a648554ccadc62d0ae938623d65f8aeb382090816528b5fe4ce471,696355a5d230f7607fccf47600c3149601c3fe872aaebc65fde3ff9da7d61f28,factorized,factorized,False,,,0,0d9e5fdba57c30b9b0e238876011815027bab365040d0c605f74fba1987f67c5,b45f6d311a33a790cfe03615f347a4626e5c0a6412309c39e4d07882f98a09c0,770c3d348365b7f744f2eaee964b61cc57615c10f8ca9a47a061ac03ee1c343e
cath663,2yglA,2ygl,A,sword2-rust,factorized,factorized-accuracy,,,False,0,0.5498287207446992,17084,"[""/home/chili/cretin/PROJECTS/SWORD2/target/release/sword2"",""-i"",""/home/chili/cretin/PROJECTS/SWORD2/benchmark/cache/chains/2yglA.pdb"",""-o"",""/home/chili/cretin/PROJECTS/SWORD2/benchmark/results_factorized_locked_model_attempt6/raw/sword2-rust/2yglA"",""-j"",""1"",""--use-factorized-ranker""]","[""<binary>"",""-i"",""<input_structure>"",""-o"",""<process_output>"",""-j"",""1"",""--use-factorized-ranker""]",repository_root,7749162b4dadabddadc54798994f3e0e916b79230c18bd55c884cd9f9dc4d9b7,raw/sword2-rust/2yglA/2yglA_A/summary.json,30cad65c1957785654f797b5617a865088ee54bb8580f976a2ff9ca1ba26fdf7,e3b0c44298fc1c149afbf4c8996fb92427ae41e4649b934ca495991b7852b855,0f03942db824c3eda01356925565c0d962105804d27a95ad74d6c6b52ef7f5e7,696355a5d230f7607fccf47600c3149601c3fe872aaebc65fde3ff9da7d61f28,factorized,factorized,False,,,0,0d9e5fdba57c30b9b0e238876011815027bab365040d0c605f74fba1987f67c5,b45f6d311a33a790cfe03615f347a4626e5c0a6412309c39e4d07882f98a09c0,770c3d348365b7f744f2eaee964b61cc57615c10f8ca9a47a061ac03ee1c343e
cath663,2ynmC,2ynm,C,sword2-rust,factorized,factorized-accuracy,,,False,0,0.8297487692907453,27008,"[""/home/chili/cretin/PROJECTS/SWORD2/target/release/sword2"",""-i"",""/home/chili/cretin/PROJECTS/SWORD2/benchmark/cache/chains/2ynmC.pdb"",""-o"",""/home/chili/cretin/PROJECTS/SWORD2/benchmark/results_factorized_locked_model_attempt6/raw/sword2-rust/2ynmC"",""-j"",""1"",""--use-factorized-ranker""]","[""<binary>"",""-i"",""<input_structure>"",""-o"",""<process_output>"",""-j"",""1"",""--use-factorized-ranker""]",repository_root,6ced3c387898831b6ea91583d53f42f3b7f48f5aac8e5ba99d1fc55d11799f07,raw/sword2-rust/2ynmC/2ynmC_C/summary.json,2a39e2abb0a83a52b47faa3eaaf43f25199a15ba5a188e52f7eb01af2d76c7d5,e3b0c44298fc1c149afbf4c8996fb92427ae41e4649b934ca495991b7852b855,f244fb34ba679a7603f7f6a47e2bf9844fa02c53670e16f482ee32764e285e5e,696355a5d230f7607fccf47600c3149601c3fe872aaebc65fde3ff9da7d61f28,factorized,factorized,False,,,0,0d9e5fdba57c30b9b0e238876011815027bab365040d0c605f74fba1987f67c5,b45f6d311a33a790cfe03615f347a4626e5c0a6412309c39e4d07882f98a09c0,770c3d348365b7f744f2eaee964b61cc57615c10f8ca9a47a061ac03ee1c343e
cath663,2ynmD,2ynm,D,sword2-rust,factorized,factorized-accuracy,,,False,0,1.0149411079473794,36776,"[""/home/chili/cretin/PROJECTS/SWORD2/target/release/sword2"",""-i"",""/home/chili/cretin/PROJECTS/SWORD2/benchmark/cache/chains/2ynmD.pdb"",""-o"",""/home/chili/cretin/PROJECTS/SWORD2/benchmark/results_factorized_locked_model_attempt6/raw/sword2-rust/2ynmD"",""-j"",""1"",""--use-factorized-ranker""]","[""<binary>"",""-i"",""<input_structure>"",""-o"",""<process_output>"",""-j"",""1"",""--use-factorized-ranker""]",repository_root,d18a6b008b4c89f730c73fe112be8e6c93c5466df3b3e2ac043fd77735b0f67a,raw/sword2-rust/2ynmD/2ynmD_D/summary.json,326cfc628806c95f50e9978103943024ca3fbf8a087c8f95931a979730644f75,e3b0c44298fc1c149afbf4c8996fb92427ae41e4649b934ca495991b7852b855,bfb3d9038a20252686747f17df636119100dc4c013b4b8321308d1a3ad9695e2,696355a5d230f7607fccf47600c3149601c3fe872aaebc65fde3ff9da7d61f28,factorized,factorized,False,,,0,0d9e5fdba57c30b9b0e238876011815027bab365040d0c605f74fba1987f67c5,b45f6d311a33a790cfe03615f347a4626e5c0a6412309c39e4d07882f98a09c0,770c3d348365b7f744f2eaee964b61cc57615c10f8ca9a47a061ac03ee1c343e
cath663,2z1dB,2z1d,B,sword2-rust,factorized,factorized-accuracy,,,False,0,0.5086934790015221,17956,"[""/home/chili/cretin/PROJECTS/SWORD2/target/release/sword2"",""-i"",""/home/chili/cretin/PROJECTS/SWORD2/benchmark/cache/chains/2z1dB.pdb"",""-o"",""/home/chili/cretin/PROJECTS/SWORD2/benchmark/results_factorized_locked_model_attempt6/raw/sword2-rust/2z1dB"",""-j"",""1"",""--use-factorized-ranker""]","[""<binary>"",""-i"",""<input_structure>"",""-o"",""<process_output>"",""-j"",""1"",""--use-factorized-ranker""]",repository_root,ecbf386726d93c0dd53ccaa290fa36d30f67e41a5dc5a77f35d4470c1a77e84e,raw/sword2-rust/2z1dB/2z1dB_B/summary.json,ac6def8de15cab945bd1d5f7f53b25d889ecaf91a4c66a7a689431638bc83336,e3b0c44298fc1c149afbf4c8996fb92427ae41e4649b934ca495991b7852b855,e90af4247dec19e3396a9023eba7467d9d2dba8e094931b77a1748b03adc005a,696355a5d230f7607fccf47600c3149601c3fe872aaebc65fde3ff9da7d61f28,factorized,factorized,False,,,0,0d9e5fdba57c30b9b0e238876011815027bab365040d0c605f74fba1987f67c5,b45f6d311a33a790cfe03615f347a4626e5c0a6412309c39e4d07882f98a09c0,770c3d348365b7f744f2eaee964b61cc57615c10f8ca9a47a061ac03ee1c343e
cath663,2z51A,2z51,A,sword2-rust,factorized,factorized-accuracy,,,False,0,0.0848570941016078,9920,"[""/home/chili/cretin/PROJECTS/SWORD2/target/release/sword2"",""-i"",""/home/chili/cretin/PROJECTS/SWORD2/benchmark/cache/chains/2z51A.pdb"",""-o"",""/home/chili/cretin/PROJECTS/SWORD2/benchmark/results_factorized_locked_model_attempt6/raw/sword2-rust/2z51A"",""-j"",""1"",""--use-factorized-ranker""]","[""<binary>"",""-i"",""<input_structure>"",""-o"",""<process_output>"",""-j"",""1"",""--use-factorized-ranker""]",repository_root,78a6136947ceb69cb724a4650519bffbad1ca7682f845f2149deae51e67559bc,raw/sword2-rust/2z51A/2z51A_A/summary.json,188d7e40c8389f9f3ecb82f12e4f96ef45b224475e488570a866a0ef0b9d2f52,e3b0c44298fc1c149afbf4c8996fb92427ae41e4649b934ca495991b7852b855,d6b2c6ec6fd8fde46a8b8174ea91ab36b4eccc9f2f7301e147ca0d1f8d3dbf7b,696355a5d230f7607fccf47600c3149601c3fe872aaebc65fde3ff9da7d61f28,factorized,factorized,False,,,0,0d9e5fdba57c30b9b0e238876011815027bab365040d0c605f74fba1987f67c5,b45f6d311a33a790cfe03615f347a4626e5c0a6412309c39e4d07882f98a09c0,770c3d348365b7f744f2eaee964b61cc57615c10f8ca9a47a061ac03ee1c343e
cath663,2zhjA,2zhj,A,sword2-rust,factorized,factorized-accuracy,,,False,0,0.39181604282930493,15076,"[""/home/chili/cretin/PROJECTS/SWORD2/target/release/sword2"",""-i"",""/home/chili/cretin/PROJECTS/SWORD2/benchmark/cache/chains/2zhjA.pdb"",""-o"",""/home/chili/cretin/PROJECTS/SWORD2/benchmark/results_factorized_locked_model_attempt6/raw/sword2-rust/2zhjA"",""-j"",""1"",""--use-factorized-ranker""]","[""<binary>"",""-i"",""<input_structure>"",""-o"",""<process_output>"",""-j"",""1"",""--use-factorized-ranker""]",repository_root,6abe6c575ac8d5d5c19b78dcb72fd737d250a4df14b3f369c28f7265e6a7ecc0,raw/sword2-rust/2zhjA/2zhjA_A/summary.json,f761edb97005acbb84ed6a6c87d0683b9e356a3a0644c817f634fa53c290905f,e3b0c44298fc1c149afbf4c8996fb92427ae41e4649b934ca495991b7852b855,9d061dff49264991c25d4aff38d2ad15ae2a668c6ef7bc05ebe2259d43ef1203,696355a5d230f7607fccf47600c3149601c3fe872aaebc65fde3ff9da7d61f28,factorized,factorized,False,,,0,0d9e5fdba57c30b9b0e238876011815027bab365040d0c605f74fba1987f67c5,b45f6d311a33a790cfe03615f347a4626e5c0a6412309c39e4d07882f98a09c0,770c3d348365b7f744f2eaee964b61cc57615c10f8ca9a47a061ac03ee1c343e
cath663,2zocA,2zoc,A,sword2-rust,factorized,factorized-accuracy,,,False,0,0.44134378572925925,14880,"[""/home/chili/cretin/PROJECTS/SWORD2/target/release/sword2"",""-i"",""/home/chili/cretin/PROJECTS/SWORD2/benchmark/cache/chains/2zocA.pdb"",""-o"",""/home/chili/cretin/PROJECTS/SWORD2/benchmark/results_factorized_locked_model_attempt6/raw/sword2-rust/2zocA"",""-j"",""1"",""--use-factorized-ranker""]","[""<binary>"",""-i"",""<input_structure>"",""-o"",""<process_output>"",""-j"",""1"",""--use-factorized-ranker""]",repository_root,06dff4d801e954f9110bd37957080841dfbbdbd228ebe3f831140cb85590e9f3,raw/sword2-rust/2zocA/2zocA_A/summary.json,bbc6085c770b1d564b7534b618cf0b25cf0357c9494592a379dd4565591e918d,e3b0c44298fc1c149afbf4c8996fb92427ae41e4649b934ca495991b7852b855,0e8d769245e2381d0803d1f0c48774189c81fd78aa7793b7aad1c0b2043580d6,696355a5d230f7607fccf47600c3149601c3fe872aaebc65fde3ff9da7d61f28,factorized,factorized,False,,,0,0d9e5fdba57c30b9b0e238876011815027bab365040d0c605f74fba1987f67c5,b45f6d311a33a790cfe03615f347a4626e5c0a6412309c39e4d07882f98a09c0,770c3d348365b7f744f2eaee964b61cc57615c10f8ca9a47a061ac03ee1c343e
cath663,2ztbA,2ztb,A,sword2-rust,factorized,factorized-accuracy,,,False,0,0.37546303030103445,12480,"[""/home/chili/cretin/PROJECTS/SWORD2/target/release/sword2"",""-i"",""/home/chili/cretin/PROJECTS/SWORD2/benchmark/cache/chains/2ztbA.pdb"",""-o"",""/home/chili/cretin/PROJECTS/SWORD2/benchmark/results_factorized_locked_model_attempt6/raw/sword2-rust/2ztbA"",""-j"",""1"",""--use-factorized-ranker""]","[""<binary>"",""-i"",""<input_structure>"",""-o"",""<process_output>"",""-j"",""1"",""--use-factorized-ranker""]",repository_root,ce780240d77a69a9ff0fd4897168aa949e2d19f4276cf8bde0f7d1cb1eed0829,raw/sword2-rust/2ztbA/2ztbA_A/summary.json,fb2648a5415ab77f3745c34c7f040a1b92f20876255a853d52cb796223412dd3,e3b0c44298fc1c149afbf4c8996fb92427ae41e4649b934ca495991b7852b855,085bc4ac8278216cdabf35873296d46acf98b62ba00910f4c5cf0bc7402478fa,696355a5d230f7607fccf47600c3149601c3fe872aaebc65fde3ff9da7d61f28,factorized,factorized,False,,,0,0d9e5fdba57c30b9b0e238876011815027bab365040d0c605f74fba1987f67c5,b45f6d311a33a790cfe03615f347a4626e5c0a6412309c39e4d07882f98a09c0,770c3d348365b7f744f2eaee964b61cc57615c10f8ca9a47a061ac03ee1c343e
cath663,3aekA,3aek,A,sword2-rust,factorized,factorized-accuracy,,,False,0,0.9561136211268604,26820,"[""/home/chili/cretin/PROJECTS/SWORD2/target/release/sword2"",""-i"",""/home/chili/cretin/PROJECTS/SWORD2/benchmark/cache/chains/3aekA.pdb"",""-o"",""/home/chili/cretin/PROJECTS/SWORD2/benchmark/results_factorized_locked_model_attempt6/raw/sword2-rust/3aekA"",""-j"",""1"",""--use-factorized-ranker""]","[""<binary>"",""-i"",""<input_structure>"",""-o"",""<process_output>"",""-j"",""1"",""--use-factorized-ranker""]",repository_root,12333cafe7db96d0b27e979bc0a38802db94d9649cab1310a08d9c9501867cf7,raw/sword2-rust/3aekA/3aekA_A/summary.json,96d89020b58a5df15d85b76194bfd4667c5c13ee52672abde74270c500e7b154,e3b0c44298fc1c149afbf4c8996fb92427ae41e4649b934ca495991b7852b855,71921855b6bf0df9b39817732a537c81db7883cc2ae5e9137d7caabc5a2f7eff,696355a5d230f7607fccf47600c3149601c3fe872aaebc65fde3ff9da7d61f28,factorized,factorized,False,,,0,0d9e5fdba57c30b9b0e238876011815027bab365040d0c605f74fba1987f67c5,b45f6d311a33a790cfe03615f347a4626e5c0a6412309c39e4d07882f98a09c0,770c3d348365b7f744f2eaee964b61cc57615c10f8ca9a47a061ac03ee1c343e
cath663,3aekB,3aek,B,sword2-rust,factorized,factorized-accuracy,,,False,0,0.9321621460840106,27684,"[""/home/chili/cretin/PROJECTS/SWORD2/target/release/sword2"",""-i"",""/home/chili/cretin/PROJECTS/SWORD2/benchmark/cache/chains/3aekB.pdb"",""-o"",""/home/chili/cretin/PROJECTS/SWORD2/benchmark/results_factorized_locked_model_attempt6/raw/sword2-rust/3aekB"",""-j"",""1"",""--use-factorized-ranker""]","[""<binary>"",""-i"",""<input_structure>"",""-o"",""<process_output>"",""-j"",""1"",""--use-factorized-ranker""]",repository_root,4f834fe6c7e458337967f5700ca7fcf5b9de6411e6603d468617022baa5b6f0b,raw/sword2-rust/3aekB/3aekB_B/summary.json,ec1dd130727e6781f0756452807628da3d896de33c57380829f349a204c62b82,e3b0c44298fc1c149afbf4c8996fb92427ae41e4649b934ca495991b7852b855,e91d1e56b23715f34f1ef38650e729ee6ba03e837f37a3a54c0dfc0b83fdf625,696355a5d230f7607fccf47600c3149601c3fe872aaebc65fde3ff9da7d61f28,factorized,factorized,False,,,0,0d9e5fdba57c30b9b0e238876011815027bab365040d0c605f74fba1987f67c5,b45f6d311a33a790cfe03615f347a4626e5c0a6412309c39e4d07882f98a09c0,770c3d348365b7f744f2eaee964b61cc57615c10f8ca9a47a061ac03ee1c343e
cath663,3akjA,3akj,A,sword2-rust,factorized,factorized-accuracy,,,False,0,0.3820420098491013,13328,"[""/home/chili/cretin/PROJECTS/SWORD2/target/release/sword2"",""-i"",""/home/chili/cretin/PROJECTS/SWORD2/benchmark/cache/chains/3akjA.pdb"",""-o"",""/home/chili/cretin/PROJECTS/SWORD2/benchmark/results_factorized_locked_model_attempt6/raw/sword2-rust/3akjA"",""-j"",""1"",""--use-factorized-ranker""]","[""<binary>"",""-i"",""<input_structure>"",""-o"",""<process_output>"",""-j"",""1"",""--use-factorized-ranker""]",repository_root,2c460b76b46a809c9a33cea88f304aef7164072812d33572e57820934b92f679,raw/sword2-rust/3akjA/3akjA_A/summary.json,b6b07d099508c5aa559c3ef2a0c55d09f542aba7e7c57bc7e24db02394b2572b,e3b0c44298fc1c149afbf4c8996fb92427ae41e4649b934ca495991b7852b855,f7cadaaf2c9728c19d26423a84d7a075a5232e55c9f0e121ed7447556f80694a,696355a5d230f7607fccf47600c3149601c3fe872aaebc65fde3ff9da7d61f28,factorized,factorized,False,,,0,0d9e5fdba57c30b9b0e238876011815027bab365040d0c605f74fba1987f67c5,b45f6d311a33a790cfe03615f347a4626e5c0a6412309c39e4d07882f98a09c0,770c3d348365b7f744f2eaee964b61cc57615c10f8ca9a47a061ac03ee1c343e
cath663,3aqoA,3aqo,A,sword2-rust,factorized,factorized-accuracy,,,False,0,0.30333373276516795,11520,"[""/home/chili/cretin/PROJECTS/SWORD2/target/release/sword2"",""-i"",""/home/chili/cretin/PROJECTS/SWORD2/benchmark/cache/chains/3aqoA.pdb"",""-o"",""/home/chili/cretin/PROJECTS/SWORD2/benchmark/results_factorized_locked_model_attempt6/raw/sword2-rust/3aqoA"",""-j"",""1"",""--use-factorized-ranker""]","[""<binary>"",""-i"",""<input_structure>"",""-o"",""<process_output>"",""-j"",""1"",""--use-factorized-ranker""]",repository_root,9242faaa511d1dba597e021ee88ce7858afa4c7ef50521a711bbca8a54e8c412,raw/sword2-rust/3aqoA/3aqoA_A/summary.json,8f1df8a1657e8692fac3f37012fd724d5bd10ac9156e71992f679ffc5e80ee65,e3b0c44298fc1c149afbf4c8996fb92427ae41e4649b934ca495991b7852b855,6ee6bc10bb9f98bcfde85b2e43495c23fbd5738ecf55ed4a1c67796972e9ea9e,696355a5d230f7607fccf47600c3149601c3fe872aaebc65fde3ff9da7d61f28,factorized,factorized,False,,,0,0d9e5fdba57c30b9b0e238876011815027bab365040d0c605f74fba1987f67c5,b45f6d311a33a790cfe03615f347a4626e5c0a6412309c39e4d07882f98a09c0,770c3d348365b7f744f2eaee964b61cc57615c10f8ca9a47a061ac03ee1c343e
cath663,3axjA,3axj,A,sword2-rust,factorized,factorized-accuracy,,,False,0,0.21386273531243205,11772,"[""/home/chili/cretin/PROJECTS/SWORD2/target/release/sword2"",""-i"",""/home/chili/cretin/PROJECTS/SWORD2/benchmark/cache/chains/3axjA.pdb"",""-o"",""/home/chili/cretin/PROJECTS/SWORD2/benchmark/results_factorized_locked_model_attempt6/raw/sword2-rust/3axjA"",""-j"",""1"",""--use-factorized-ranker""]","[""<binary>"",""-i"",""<input_structure>"",""-o"",""<process_output>"",""-j"",""1"",""--use-factorized-ranker""]",repository_root,3a159a98544394f49fa8b67817b25af333ecfb8edd44ff17fd843fbefeebb29a,raw/sword2-rust/3axjA/3axjA_A/summary.json,76219bbcffef66cbe8311f0fc61ab98f8e0dfd6b062b3a48b98786ae096e96c4,e3b0c44298fc1c149afbf4c8996fb92427ae41e4649b934ca495991b7852b855,3600294c2b81ca38cc3cff5494950a58ec244bb2c91441f02d16b871af0a7950,696355a5d230f7607fccf47600c3149601c3fe872aaebc65fde3ff9da7d61f28,factorized,factorized,False,,,0,0d9e5fdba57c30b9b0e238876011815027bab365040d0c605f74fba1987f67c5,b45f6d311a33a790cfe03615f347a4626e5c0a6412309c39e4d07882f98a09c0,770c3d348365b7f744f2eaee964b61cc57615c10f8ca9a47a061ac03ee1c343e
cath663,3axjB,3axj,B,sword2-rust,factorized,factorized-accuracy,,,False,0,0.21132826013490558,12160,"[""/home/chili/cretin/PROJECTS/SWORD2/target/release/sword2"",""-i"",""/home/chili/cretin/PROJECTS/SWORD2/benchmark/cache/chains/3axjB.pdb"",""-o"",""/home/chili/cretin/PROJECTS/SWORD2/benchmark/results_factorized_locked_model_attempt6/raw/sword2-rust/3axjB"",""-j"",""1"",""--use-factorized-ranker""]","[""<binary>"",""-i"",""<input_structure>"",""-o"",""<process_output>"",""-j"",""1"",""--use-factorized-ranker""]",repository_root,0d3b3a36f5914181aeaf17035268adf3225047c5e918e5faeae4061d074748c4,raw/sword2-rust/3axjB/3axjB_B/summary.json,77ff63d9a87dad64f3ea9777e4b41aa6751a8ac98fa98ecc12663f7cb7128510,e3b0c44298fc1c149afbf4c8996fb92427ae41e4649b934ca495991b7852b855,a657109be14fc5ae4e6bdeb4422eb82a7fb63bc319207390e6e9e24b6050ac6b,696355a5d230f7607fccf47600c3149601c3fe872aaebc65fde3ff9da7d61f28,factorized,factorized,False,,,0,0d9e5fdba57c30b9b0e238876011815027bab365040d0c605f74fba1987f67c5,b45f6d311a33a790cfe03615f347a4626e5c0a6412309c39e4d07882f98a09c0,770c3d348365b7f744f2eaee964b61cc57615c10f8ca9a47a061ac03ee1c343e
cath663,3b6rA,3b6r,A,sword2-rust,factorized,factorized-accuracy,,,False,0,0.6843714816495776,22576,"[""/home/chili/cretin/PROJECTS/SWORD2/target/release/sword2"",""-i"",""/home/chili/cretin/PROJECTS/SWORD2/benchmark/cache/chains/3b6rA.pdb"",""-o"",""/home/chili/cretin/PROJECTS/SWORD2/benchmark/results_factorized_locked_model_attempt6/raw/sword2-rust/3b6rA"",""-j"",""1"",""--use-factorized-ranker""]","[""<binary>"",""-i"",""<input_structure>"",""-o"",""<process_output>"",""-j"",""1"",""--use-factorized-ranker""]",repository_root,39254547f3cda25f76791906bd7f87a15c90e00195f9cf6c533b216f3c98cc1a,raw/sword2-rust/3b6rA/3b6rA_A/summary.json,2e4d95c87f8cf580ee5b8a97545d50e5a81d69e48beb21670cf6536f1d570395,e3b0c44298fc1c149afbf4c8996fb92427ae41e4649b934ca495991b7852b855,08985e520ecc78af19005885ccf64edf78d3db43fe1b5bd8c9ab5d015622811b,696355a5d230f7607fccf47600c3149601c3fe872aaebc65fde3ff9da7d61f28,factorized,factorized,False,,,0,0d9e5fdba57c30b9b0e238876011815027bab365040d0c605f74fba1987f67c5,b45f6d311a33a790cfe03615f347a4626e5c0a6412309c39e4d07882f98a09c0,770c3d348365b7f744f2eaee964b61cc57615c10f8ca9a47a061ac03ee1c343e
cath663,3be6A,3be6,A,sword2-rust,factorized,factorized-accuracy,,,False,0,0.4083614982664585,13760,"[""/home/chili/cretin/PROJECTS/SWORD2/target/release/sword2"",""-i"",""/home/chili/cretin/PROJECTS/SWORD2/benchmark/cache/chains/3be6A.pdb"",""-o"",""/home/chili/cretin/PROJECTS/SWORD2/benchmark/results_factorized_locked_model_attempt6/raw/sword2-rust/3be6A"",""-j"",""1"",""--use-factorized-ranker""]","[""<binary>"",""-i"",""<input_structure>"",""-o"",""<process_output>"",""-j"",""1"",""--use-factorized-ranker""]",repository_root,249f58e07bf0402a4d91256be2f951b661027120cad09f1b480646e93615834d,raw/sword2-rust/3be6A/3be6A_A/summary.json,faddcdcb0db3767216766867376955ee3ed0dd3c9651ed28eb686d5d7e602718,e3b0c44298fc1c149afbf4c8996fb92427ae41e4649b934ca495991b7852b855,aaf599ed0dad7613ce0e83126673e22f501501e72b04ae9b7225d7266e7d9634,696355a5d230f7607fccf47600c3149601c3fe872aaebc65fde3ff9da7d61f28,factorized,factorized,False,,,0,0d9e5fdba57c30b9b0e238876011815027bab365040d0c605f74fba1987f67c5,b45f6d311a33a790cfe03615f347a4626e5c0a6412309c39e4d07882f98a09c0,770c3d348365b7f744f2eaee964b61cc57615c10f8ca9a47a061ac03ee1c343e
cath663,3bfjA,3bfj,A,sword2-rust,factorized,factorized-accuracy,,,False,0,0.6398320170119405,22996,"[""/home/chili/cretin/PROJECTS/SWORD2/target/release/sword2"",""-i"",""/home/chili/cretin/PROJECTS/SWORD2/benchmark/cache/chains/3bfjA.pdb"",""-o"",""/home/chili/cretin/PROJECTS/SWORD2/benchmark/results_factorized_locked_model_attempt6/raw/sword2-rust/3bfjA"",""-j"",""1"",""--use-factorized-ranker""]","[""<binary>"",""-i"",""<input_structure>"",""-o"",""<process_output>"",""-j"",""1"",""--use-factorized-ranker""]",repository_root,47734e56951749ddee751930512ed67bc33e76a4d52331226f9c24a12baee9e3,raw/sword2-rust/3bfjA/3bfjA_A/summary.json,7bf7727e92f5c7023d2bae3052dae23c31d4eb0dbd8f2e0767aecef318fc4169,e3b0c44298fc1c149afbf4c8996fb92427ae41e4649b934ca495991b7852b855,bae9b5d00a970c299a228f3e4fd2e8315756186857fba9f35c7bc59df1e56074,696355a5d230f7607fccf47600c3149601c3fe872aaebc65fde3ff9da7d61f28,factorized,factorized,False,,,0,0d9e5fdba57c30b9b0e238876011815027bab365040d0c605f74fba1987f67c5,b45f6d311a33a790cfe03615f347a4626e5c0a6412309c39e4d07882f98a09c0,770c3d348365b7f744f2eaee964b61cc57615c10f8ca9a47a061ac03ee1c343e
cath663,3bh7B,3bh7,B,sword2-rust,factorized,factorized-accuracy,,,False,0,0.533411305397749,15372,"[""/home/chili/cretin/PROJECTS/SWORD2/target/release/sword2"",""-i"",""/home/chili/cretin/PROJECTS/SWORD2/benchmark/cache/chains/3bh7B.pdb"",""-o"",""/home/chili/cretin/PROJECTS/SWORD2/benchmark/results_factorized_locked_model_attempt6/raw/sword2-rust/3bh7B"",""-j"",""1"",""--use-factorized-ranker""]","[""<binary>"",""-i"",""<input_structure>"",""-o"",""<process_output>"",""-j"",""1"",""--use-factorized-ranker""]",repository_root,914187bc0d81aada155ed800f42148a0e524ade90f1527cf35c149cd257b7d88,raw/sword2-rust/3bh7B/3bh7B_B/summary.json,f797d92b38a0c353afd9f19894235332ac5c93b3b5ac562e21556cd83f0ab76f,e3b0c44298fc1c149afbf4c8996fb92427ae41e4649b934ca495991b7852b855,958e32c79af8f396e630c5430a9eb7139abb6b3abd52600b34beebb4c6fc3cd4,696355a5d230f7607fccf47600c3149601c3fe872aaebc65fde3ff9da7d61f28,factorized,factorized,False,,,0,0d9e5fdba57c30b9b0e238876011815027bab365040d0c605f74fba1987f67c5,b45f6d311a33a790cfe03615f347a4626e5c0a6412309c39e4d07882f98a09c0,770c3d348365b7f744f2eaee964b61cc57615c10f8ca9a47a061ac03ee1c343e
cath663,3bhgA,3bhg,A,sword2-rust,factorized,factorized-accuracy,,,False,0,1.0189066091552377,25648,"[""/home/chili/cretin/PROJECTS/SWORD2/target/release/sword2"",""-i"",""/home/chili/cretin/PROJECTS/SWORD2/benchmark/cache/chains/3bhgA.pdb"",""-o"",""/home/chili/cretin/PROJECTS/SWORD2/benchmark/results_factorized_locked_model_attempt6/raw/sword2-rust/3bhgA"",""-j"",""1"",""--use-factorized-ranker""]","[""<binary>"",""-i"",""<input_structure>"",""-o"",""<process_output>"",""-j"",""1"",""--use-factorized-ranker""]",repository_root,c5e675cdbe2437975ad81c070e081ddfb9fa569c62edff989bff6142110b20d2,raw/sword2-rust/3bhgA/3bhgA_A/summary.json,184bd1311553f36825df6eb3ef158aba0ede23d73a1a83dccb9fd95084974326,e3b0c44298fc1c149afbf4c8996fb92427ae41e4649b934ca495991b7852b855,802accbe26337eab11b6dc8fd296362749b3d0a52e8af213e0156d8c8f770062,696355a5d230f7607fccf47600c3149601c3fe872aaebc65fde3ff9da7d61f28,factorized,factorized,False,,,0,0d9e5fdba57c30b9b0e238876011815027bab365040d0c605f74fba1987f67c5,b45f6d311a33a790cfe03615f347a4626e5c0a6412309c39e4d07882f98a09c0,770c3d348365b7f744f2eaee964b61cc57615c10f8ca9a47a061ac03ee1c343e
cath663,3bqwA,3bqw,A,sword2-rust,factorized,factorized-accuracy,,,False,0,0.6561522609554231,20656,"[""/home/chili/cretin/PROJECTS/SWORD2/target/release/sword2"",""-i"",""/home/chili/cretin/PROJECTS/SWORD2/benchmark/cache/chains/3bqwA.pdb"",""-o"",""/home/chili/cretin/PROJECTS/SWORD2/benchmark/results_factorized_locked_model_attempt6/raw/sword2-rust/3bqwA"",""-j"",""1"",""--use-factorized-ranker""]","[""<binary>"",""-i"",""<input_structure>"",""-o"",""<process_output>"",""-j"",""1"",""--use-factorized-ranker""]",repository_root,ce443332bb55b6bf4f66ed1393d608b045bc677ec7f14917f0dc9530b484cd79,raw/sword2-rust/3bqwA/3bqwA_A/summary.json,2940f9278ec0205abe0043f47c68de5d478f8ba2236467bec952bdadca9a7996,e3b0c44298fc1c149afbf4c8996fb92427ae41e4649b934ca495991b7852b855,3a9a4600c3e4dc14b91f73b79d416d621d1b61fae06fbf8e83ba7cd228781479,696355a5d230f7607fccf47600c3149601c3fe872aaebc65fde3ff9da7d61f28,factorized,factorized,False,,,0,0d9e5fdba57c30b9b0e238876011815027bab365040d0c605f74fba1987f67c5,b45f6d311a33a790cfe03615f347a4626e5c0a6412309c39e4d07882f98a09c0,770c3d348365b7f744f2eaee964b61cc57615c10f8ca9a47a061ac03ee1c343e
cath663,3c0wA,3c0w,A,sword2-rust,factorized,factorized-accuracy,,,False,0,0.3235442922450602,11512,"[""/home/chili/cretin/PROJECTS/SWORD2/target/release/sword2"",""-i"",""/home/chili/cretin/PROJECTS/SWORD2/benchmark/cache/chains/3c0wA.pdb"",""-o"",""/home/chili/cretin/PROJECTS/SWORD2/benchmark/results_factorized_locked_model_attempt6/raw/sword2-rust/3c0wA"",""-j"",""1"",""--use-factorized-ranker""]","[""<binary>"",""-i"",""<input_structure>"",""-o"",""<process_output>"",""-j"",""1"",""--use-factorized-ranker""]",repository_root,76015f82403805c4e05b8f4496b1f0470a1660c255c2240355f24a69040c6a79,raw/sword2-rust/3c0wA/3c0wA_A/summary.json,f976595018009ff5e7df921522bc8876f1bca274c96250d4bb6c91f57c5d71de,e3b0c44298fc1c149afbf4c8996fb92427ae41e4649b934ca495991b7852b855,3efb19570292463b5551f482aa522eb4c95925e0f0bff9af5475ce187ec98051,696355a5d230f7607fccf47600c3149601c3fe872aaebc65fde3ff9da7d61f28,factorized,factorized,False,,,0,0d9e5fdba57c30b9b0e238876011815027bab365040d0c605f74fba1987f67c5,b45f6d311a33a790cfe03615f347a4626e5c0a6412309c39e4d07882f98a09c0,770c3d348365b7f744f2eaee964b61cc57615c10f8ca9a47a061ac03ee1c343e
cath663,3c19A,3c19,A,sword2-rust,factorized,factorized-accuracy,,,False,0,0.20946508599445224,10560,"[""/home/chili/cretin/PROJECTS/SWORD2/target/release/sword2"",""-i"",""/home/chili/cretin/PROJECTS/SWORD2/benchmark/cache/chains/3c19A.pdb"",""-o"",""/home/chili/cretin/PROJECTS/SWORD2/benchmark/results_factorized_locked_model_attempt6/raw/sword2-rust/3c19A"",""-j"",""1"",""--use-factorized-ranker""]","[""<binary>"",""-i"",""<input_structure>"",""-o"",""<process_output>"",""-j"",""1"",""--use-factorized-ranker""]",repository_root,3fcf4a81e24f3509684de8ead143242bc8acf3e7947fe7fb7704b4e446fe1a89,raw/sword2-rust/3c19A/3c19A_A/summary.json,451d152fbeda9b49ff0acadfa036c2dc68342ee98931d05154f29967e774c077,e3b0c44298fc1c149afbf4c8996fb92427ae41e4649b934ca495991b7852b855,88ea753f5afee7f627bdfc3107909ef0d721e038668683e0d11a941def51a63d,696355a5d230f7607fccf47600c3149601c3fe872aaebc65fde3ff9da7d61f28,factorized,factorized,False,,,0,0d9e5fdba57c30b9b0e238876011815027bab365040d0c605f74fba1987f67c5,b45f6d311a33a790cfe03615f347a4626e5c0a6412309c39e4d07882f98a09c0,770c3d348365b7f744f2eaee964b61cc57615c10f8ca9a47a061ac03ee1c343e
cath663,3c8tA,3c8t,A,sword2-rust,factorized,factorized-accuracy,,,False,0,0.9790128790773451,29304,"[""/home/chili/cretin/PROJECTS/SWORD2/target/release/sword2"",""-i"",""/home/chili/cretin/PROJECTS/SWORD2/benchmark/cache/chains/3c8tA.pdb"",""-o"",""/home/chili/cretin/PROJECTS/SWORD2/benchmark/results_factorized_locked_model_attempt6/raw/sword2-rust/3c8tA"",""-j"",""1"",""--use-factorized-ranker""]","[""<binary>"",""-i"",""<input_structure>"",""-o"",""<process_output>"",""-j"",""1"",""--use-factorized-ranker""]",repository_root,84c256e3ecd68cb963bf446a667ca6de2bca1ad19254d041d880074c5eb71200,raw/sword2-rust/3c8tA/3c8tA_A/summary.json,0c4053fb72864e968608a4e80e69c35dc4ebf2b84d97bacd458eafe7d00393ac,e3b0c44298fc1c149afbf4c8996fb92427ae41e4649b934ca495991b7852b855,eda7f7021d8038a802d32f0c195839581ed96d9fb81c4160c8c56341c1e7ecd1,696355a5d230f7607fccf47600c3149601c3fe872aaebc65fde3ff9da7d61f28,factorized,factorized,False,,,0,0d9e5fdba57c30b9b0e238876011815027bab365040d0c605f74fba1987f67c5,b45f6d311a33a790cfe03615f347a4626e5c0a6412309c39e4d07882f98a09c0,770c3d348365b7f744f2eaee964b61cc57615c10f8ca9a47a061ac03ee1c343e
cath663,3ce9A,3ce9,A,sword2-rust,factorized,factorized-accuracy,,,False,0,0.4648581310175359,18020,"[""/home/chili/cretin/PROJECTS/SWORD2/target/release/sword2"",""-i"",""/home/chili/cretin/PROJECTS/SWORD2/benchmark/cache/chains/3ce9A.pdb"",""-o"",""/home/chili/cretin/PROJECTS/SWORD2/benchmark/results_factorized_locked_model_attempt6/raw/sword2-rust/3ce9A"",""-j"",""1"",""--use-factorized-ranker""]","[""<binary>"",""-i"",""<input_structure>"",""-o"",""<process_output>"",""-j"",""1"",""--use-factorized-ranker""]",repository_root,395320b5fe70ee1029270158fe1842fb66f0ad43ffe23f50761d5df6758ee407,raw/sword2-rust/3ce9A/3ce9A_A/summary.json,286101c5f81d5e9182d94dae68f0f09a546933f2e9e85a2d1b7b1b9142d4a5be,e3b0c44298fc1c149afbf4c8996fb92427ae41e4649b934ca495991b7852b855,925969e1ca276dfb8dbffb6be962ea995d5d016e48be414e3923948f6c1c6073,696355a5d230f7607fccf47600c3149601c3fe872aaebc65fde3ff9da7d61f28,factorized,factorized,False,,,0,0d9e5fdba57c30b9b0e238876011815027bab365040d0c605f74fba1987f67c5,b45f6d311a33a790cfe03615f347a4626e5c0a6412309c39e4d07882f98a09c0,770c3d348365b7f744f2eaee964b61cc57615c10f8ca9a47a061ac03ee1c343e
cath663,3ci0J,3ci0,J,sword2-rust,factorized,factorized-accuracy,,,False,0,0.16038170317187905,9920,"[""/home/chili/cretin/PROJECTS/SWORD2/target/release/sword2"",""-i"",""/home/chili/cretin/PROJECTS/SWORD2/benchmark/cache/chains/3ci0J.pdb"",""-o"",""/home/chili/cretin/PROJECTS/SWORD2/benchmark/results_factorized_locked_model_attempt6/raw/sword2-rust/3ci0J"",""-j"",""1"",""--use-factorized-ranker""]","[""<binary>"",""-i"",""<input_structure>"",""-o"",""<process_output>"",""-j"",""1"",""--use-factorized-ranker""]",repository_root,3144fa4850729de9c66ae2db1224775e9f761659d5908c0255d22ef6328162fc,raw/sword2-rust/3ci0J/3ci0J_J/summary.json,4816511a0f68dabdb0ad39caba1a9d3e0c80cdbadaa9d97c8b381077c5f52364,e3b0c44298fc1c149afbf4c8996fb92427ae41e4649b934ca495991b7852b855,ff9642e957c6dcc50ca222007cdd45dd0c92fb38a6722028e5634a9669b6b6cf,696355a5d230f7607fccf47600c3149601c3fe872aaebc65fde3ff9da7d61f28,factorized,factorized,False,,,0,0d9e5fdba57c30b9b0e238876011815027bab365040d0c605f74fba1987f67c5,b45f6d311a33a790cfe03615f347a4626e5c0a6412309c39e4d07882f98a09c0,770c3d348365b7f744f2eaee964b61cc57615c10f8ca9a47a061ac03ee1c343e
cath663,3clhA,3clh,A,sword2-rust,factorized,factorized-accuracy,,,False,0,0.5579156712628901,14708,"[""/home/chili/cretin/PROJECTS/SWORD2/target/release/sword2"",""-i"",""/home/chili/cretin/PROJECTS/SWORD2/benchmark/cache/chains/3clhA.pdb"",""-o"",""/home/chili/cretin/PROJECTS/SWORD2/benchmark/results_factorized_locked_model_attempt6/raw/sword2-rust/3clhA"",""-j"",""1"",""--use-factorized-ranker""]","[""<binary>"",""-i"",""<input_structure>"",""-o"",""<process_output>"",""-j"",""1"",""--use-factorized-ranker""]",repository_root,e19d0a3e9110ac23adf2165113f22ffb2502975bec4038fb83c49b6c1bfe0628,raw/sword2-rust/3clhA/3clhA_A/summary.json,da7c30f18b127cf7e55ba94d8273934ffd5ad80139f27815d53c1e8735802a1a,e3b0c44298fc1c149afbf4c8996fb92427ae41e4649b934ca495991b7852b855,4a7c9b66b203c247a275a79e38f832861d8c8de1920d12e2ef650c44258c33f5,696355a5d230f7607fccf47600c3149601c3fe872aaebc65fde3ff9da7d61f28,factorized,factorized,False,,,0,0d9e5fdba57c30b9b0e238876011815027bab365040d0c605f74fba1987f67c5,b45f6d311a33a790cfe03615f347a4626e5c0a6412309c39e4d07882f98a09c0,770c3d348365b7f744f2eaee964b61cc57615c10f8ca9a47a061ac03ee1c343e
cath663,3cx3A,3cx3,A,sword2-rust,factorized,factorized-accuracy,,,False,0,0.2237314018420875,12480,"[""/home/chili/cretin/PROJECTS/SWORD2/target/release/sword2"",""-i"",""/home/chili/cretin/PROJECTS/SWORD2/benchmark/cache/chains/3cx3A.pdb"",""-o"",""/home/chili/cretin/PROJECTS/SWORD2/benchmark/results_factorized_locked_model_attempt6/raw/sword2-rust/3cx3A"",""-j"",""1"",""--use-factorized-ranker""]","[""<binary>"",""-i"",""<input_structure>"",""-o"",""<process_output>"",""-j"",""1"",""--use-factorized-ranker""]",repository_root,8dedfe3cc7c990b8187681133ff6adb63560db64619919e1940ce176b355aae4,raw/sword2-rust/3cx3A/3cx3A_A/summary.json,22a0ceb091aedfd7171efcb3dd1d3e68a7fd2d9efd38e3e9a037eaca79448272,e3b0c44298fc1c149afbf4c8996fb92427ae41e4649b934ca495991b7852b855,87335846d08565b27baec32509fe68b5f349741dcd426aa5dfe0e533614891f4,696355a5d230f7607fccf47600c3149601c3fe872aaebc65fde3ff9da7d61f28,factorized,factorized,False,,,0,0d9e5fdba57c30b9b0e238876011815027bab365040d0c605f74fba1987f67c5,b45f6d311a33a790cfe03615f347a4626e5c0a6412309c39e4d07882f98a09c0,770c3d348365b7f744f2eaee964b61cc57615c10f8ca9a47a061ac03ee1c343e
cath663,3cx3B,3cx3,B,sword2-rust,factorized,factorized-accuracy,,,False,0,0.44909379491582513,12788,"[""/home/chili/cretin/PROJECTS/SWORD2/target/release/sword2"",""-i"",""/home/chili/cretin/PROJECTS/SWORD2/benchmark/cache/chains/3cx3B.pdb"",""-o"",""/home/chili/cretin/PROJECTS/SWORD2/benchmark/results_factorized_locked_model_attempt6/raw/sword2-rust/3cx3B"",""-j"",""1"",""--use-factorized-ranker""]","[""<binary>"",""-i"",""<input_structure>"",""-o"",""<process_output>"",""-j"",""1"",""--use-factorized-ranker""]",repository_root,3c1d39879ed5b5f509121d83a871097cb76cb495e59f3e4244d5784a47dc4568,raw/sword2-rust/3cx3B/3cx3B_B/summary.json,3d9239fe0bde9855619a8d37335ce3e319ba408d2779625b12734c8436cdd1d4,e3b0c44298fc1c149afbf4c8996fb92427ae41e4649b934ca495991b7852b855,2d10cc06948508c41c9172d523f0242dfa0104bbe3a9c30910ac402ef055900e,696355a5d230f7607fccf47600c3149601c3fe872aaebc65fde3ff9da7d61f28,factorized,factorized,False,,,0,0d9e5fdba57c30b9b0e238876011815027bab365040d0c605f74fba1987f67c5,b45f6d311a33a790cfe03615f347a4626e5c0a6412309c39e4d07882f98a09c0,770c3d348365b7f744f2eaee964b61cc57615c10f8ca9a47a061ac03ee1c343e
cath663,3czbA,3czb,A,sword2-rust,factorized,factorized-accuracy,,,False,0,0.5745429820381105,14720,"[""/home/chili/cretin/PROJECTS/SWORD2/target/release/sword2"",""-i"",""/home/chili/cretin/PROJECTS/SWORD2/benchmark/cache/chains/3czbA.pdb"",""-o"",""/home/chili/cretin/PROJECTS/SWORD2/benchmark/results_factorized_locked_model_attempt6/raw/sword2-rust/3czbA"",""-j"",""1"",""--use-factorized-ranker""]","[""<binary>"",""-i"",""<input_structure>"",""-o"",""<process_output>"",""-j"",""1"",""--use-factorized-ranker""]",repository_root,30dbb5601f6e11dbe5cd635ac081c22e8dddbeb3bb2ba465245d1574d53145ba,raw/sword2-rust/3czbA/3czbA_A/summary.json,27827d5da2b5573ceda26f9d5e503110271955d63879c2c6b09b9a719c24800f,e3b0c44298fc1c149afbf4c8996fb92427ae41e4649b934ca495991b7852b855,e5e52d9ebab30e3b73e1249ca9a4047573cef9ee1feac6d3debdf5a7948101cd,696355a5d230f7607fccf47600c3149601c3fe872aaebc65fde3ff9da7d61f28,factorized,factorized,False,,,0,0d9e5fdba57c30b9b0e238876011815027bab365040d0c605f74fba1987f67c5,b45f6d311a33a790cfe03615f347a4626e5c0a6412309c39e4d07882f98a09c0,770c3d348365b7f744f2eaee964b61cc57615c10f8ca9a47a061ac03ee1c343e
cath663,3d30A,3d30,A,sword2-rust,factorized,factorized-accuracy,,,False,0,0.4721500533632934,11200,"[""/home/chili/cretin/PROJECTS/SWORD2/target/release/sword2"",""-i"",""/home/chili/cretin/PROJECTS/SWORD2/benchmark/cache/chains/3d30A.pdb"",""-o"",""/home/chili/cretin/PROJECTS/SWORD2/benchmark/results_factorized_locked_model_attempt6/raw/sword2-rust/3d30A"",""-j"",""1"",""--use-factorized-ranker""]","[""<binary>"",""-i"",""<input_structure>"",""-o"",""<process_output>"",""-j"",""1"",""--use-factorized-ranker""]",repository_root,73097b70237c80c65f0ac470afba55c987b14d4b4817f6fd6d8cd77b8aeba080,raw/sword2-rust/3d30A/3d30A_A/summary.json,3f8c8c10f5a5b26e3e5e3166e6e14fca5d484dc3b549436dbb0f4a1dd3e16706,e3b0c44298fc1c149afbf4c8996fb92427ae41e4649b934ca495991b7852b855,0621392efa18beccbf9dfb5f4d370ddb12c917b7ccb7fea644ceb485d979a8f1,696355a5d230f7607fccf47600c3149601c3fe872aaebc65fde3ff9da7d61f28,factorized,factorized,False,,,0,0d9e5fdba57c30b9b0e238876011815027bab365040d0c605f74fba1987f67c5,b45f6d311a33a790cfe03615f347a4626e5c0a6412309c39e4d07882f98a09c0,770c3d348365b7f744f2eaee964b61cc57615c10f8ca9a47a061ac03ee1c343e
cath663,3d9wA,3d9w,A,sword2-rust,factorized,factorized-accuracy,,,False,0,0.3868705132044852,13400,"[""/home/chili/cretin/PROJECTS/SWORD2/target/release/sword2"",""-i"",""/home/chili/cretin/PROJECTS/SWORD2/benchmark/cache/chains/3d9wA.pdb"",""-o"",""/home/chili/cretin/PROJECTS/SWORD2/benchmark/results_factorized_locked_model_attempt6/raw/sword2-rust/3d9wA"",""-j"",""1"",""--use-factorized-ranker""]","[""<binary>"",""-i"",""<input_structure>"",""-o"",""<process_output>"",""-j"",""1"",""--use-factorized-ranker""]",repository_root,68bd4572e24965fe1c81e5ef25ef1af2088c5c2b160e89741444617197a26cff,raw/sword2-rust/3d9wA/3d9wA_A/summary.json,947e81b2f700f38a5001c4113c16988c3f1b3cb2ac9c8a2a02aee98142922bb4,e3b0c44298fc1c149afbf4c8996fb92427ae41e4649b934ca495991b7852b855,c8f5aa0468aba99fd3d5d011e6f446f2e9450662ec3ae796f2432629fdb68aa0,696355a5d230f7607fccf47600c3149601c3fe872aaebc65fde3ff9da7d61f28,factorized,factorized,False,,,0,0d9e5fdba57c30b9b0e238876011815027bab365040d0c605f74fba1987f67c5,b45f6d311a33a790cfe03615f347a4626e5c0a6412309c39e4d07882f98a09c0,770c3d348365b7f744f2eaee964b61cc57615c10f8ca9a47a061ac03ee1c343e
cath663,3e0jA,3e0j,A,sword2-rust,factorized,factorized-accuracy,,,False,0,1.1924653048627079,35180,"[""/home/chili/cretin/PROJECTS/SWORD2/target/release/sword2"",""-i"",""/home/chili/cretin/PROJECTS/SWORD2/benchmark/cache/chains/3e0jA.pdb"",""-o"",""/home/chili/cretin/PROJECTS/SWORD2/benchmark/results_factorized_locked_model_attempt6/raw/sword2-rust/3e0jA"",""-j"",""1"",""--use-factorized-ranker""]","[""<binary>"",""-i"",""<input_structure>"",""-o"",""<process_output>"",""-j"",""1"",""--use-factorized-ranker""]",repository_root,fab37be30d8fe998f72cd1f88b47b2575d3bccef857babce20ce2b96c55579a3,raw/sword2-rust/3e0jA/3e0jA_A/summary.json,5f3d158d014895b23fbc19a3e6831650eca4624a9fb9856e464ed233d0ec0119,e3b0c44298fc1c149afbf4c8996fb92427ae41e4649b934ca495991b7852b855,b33e03d0fbfdcfc38c2abf2470fc97f9e8be193bfd70696535e1dfbbb0b8908b,696355a5d230f7607fccf47600c3149601c3fe872aaebc65fde3ff9da7d61f28,factorized,factorized,False,,,0,0d9e5fdba57c30b9b0e238876011815027bab365040d0c605f74fba1987f67c5,b45f6d311a33a790cfe03615f347a4626e5c0a6412309c39e4d07882f98a09c0,770c3d348365b7f744f2eaee964b61cc57615c10f8ca9a47a061ac03ee1c343e
cath663,3e0jC,3e0j,C,sword2-rust,factorized,factorized-accuracy,,,False,0,0.8387676030397415,27616,"[""/home/chili/cretin/PROJECTS/SWORD2/target/release/sword2"",""-i"",""/home/chili/cretin/PROJECTS/SWORD2/benchmark/cache/chains/3e0jC.pdb"",""-o"",""/home/chili/cretin/PROJECTS/SWORD2/benchmark/results_factorized_locked_model_attempt6/raw/sword2-rust/3e0jC"",""-j"",""1"",""--use-factorized-ranker""]","[""<binary>"",""-i"",""<input_structure>"",""-o"",""<process_output>"",""-j"",""1"",""--use-factorized-ranker""]",repository_root,c75cce65303e989bc550108dc943111c7e61860442e1f42748af2853f896d58d,raw/sword2-rust/3e0jC/3e0jC_C/summary.json,51e8159bb44b2beef37d2a26df3681518a6f5e7ef397b8b47c81125d2cd05b79,e3b0c44298fc1c149afbf4c8996fb92427ae41e4649b934ca495991b7852b855,aac5c196cbc0bbad8db99da4c78a45cde80a7e829cd99c2737ed81205afb63b7,696355a5d230f7607fccf47600c3149601c3fe872aaebc65fde3ff9da7d61f28,factorized,factorized,False,,,0,0d9e5fdba57c30b9b0e238876011815027bab365040d0c605f74fba1987f67c5,b45f6d311a33a790cfe03615f347a4626e5c0a6412309c39e4d07882f98a09c0,770c3d348365b7f744f2eaee964b61cc57615c10f8ca9a47a061ac03ee1c343e
cath663,3ednA,3edn,A,sword2-rust,factorized,factorized-accuracy,,,False,0,0.553925062995404,13868,"[""/home/chili/cretin/PROJECTS/SWORD2/target/release/sword2"",""-i"",""/home/chili/cretin/PROJECTS/SWORD2/benchmark/cache/chains/3ednA.pdb"",""-o"",""/home/chili/cretin/PROJECTS/SWORD2/benchmark/results_factorized_locked_model_attempt6/raw/sword2-rust/3ednA"",""-j"",""1"",""--use-factorized-ranker""]","[""<binary>"",""-i"",""<input_structure>"",""-o"",""<process_output>"",""-j"",""1"",""--use-factorized-ranker""]",repository_root,b792eed942460cc6c7ba815dc320853e79446f00a9ce96a30de8c1f82ac03a1e,raw/sword2-rust/3ednA/3ednA_A/summary.json,2122fffd1ffb80ec9ffdf0fa8c0adfbc97976b8a3be5943287be2187ec3f3042,e3b0c44298fc1c149afbf4c8996fb92427ae41e4649b934ca495991b7852b855,c987186d79d0c9799a7c3d87abd4039c62eac2790960b5bcf5e88b4047a92141,696355a5d230f7607fccf47600c3149601c3fe872aaebc65fde3ff9da7d61f28,factorized,factorized,False,,,0,0d9e5fdba57c30b9b0e238876011815027bab365040d0c605f74fba1987f67c5,b45f6d311a33a790cfe03615f347a4626e5c0a6412309c39e4d07882f98a09c0,770c3d348365b7f744f2eaee964b61cc57615c10f8ca9a47a061ac03ee1c343e
cath663,3eeqA,3eeq,A,sword2-rust,factorized,factorized-accuracy,,,False,0,0.46813682885840535,13840,"[""/home/chili/cretin/PROJECTS/SWORD2/target/release/sword2"",""-i"",""/home/chili/cretin/PROJECTS/SWORD2/benchmark/cache/chains/3eeqA.pdb"",""-o"",""/home/chili/cretin/PROJECTS/SWORD2/benchmark/results_factorized_locked_model_attempt6/raw/sword2-rust/3eeqA"",""-j"",""1"",""--use-factorized-ranker""]","[""<binary>"",""-i"",""<input_structure>"",""-o"",""<process_output>"",""-j"",""1"",""--use-factorized-ranker""]",repository_root,029a80b94e59bc5a383da4b924ca6bbd9f455b8b90e02f6d2d119153d1a8513b,raw/sword2-rust/3eeqA/3eeqA_A/summary.json,9afcaf2e3822abb0c82100c96f2d01ceb0e91d74c5382208046ef4408b931f47,e3b0c44298fc1c149afbf4c8996fb92427ae41e4649b934ca495991b7852b855,8d8284a60a0f97899d21f49c6dc3d6481846e082f9a35413f5576baa19cbeb11,696355a5d230f7607fccf47600c3149601c3fe872aaebc65fde3ff9da7d61f28,factorized,factorized,False,,,0,0d9e5fdba57c30b9b0e238876011815027bab365040d0c605f74fba1987f67c5,b45f6d311a33a790cfe03615f347a4626e5c0a6412309c39e4d07882f98a09c0,770c3d348365b7f744f2eaee964b61cc57615c10f8ca9a47a061ac03ee1c343e
cath663,3eeqB,3eeq,B,sword2-rust,factorized,factorized-accuracy,,,False,0,0.4562617037445307,13872,"[""/home/chili/cretin/PROJECTS/SWORD2/target/release/sword2"",""-i"",""/home/chili/cretin/PROJECTS/SWORD2/benchmark/cache/chains/3eeqB.pdb"",""-o"",""/home/chili/cretin/PROJECTS/SWORD2/benchmark/results_factorized_locked_model_attempt6/raw/sword2-rust/3eeqB"",""-j"",""1"",""--use-factorized-ranker""]","[""<binary>"",""-i"",""<input_structure>"",""-o"",""<process_output>"",""-j"",""1"",""--use-factorized-ranker""]",repository_root,375721e91bb8a89fa91a8c028f230a281cc38127907b464151e78ee7b6e014b6,raw/sword2-rust/3eeqB/3eeqB_B/summary.json,d2cfa1540d4de05165df75fc4de15e34a1323c92cd5cdfccca9373d751f1fbc5,e3b0c44298fc1c149afbf4c8996fb92427ae41e4649b934ca495991b7852b855,61c2772a716656fee13e51bcb9beacf3168122e4490dfdf36cb6a1d790e430c9,696355a5d230f7607fccf47600c3149601c3fe872aaebc65fde3ff9da7d61f28,factorized,factorized,False,,,0,0d9e5fdba57c30b9b0e238876011815027bab365040d0c605f74fba1987f67c5,b45f6d311a33a790cfe03615f347a4626e5c0a6412309c39e4d07882f98a09c0,770c3d348365b7f744f2eaee964b61cc57615c10f8ca9a47a061ac03ee1c343e
cath663,3eixA,3eix,A,sword2-rust,factorized,factorized-accuracy,,,False,0,0.6225816649384797,15340,"[""/home/chili/cretin/PROJECTS/SWORD2/target/release/sword2"",""-i"",""/home/chili/cretin/PROJECTS/SWORD2/benchmark/cache/chains/3eixA.pdb"",""-o"",""/home/chili/cretin/PROJECTS/SWORD2/benchmark/results_factorized_locked_model_attempt6/raw/sword2-rust/3eixA"",""-j"",""1"",""--use-factorized-ranker""]","[""<binary>"",""-i"",""<input_structure>"",""-o"",""<process_output>"",""-j"",""1"",""--use-factorized-ranker""]",repository_root,feb9fee30c9581b68a3950e6917ce93d319313278a49bfdffd15052c863b37ae,raw/sword2-rust/3eixA/3eixA_A/summary.json,19a991ec5c14702a0d981eff82ab73222116202d5a54a99449bda612811eac55,e3b0c44298fc1c149afbf4c8996fb92427ae41e4649b934ca495991b7852b855,23c523fed529d39fbec96236a4debc25af5cb764878d6bab4255572cc5bbff0a,696355a5d230f7607fccf47600c3149601c3fe872aaebc65fde3ff9da7d61f28,factorized,factorized,False,,,0,0d9e5fdba57c30b9b0e238876011815027bab365040d0c605f74fba1987f67c5,b45f6d311a33a790cfe03615f347a4626e5c0a6412309c39e4d07882f98a09c0,770c3d348365b7f744f2eaee964b61cc57615c10f8ca9a47a061ac03ee1c343e
cath663,3ejbB,3ejb,B,sword2-rust,factorized,factorized-accuracy,,,False,0,0.6374154430814087,21832,"[""/home/chili/cretin/PROJECTS/SWORD2/target/release/sword2"",""-i"",""/home/chili/cretin/PROJECTS/SWORD2/benchmark/cache/chains/3ejbB.pdb"",""-o"",""/home/chili/cretin/PROJECTS/SWORD2/benchmark/results_factorized_locked_model_attempt6/raw/sword2-rust/3ejbB"",""-j"",""1"",""--use-factorized-ranker""]","[""<binary>"",""-i"",""<input_structure>"",""-o"",""<process_output>"",""-j"",""1"",""--use-factorized-ranker""]",repository_root,8eabc76a7203b96774a433ea9c5464f9140032b0c84b5a8988fd3a475cd3062a,raw/sword2-rust/3ejbB/3ejbB_B/summary.json,47a18dbb8cf672b0d054a19968b33e50eef226405418a225724615a93c22b35e,e3b0c44298fc1c149afbf4c8996fb92427ae41e4649b934ca495991b7852b855,eeb1359dca018d45956abbeb0ac0c89f1f672b52d729691d5d9c06cc1848e0f1,696355a5d230f7607fccf47600c3149601c3fe872aaebc65fde3ff9da7d61f28,factorized,factorized,False,,,0,0d9e5fdba57c30b9b0e238876011815027bab365040d0c605f74fba1987f67c5,b45f6d311a33a790cfe03615f347a4626e5c0a6412309c39e4d07882f98a09c0,770c3d348365b7f744f2eaee964b61cc57615c10f8ca9a47a061ac03ee1c343e
cath663,3ejbH,3ejb,H,sword2-rust,factorized,factorized-accuracy,,,False,0,0.7800810770131648,22560,"[""/home/chili/cretin/PROJECTS/SWORD2/target/release/sword2"",""-i"",""/home/chili/cretin/PROJECTS/SWORD2/benchmark/cache/chains/3ejbH.pdb"",""-o"",""/home/chili/cretin/PROJECTS/SWORD2/benchmark/results_factorized_locked_model_attempt6/raw/sword2-rust/3ejbH"",""-j"",""1"",""--use-factorized-ranker""]","[""<binary>"",""-i"",""<input_structure>"",""-o"",""<process_output>"",""-j"",""1"",""--use-factorized-ranker""]",repository_root,1c05b916df138ae137e7bae1a4de57c575557a0d52e5380efe2394d55bed624b,raw/sword2-rust/3ejbH/3ejbH_H/summary.json,5965437c72b0ffb642e7e8296d8aad4382add2d26b8eb17eef06f3aa30ad5cf4,e3b0c44298fc1c149afbf4c8996fb92427ae41e4649b934ca495991b7852b855,b36c31ac056ec3f3ec4b129ae1b96faeea827a9e2d296c5399d1d63f32e318c9,696355a5d230f7607fccf47600c3149601c3fe872aaebc65fde3ff9da7d61f28,factorized,factorized,False,,,0,0d9e5fdba57c30b9b0e238876011815027bab365040d0c605f74fba1987f67c5,b45f6d311a33a790cfe03615f347a4626e5c0a6412309c39e4d07882f98a09c0,770c3d348365b7f744f2eaee964b61cc57615c10f8ca9a47a061ac03ee1c343e
cath663,3ejxD,3ejx,D,sword2-rust,factorized,factorized-accuracy,,,False,0,0.4575986978597939,14204,"[""/home/chili/cretin/PROJECTS/SWORD2/target/release/sword2"",""-i"",""/home/chili/cretin/PROJECTS/SWORD2/benchmark/cache/chains/3ejxD.pdb"",""-o"",""/home/chili/cretin/PROJECTS/SWORD2/benchmark/results_factorized_locked_model_attempt6/raw/sword2-rust/3ejxD"",""-j"",""1"",""--use-factorized-ranker""]","[""<binary>"",""-i"",""<input_structure>"",""-o"",""<process_output>"",""-j"",""1"",""--use-factorized-ranker""]",repository_root,f4f459bc3c5baf0d8807971c94b12df22817100b3ac3caf3f8742e9b3f68c35b,raw/sword2-rust/3ejxD/3ejxD_D/summary.json,3b05cf44c59836e3f0c93251a7f0877415c20d5771d9c0b73ef1667072db7aa1,e3b0c44298fc1c149afbf4c8996fb92427ae41e4649b934ca495991b7852b855,d2035239f2de64e06919c7114621cd9f1253201c1c8d487c0485c4e637bd8dcf,696355a5d230f7607fccf47600c3149601c3fe872aaebc65fde3ff9da7d61f28,factorized,factorized,False,,,0,0d9e5fdba57c30b9b0e238876011815027bab365040d0c605f74fba1987f67c5,b45f6d311a33a790cfe03615f347a4626e5c0a6412309c39e4d07882f98a09c0,770c3d348365b7f744f2eaee964b61cc57615c10f8ca9a47a061ac03ee1c343e
cath663,3epnB,3epn,B,sword2-rust,factorized,factorized-accuracy,,,False,0,1.603274930268526,51948,"[""/home/chili/cretin/PROJECTS/SWORD2/target/release/sword2"",""-i"",""/home/chili/cretin/PROJECTS/SWORD2/benchmark/cache/chains/3epnB.pdb"",""-o"",""/home/chili/cretin/PROJECTS/SWORD2/benchmark/results_factorized_locked_model_attempt6/raw/sword2-rust/3epnB"",""-j"",""1"",""--use-factorized-ranker""]","[""<binary>"",""-i"",""<input_structure>"",""-o"",""<process_output>"",""-j"",""1"",""--use-factorized-ranker""]",repository_root,c423096401a077fc39194ab97eae3d389d9400a044c15db5b0d8d92004b61793,raw/sword2-rust/3epnB/3epnB_B/summary.json,4180648589d6b12b7cf0c8af7934a86f457dbb19c6d5ab048e6a619366315bb6,e3b0c44298fc1c149afbf4c8996fb92427ae41e4649b934ca495991b7852b855,f419988488ce8d4bd9006c101fdb74d227ee4ac4a3c7de5752b20f359ae52c04,696355a5d230f7607fccf47600c3149601c3fe872aaebc65fde3ff9da7d61f28,factorized,factorized,False,,,0,0d9e5fdba57c30b9b0e238876011815027bab365040d0c605f74fba1987f67c5,b45f6d311a33a790cfe03615f347a4626e5c0a6412309c39e4d07882f98a09c0,770c3d348365b7f744f2eaee964b61cc57615c10f8ca9a47a061ac03ee1c343e
cath663,3epoA,3epo,A,sword2-rust,factorized,factorized-accuracy,,,False,0,1.5214612097479403,51256,"[""/home/chili/cretin/PROJECTS/SWORD2/target/release/sword2"",""-i"",""/home/chili/cretin/PROJECTS/SWORD2/benchmark/cache/chains/3epoA.pdb"",""-o"",""/home/chili/cretin/PROJECTS/SWORD2/benchmark/results_factorized_locked_model_attempt6/raw/sword2-rust/3epoA"",""-j"",""1"",""--use-factorized-ranker""]","[""<binary>"",""-i"",""<input_structure>"",""-o"",""<process_output>"",""-j"",""1"",""--use-factorized-ranker""]",repository_root,c49d0fc66ea8bfc408c86b0bf7f63c309c905eccf4c3c5f857c3543b572159ce,raw/sword2-rust/3epoA/3epoA_A/summary.json,4139b9d1d3ac5fe57bb474e95c78964888c1127363049ab3473912269fe18632,e3b0c44298fc1c149afbf4c8996fb92427ae41e4649b934ca495991b7852b855,89540c1c53bc5bcd6494c8de0f357a8c5ab3650a2a45920ad0c2def809039b4c,696355a5d230f7607fccf47600c3149601c3fe872aaebc65fde3ff9da7d61f28,factorized,factorized,False,,,0,0d9e5fdba57c30b9b0e238876011815027bab365040d0c605f74fba1987f67c5,b45f6d311a33a790cfe03615f347a4626e5c0a6412309c39e4d07882f98a09c0,770c3d348365b7f744f2eaee964b61cc57615c10f8ca9a47a061ac03ee1c343e
cath663,3etoA,3eto,A,sword2-rust,factorized,factorized-accuracy,,,False,0,0.35419938573613763,11480,"[""/home/chili/cretin/PROJECTS/SWORD2/target/release/sword2"",""-i"",""/home/chili/cretin/PROJECTS/SWORD2/benchmark/cache/chains/3etoA.pdb"",""-o"",""/home/chili/cretin/PROJECTS/SWORD2/benchmark/results_factorized_locked_model_attempt6/raw/sword2-rust/3etoA"",""-j"",""1"",""--use-factorized-ranker""]","[""<binary>"",""-i"",""<input_structure>"",""-o"",""<process_output>"",""-j"",""1"",""--use-factorized-ranker""]",repository_root,882e0697fb8f34e3ed0534a161abebc6a743619209228270dd7b3a862d29172d,raw/sword2-rust/3etoA/3etoA_A/summary.json,e101a4910e6f430dc4a9a43f4b44dc06648b6708ab9f543d4267245a7a801585,e3b0c44298fc1c149afbf4c8996fb92427ae41e4649b934ca495991b7852b855,4f616cb0d0baa0f32b7fca4633ab3653194d5cd2f382ca3500a7fcb9d4842343,696355a5d230f7607fccf47600c3149601c3fe872aaebc65fde3ff9da7d61f28,factorized,factorized,False,,,0,0d9e5fdba57c30b9b0e238876011815027bab365040d0c605f74fba1987f67c5,b45f6d311a33a790cfe03615f347a4626e5c0a6412309c39e4d07882f98a09c0,770c3d348365b7f744f2eaee964b61cc57615c10f8ca9a47a061ac03ee1c343e
cath663,3f85A,3f85,A,sword2-rust,factorized,factorized-accuracy,,,False,0,0.93804020434618,29408,"[""/home/chili/cretin/PROJECTS/SWORD2/target/release/sword2"",""-i"",""/home/chili/cretin/PROJECTS/SWORD2/benchmark/cache/chains/3f85A.pdb"",""-o"",""/home/chili/cretin/PROJECTS/SWORD2/benchmark/results_factorized_locked_model_attempt6/raw/sword2-rust/3f85A"",""-j"",""1"",""--use-factorized-ranker""]","[""<binary>"",""-i"",""<input_structure>"",""-o"",""<process_output>"",""-j"",""1"",""--use-factorized-ranker""]",repository_root,9def9491348735e0cb000f3cb7413bfe0ad53535acc5a692c98dfc68d3b70c89,raw/sword2-rust/3f85A/3f85A_A/summary.json,8ccbde7db2f2ac352b3c7d48dcc0da50c82f7d5a19a5a4d8d438e8f4f549ce83,e3b0c44298fc1c149afbf4c8996fb92427ae41e4649b934ca495991b7852b855,f1f2142f2aec8f12282ed6e54ab07c84b7ebe1e4b743409d4ccfe510fbbb83b8,696355a5d230f7607fccf47600c3149601c3fe872aaebc65fde3ff9da7d61f28,factorized,factorized,False,,,0,0d9e5fdba57c30b9b0e238876011815027bab365040d0c605f74fba1987f67c5,b45f6d311a33a790cfe03615f347a4626e5c0a6412309c39e4d07882f98a09c0,770c3d348365b7f744f2eaee964b61cc57615c10f8ca9a47a061ac03ee1c343e
cath663,3fkyC,3fky,C,sword2-rust,factorized,factorized-accuracy,,,False,0,0.437953544780612,17296,"[""/home/chili/cretin/PROJECTS/SWORD2/target/release/sword2"",""-i"",""/home/chili/cretin/PROJECTS/SWORD2/benchmark/cache/chains/3fkyC.pdb"",""-o"",""/home/chili/cretin/PROJECTS/SWORD2/benchmark/results_factorized_locked_model_attempt6/raw/sword2-rust/3fkyC"",""-j"",""1"",""--use-factorized-ranker""]","[""<binary>"",""-i"",""<input_structure>"",""-o"",""<process_output>"",""-j"",""1"",""--use-factorized-ranker""]",repository_root,bcb8e1b9f3490d5e754114ca0a17231bd96430d504ecb6744e4d565663ad7600,raw/sword2-rust/3fkyC/3fkyC_C/summary.json,f9f17bf1f0c9da90c34d744724b3c8304acde20d1cd2f265b6913cd3a395eb9a,e3b0c44298fc1c149afbf4c8996fb92427ae41e4649b934ca495991b7852b855,5c2552ef6e391521ddd4c5af18eea9601fee27a4b7d9c9308913a06d966e7140,696355a5d230f7607fccf47600c3149601c3fe872aaebc65fde3ff9da7d61f28,factorized,factorized,False,,,0,0d9e5fdba57c30b9b0e238876011815027bab365040d0c605f74fba1987f67c5,b45f6d311a33a790cfe03615f347a4626e5c0a6412309c39e4d07882f98a09c0,770c3d348365b7f744f2eaee964b61cc57615c10f8ca9a47a061ac03ee1c343e
cath663,3fveA,3fve,A,sword2-rust,factorized,factorized-accuracy,,,False,0,0.3923434177413583,13812,"[""/home/chili/cretin/PROJECTS/SWORD2/target/release/sword2"",""-i"",""/home/chili/cretin/PROJECTS/SWORD2/benchmark/cache/chains/3fveA.pdb"",""-o"",""/home/chili/cretin/PROJECTS/SWORD2/benchmark/results_factorized_locked_model_attempt6/raw/sword2-rust/3fveA"",""-j"",""1"",""--use-factorized-ranker""]","[""<binary>"",""-i"",""<input_structure>"",""-o"",""<process_output>"",""-j"",""1"",""--use-factorized-ranker""]",repository_root,d75feb567b952b08cc6113d77c532c98965c7e2bf36c5f9985779b23b6108fd2,raw/sword2-rust/3fveA/3fveA_A/summary.json,ca4fd9a59d36032aa7b93e5410537fc4141bd2d9d8a9eade7e4075fa516a4a69,e3b0c44298fc1c149afbf4c8996fb92427ae41e4649b934ca495991b7852b855,4dbddca9f6f0f0243c1392e93aa2858145ef0f00f02092d9303adf0f032acf4f,696355a5d230f7607fccf47600c3149601c3fe872aaebc65fde3ff9da7d61f28,factorized,factorized,False,,,0,0d9e5fdba57c30b9b0e238876011815027bab365040d0c605f74fba1987f67c5,b45f6d311a33a790cfe03615f347a4626e5c0a6412309c39e4d07882f98a09c0,770c3d348365b7f744f2eaee964b61cc57615c10f8ca9a47a061ac03ee1c343e
cath663,3g7kB,3g7k,B,sword2-rust,factorized,factorized-accuracy,,,False,0,0.7207887875847518,22200,"[""/home/chili/cretin/PROJECTS/SWORD2/target/release/sword2"",""-i"",""/home/chili/cretin/PROJECTS/SWORD2/benchmark/cache/chains/3g7kB.pdb"",""-o"",""/home/chili/cretin/PROJECTS/SWORD2/benchmark/results_factorized_locked_model_attempt6/raw/sword2-rust/3g7kB"",""-j"",""1"",""--use-factorized-ranker""]","[""<binary>"",""-i"",""<input_structure>"",""-o"",""<process_output>"",""-j"",""1"",""--use-factorized-ranker""]",repository_root,9e1c8f56573ac4f6b0eb2e0687908477a0f8ae3f740a722fe7898363f0d2dc4d,raw/sword2-rust/3g7kB/3g7kB_B/summary.json,cf7d4f83aa3de0026e58b40e6d83fa5fa49f32d7fcc38457a92ca3bdef1b6157,e3b0c44298fc1c149afbf4c8996fb92427ae41e4649b934ca495991b7852b855,27f0f019b464218945316667fe7edcc4ae8bc7c592dfa30eba5488067c1825d2,696355a5d230f7607fccf47600c3149601c3fe872aaebc65fde3ff9da7d61f28,factorized,factorized,False,,,0,0d9e5fdba57c30b9b0e238876011815027bab365040d0c605f74fba1987f67c5,b45f6d311a33a790cfe03615f347a4626e5c0a6412309c39e4d07882f98a09c0,770c3d348365b7f744f2eaee964b61cc57615c10f8ca9a47a061ac03ee1c343e
cath663,3gd0A,3gd0,A,sword2-rust,factorized,factorized-accuracy,,,False,0,0.481522539164871,16732,"[""/home/chili/cretin/PROJECTS/SWORD2/target/release/sword2"",""-i"",""/home/chili/cretin/PROJECTS/SWORD2/benchmark/cache/chains/3gd0A.pdb"",""-o"",""/home/chili/cretin/PROJECTS/SWORD2/benchmark/results_factorized_locked_model_attempt6/raw/sword2-rust/3gd0A"",""-j"",""1"",""--use-factorized-ranker""]","[""<binary>"",""-i"",""<input_structure>"",""-o"",""<process_output>"",""-j"",""1"",""--use-factorized-ranker""]",repository_root,1a94b748dcba1978e8014d7a6f2466b33a4aa41b3a84b24de45c84fc96395209,raw/sword2-rust/3gd0A/3gd0A_A/summary.json,4fb78177881c48174e7019ac572b4131b47bf40c084e67b36df064d3fe4ee0e9,e3b0c44298fc1c149afbf4c8996fb92427ae41e4649b934ca495991b7852b855,acdbe6471d2c7513034e0a74937973bb478cc313109f4d3286593f701f0bba40,696355a5d230f7607fccf47600c3149601c3fe872aaebc65fde3ff9da7d61f28,factorized,factorized,False,,,0,0d9e5fdba57c30b9b0e238876011815027bab365040d0c605f74fba1987f67c5,b45f6d311a33a790cfe03615f347a4626e5c0a6412309c39e4d07882f98a09c0,770c3d348365b7f744f2eaee964b61cc57615c10f8ca9a47a061ac03ee1c343e
cath663,3gfvA,3gfv,A,sword2-rust,factorized,factorized-accuracy,,,False,0,0.3872282588854432,14692,"[""/home/chili/cretin/PROJECTS/SWORD2/target/release/sword2"",""-i"",""/home/chili/cretin/PROJECTS/SWORD2/benchmark/cache/chains/3gfvA.pdb"",""-o"",""/home/chili/cretin/PROJECTS/SWORD2/benchmark/results_factorized_locked_model_attempt6/raw/sword2-rust/3gfvA"",""-j"",""1"",""--use-factorized-ranker""]","[""<binary>"",""-i"",""<input_structure>"",""-o"",""<process_output>"",""-j"",""1"",""--use-factorized-ranker""]",repository_root,fea32613807f0d0a390b3d42030dd00b23b72925c938492c81b319480be6087c,raw/sword2-rust/3gfvA/3gfvA_A/summary.json,4fd040751a7ea9397511f4e02f86b42b1b16c6856b51fcfd02f5ea1227fdcfe5,e3b0c44298fc1c149afbf4c8996fb92427ae41e4649b934ca495991b7852b855,3949ebe50c6c4a240a29430741d0788cc15364fb6de2d0acd64ea804d6cf3f45,696355a5d230f7607fccf47600c3149601c3fe872aaebc65fde3ff9da7d61f28,factorized,factorized,False,,,0,0d9e5fdba57c30b9b0e238876011815027bab365040d0c605f74fba1987f67c5,b45f6d311a33a790cfe03615f347a4626e5c0a6412309c39e4d07882f98a09c0,770c3d348365b7f744f2eaee964b61cc57615c10f8ca9a47a061ac03ee1c343e
cath663,3ghgB,3ghg,B,sword2-rust,factorized,factorized-accuracy,,,False,0,0.3955275001935661,17596,"[""/home/chili/cretin/PROJECTS/SWORD2/target/release/sword2"",""-i"",""/home/chili/cretin/PROJECTS/SWORD2/benchmark/cache/chains/3ghgB.pdb"",""-o"",""/home/chili/cretin/PROJECTS/SWORD2/benchmark/results_factorized_locked_model_attempt6/raw/sword2-rust/3ghgB"",""-j"",""1"",""--use-factorized-ranker""]","[""<binary>"",""-i"",""<input_structure>"",""-o"",""<process_output>"",""-j"",""1"",""--use-factorized-ranker""]",repository_root,84993ad49b0a411eb4843f503c08fdb63f87a3f21b41529ac8b55ab0f7fd3c00,raw/sword2-rust/3ghgB/3ghgB_B/summary.json,6a70aa31242c528521dfbdc72c868d463b3501ade8079655cd5765e717f6b957,e3b0c44298fc1c149afbf4c8996fb92427ae41e4649b934ca495991b7852b855,04f6d84f0963fe85180d2a5c472b8b566b8c2603a494cc374fdc386cd7427452,696355a5d230f7607fccf47600c3149601c3fe872aaebc65fde3ff9da7d61f28,factorized,factorized,False,,,0,0d9e5fdba57c30b9b0e238876011815027bab365040d0c605f74fba1987f67c5,b45f6d311a33a790cfe03615f347a4626e5c0a6412309c39e4d07882f98a09c0,770c3d348365b7f744f2eaee964b61cc57615c10f8ca9a47a061ac03ee1c343e
cath663,3ghgC,3ghg,C,sword2-rust,factorized,factorized-accuracy,,,False,0,0.6157833337783813,17884,"[""/home/chili/cretin/PROJECTS/SWORD2/target/release/sword2"",""-i"",""/home/chili/cretin/PROJECTS/SWORD2/benchmark/cache/chains/3ghgC.pdb"",""-o"",""/home/chili/cretin/PROJECTS/SWORD2/benchmark/results_factorized_locked_model_attempt6/raw/sword2-rust/3ghgC"",""-j"",""1"",""--use-factorized-ranker""]","[""<binary>"",""-i"",""<input_structure>"",""-o"",""<process_output>"",""-j"",""1"",""--use-factorized-ranker""]",repository_root,c292665c56699d97c174f07d868cfd0b021b91669f35ec847a8fbe44ca2235b5,raw/sword2-rust/3ghgC/3ghgC_C/summary.json,03773ed55ef55380785b6e9966be3219b494590696f80a4fed535e1c397c054d,e3b0c44298fc1c149afbf4c8996fb92427ae41e4649b934ca495991b7852b855,bff9296d0920c60af1a685b36361e425cb769feb22bda7bc14cf66764f26197b,696355a5d230f7607fccf47600c3149601c3fe872aaebc65fde3ff9da7d61f28,factorized,factorized,False,,,0,0d9e5fdba57c30b9b0e238876011815027bab365040d0c605f74fba1987f67c5,b45f6d311a33a790cfe03615f347a4626e5c0a6412309c39e4d07882f98a09c0,770c3d348365b7f744f2eaee964b61cc57615c10f8ca9a47a061ac03ee1c343e
cath663,3gi1B,3gi1,B,sword2-rust,factorized,factorized-accuracy,,,False,0,0.35279525769874454,12368,"[""/home/chili/cretin/PROJECTS/SWORD2/target/release/sword2"",""-i"",""/home/chili/cretin/PROJECTS/SWORD2/benchmark/cache/chains/3gi1B.pdb"",""-o"",""/home/chili/cretin/PROJECTS/SWORD2/benchmark/results_factorized_locked_model_attempt6/raw/sword2-rust/3gi1B"",""-j"",""1"",""--use-factorized-ranker""]","[""<binary>"",""-i"",""<input_structure>"",""-o"",""<process_output>"",""-j"",""1"",""--use-factorized-ranker""]",repository_root,52f110f4de5ca73a23d1ee86859e431b27e0bf44ef9382535e635e957239c646,raw/sword2-rust/3gi1B/3gi1B_B/summary.json,8e61ce221eab1d5d27d717af507680ca37afe7641f137d23102c99d395e0d444,e3b0c44298fc1c149afbf4c8996fb92427ae41e4649b934ca495991b7852b855,98509dc256282bf9df0521d3ef8b2d562ccd8e19e04869410e5ee744b3b0c710,696355a5d230f7607fccf47600c3149601c3fe872aaebc65fde3ff9da7d61f28,factorized,factorized,False,,,0,0d9e5fdba57c30b9b0e238876011815027bab365040d0c605f74fba1987f67c5,b45f6d311a33a790cfe03615f347a4626e5c0a6412309c39e4d07882f98a09c0,770c3d348365b7f744f2eaee964b61cc57615c10f8ca9a47a061ac03ee1c343e
cath663,3gtdA,3gtd,A,sword2-rust,factorized,factorized-accuracy,,,False,0,0.8272305051796138,26148,"[""/home/chili/cretin/PROJECTS/SWORD2/target/release/sword2"",""-i"",""/home/chili/cretin/PROJECTS/SWORD2/benchmark/cache/chains/3gtdA.pdb"",""-o"",""/home/chili/cretin/PROJECTS/SWORD2/benchmark/results_factorized_locked_model_attempt6/raw/sword2-rust/3gtdA"",""-j"",""1"",""--use-factorized-ranker""]","[""<binary>"",""-i"",""<input_structure>"",""-o"",""<process_output>"",""-j"",""1"",""--use-factorized-ranker""]",repository_root,3b44072bbb478e22a96a79b95870f3071074096ce89eef61dc1d6d76e9868c24,raw/sword2-rust/3gtdA/3gtdA_A/summary.json,9d6b1f8d6cbbfe99cbdd23f2e69188272e1e1120e2d35a5f3adebe6803417f73,e3b0c44298fc1c149afbf4c8996fb92427ae41e4649b934ca495991b7852b855,d59ebda3d88a71dafcc84358776ee4d52796f340af5807fd040f52324ed5fb5c,696355a5d230f7607fccf47600c3149601c3fe872aaebc65fde3ff9da7d61f28,factorized,factorized,False,,,0,0d9e5fdba57c30b9b0e238876011815027bab365040d0c605f74fba1987f67c5,b45f6d311a33a790cfe03615f347a4626e5c0a6412309c39e4d07882f98a09c0,770c3d348365b7f744f2eaee964b61cc57615c10f8ca9a47a061ac03ee1c343e
cath663,3gzhA,3gzh,A,sword2-rust,factorized,factorized-accuracy,,,False,0,0.9966081092134118,26192,"[""/home/chili/cretin/PROJECTS/SWORD2/target/release/sword2"",""-i"",""/home/chili/cretin/PROJECTS/SWORD2/benchmark/cache/chains/3gzhA.pdb"",""-o"",""/home/chili/cretin/PROJECTS/SWORD2/benchmark/results_factorized_locked_model_attempt6/raw/sword2-rust/3gzhA"",""-j"",""1"",""--use-factorized-ranker""]","[""<binary>"",""-i"",""<input_structure>"",""-o"",""<process_output>"",""-j"",""1"",""--use-factorized-ranker""]",repository_root,da4915fdc49e3471a7bd5f15840819d263213c451fe7904f03d65779ef58b634,raw/sword2-rust/3gzhA/3gzhA_A/summary.json,70f6a6192a3dbbccc2aaf8586c1cf6be3a63e6bc18f5f0bbb2f753caefc57ac6,e3b0c44298fc1c149afbf4c8996fb92427ae41e4649b934ca495991b7852b855,1cae70f5c06fbd4e585b9012f27c8fc027c5413d11190e74f36e92ea7f61dfd7,696355a5d230f7607fccf47600c3149601c3fe872aaebc65fde3ff9da7d61f28,factorized,factorized,False,,,0,0d9e5fdba57c30b9b0e238876011815027bab365040d0c605f74fba1987f67c5,b45f6d311a33a790cfe03615f347a4626e5c0a6412309c39e4d07882f98a09c0,770c3d348365b7f744f2eaee964b61cc57615c10f8ca9a47a061ac03ee1c343e
cath663,3h20A,3h20,A,sword2-rust,factorized,factorized-accuracy,,,False,0,0.38507231418043375,12796,"[""/home/chili/cretin/PROJECTS/SWORD2/target/release/sword2"",""-i"",""/home/chili/cretin/PROJECTS/SWORD2/benchmark/cache/chains/3h20A.pdb"",""-o"",""/home/chili/cretin/PROJECTS/SWORD2/benchmark/results_factorized_locked_model_attempt6/raw/sword2-rust/3h20A"",""-j"",""1"",""--use-factorized-ranker""]","[""<binary>"",""-i"",""<input_structure>"",""-o"",""<process_output>"",""-j"",""1"",""--use-factorized-ranker""]",repository_root,b9733c634923cbd0108b3be2e790cd5e2ea33f086e613d62bc9275fd8626b946,raw/sword2-rust/3h20A/3h20A_A/summary.json,06ea3cb9daabec90d18530affc3c1a7af60066022f2f8b7d018da9dc4ea9aaf6,e3b0c44298fc1c149afbf4c8996fb92427ae41e4649b934ca495991b7852b855,274f1d2f345411a99dd96cd6e7d9b275da1a2a23390bccadeda77e274e4e5853,696355a5d230f7607fccf47600c3149601c3fe872aaebc65fde3ff9da7d61f28,factorized,factorized,False,,,0,0d9e5fdba57c30b9b0e238876011815027bab365040d0c605f74fba1987f67c5,b45f6d311a33a790cfe03615f347a4626e5c0a6412309c39e4d07882f98a09c0,770c3d348365b7f744f2eaee964b61cc57615c10f8ca9a47a061ac03ee1c343e
cath663,3h9nA,3h9n,A,sword2-rust,factorized,factorized-accuracy,,,False,0,0.21882535563781857,10240,"[""/home/chili/cretin/PROJECTS/SWORD2/target/release/sword2"",""-i"",""/home/chili/cretin/PROJECTS/SWORD2/benchmark/cache/chains/3h9nA.pdb"",""-o"",""/home/chili/cretin/PROJECTS/SWORD2/benchmark/results_factorized_locked_model_attempt6/raw/sword2-rust/3h9nA"",""-j"",""1"",""--use-factorized-ranker""]","[""<binary>"",""-i"",""<input_structure>"",""-o"",""<process_output>"",""-j"",""1"",""--use-factorized-ranker""]",repository_root,daefc671b4b9fde07ad2347f0973ed5c557a82341d538d29ac43b46b7340cfa9,raw/sword2-rust/3h9nA/3h9nA_A/summary.json,8779ce06c07a7bc2efdd371459f4da2bdb173fe39a14e271b0207c6788192d93,e3b0c44298fc1c149afbf4c8996fb92427ae41e4649b934ca495991b7852b855,8c0910937602a9ab1d8a0c36f0b61b1c4eb33a283fea2486bd2b5aa106fb1730,696355a5d230f7607fccf47600c3149601c3fe872aaebc65fde3ff9da7d61f28,factorized,factorized,False,,,0,0d9e5fdba57c30b9b0e238876011815027bab365040d0c605f74fba1987f67c5,b45f6d311a33a790cfe03615f347a4626e5c0a6412309c39e4d07882f98a09c0,770c3d348365b7f744f2eaee964b61cc57615c10f8ca9a47a061ac03ee1c343e
cath663,3hh8A,3hh8,A,sword2-rust,factorized,factorized-accuracy,,,False,0,0.48574534012004733,15628,"[""/home/chili/cretin/PROJECTS/SWORD2/target/release/sword2"",""-i"",""/home/chili/cretin/PROJECTS/SWORD2/benchmark/cache/chains/3hh8A.pdb"",""-o"",""/home/chili/cretin/PROJECTS/SWORD2/benchmark/results_factorized_locked_model_attempt6/raw/sword2-rust/3hh8A"",""-j"",""1"",""--use-factorized-ranker""]","[""<binary>"",""-i"",""<input_structure>"",""-o"",""<process_output>"",""-j"",""1"",""--use-factorized-ranker""]",repository_root,6c3cef0ebd640638922e29e3652dcb97dc19281e5e37e7915d9436deb07d6627,raw/sword2-rust/3hh8A/3hh8A_A/summary.json,84dffd5f78b68e1b29ea6222356ee958503695927469437144675d7e8a5a9110,e3b0c44298fc1c149afbf4c8996fb92427ae41e4649b934ca495991b7852b855,e0f9750dbdcfce75194f87c4213c9ad313f8f78dcfb3b5dcbfcd2180032c1349,696355a5d230f7607fccf47600c3149601c3fe872aaebc65fde3ff9da7d61f28,factorized,factorized,False,,,0,0d9e5fdba57c30b9b0e238876011815027bab365040d0c605f74fba1987f67c5,b45f6d311a33a790cfe03615f347a4626e5c0a6412309c39e4d07882f98a09c0,770c3d348365b7f744f2eaee964b61cc57615c10f8ca9a47a061ac03ee1c343e
cath663,3hi7A,3hi7,A,sword2-rust,factorized,factorized-accuracy,,,False,0,1.908287700265646,61248,"[""/home/chili/cretin/PROJECTS/SWORD2/target/release/sword2"",""-i"",""/home/chili/cretin/PROJECTS/SWORD2/benchmark/cache/chains/3hi7A.pdb"",""-o"",""/home/chili/cretin/PROJECTS/SWORD2/benchmark/results_factorized_locked_model_attempt6/raw/sword2-rust/3hi7A"",""-j"",""1"",""--use-factorized-ranker""]","[""<binary>"",""-i"",""<input_structure>"",""-o"",""<process_output>"",""-j"",""1"",""--use-factorized-ranker""]",repository_root,1a12634e8d9c607fbe69e94b60b2789100a01a01f3b6b11d9a179d4e4a34ee25,raw/sword2-rust/3hi7A/3hi7A_A/summary.json,549376a6609a980aa59be6e8f2ab876a51a4466255e0a0e2e4a5225f935bb85c,e3b0c44298fc1c149afbf4c8996fb92427ae41e4649b934ca495991b7852b855,2d6054fe62e8c2c478e247e0cc2870d107aad97c83d5f52ceb357708dca50d88,696355a5d230f7607fccf47600c3149601c3fe872aaebc65fde3ff9da7d61f28,factorized,factorized,False,,,0,0d9e5fdba57c30b9b0e238876011815027bab365040d0c605f74fba1987f67c5,b45f6d311a33a790cfe03615f347a4626e5c0a6412309c39e4d07882f98a09c0,770c3d348365b7f744f2eaee964b61cc57615c10f8ca9a47a061ac03ee1c343e
cath663,3hi7B,3hi7,B,sword2-rust,factorized,factorized-accuracy,,,False,0,1.9810442421585321,60972,"[""/home/chili/cretin/PROJECTS/SWORD2/target/release/sword2"",""-i"",""/home/chili/cretin/PROJECTS/SWORD2/benchmark/cache/chains/3hi7B.pdb"",""-o"",""/home/chili/cretin/PROJECTS/SWORD2/benchmark/results_factorized_locked_model_attempt6/raw/sword2-rust/3hi7B"",""-j"",""1"",""--use-factorized-ranker""]","[""<binary>"",""-i"",""<input_structure>"",""-o"",""<process_output>"",""-j"",""1"",""--use-factorized-ranker""]",repository_root,38657df5d690f3d74c7194d0f7170ba6eecd71bbe9ed238c3de14d0f3c8a051d,raw/sword2-rust/3hi7B/3hi7B_B/summary.json,cc0e3e05ef0d7b49ee6dc290a4eb0b3cdcc6c7ebded8eb81b8a0ccbe51ed25f5,e3b0c44298fc1c149afbf4c8996fb92427ae41e4649b934ca495991b7852b855,858e8dbc286d1446f36624ae7b2329c39aa18fa8d1286174a5c2fd65312c4f00,696355a5d230f7607fccf47600c3149601c3fe872aaebc65fde3ff9da7d61f28,factorized,factorized,False,,,0,0d9e5fdba57c30b9b0e238876011815027bab365040d0c605f74fba1987f67c5,b45f6d311a33a790cfe03615f347a4626e5c0a6412309c39e4d07882f98a09c0,770c3d348365b7f744f2eaee964b61cc57615c10f8ca9a47a061ac03ee1c343e
cath663,3hl0A,3hl0,A,sword2-rust,factorized,factorized-accuracy,,,False,0,0.6338246981613338,18440,"[""/home/chili/cretin/PROJECTS/SWORD2/target/release/sword2"",""-i"",""/home/chili/cretin/PROJECTS/SWORD2/benchmark/cache/chains/3hl0A.pdb"",""-o"",""/home/chili/cretin/PROJECTS/SWORD2/benchmark/results_factorized_locked_model_attempt6/raw/sword2-rust/3hl0A"",""-j"",""1"",""--use-factorized-ranker""]","[""<binary>"",""-i"",""<input_structure>"",""-o"",""<process_output>"",""-j"",""1"",""--use-factorized-ranker""]",repository_root,110122ff46e73cf57e2ab7cb82a8406c97c71f7fbfa2ddc9a75821eb33c46d63,raw/sword2-rust/3hl0A/3hl0A_A/summary.json,8a7f7abff86501ced6acbf2aa125dd50de6994db85a0eeaebcb848dba2e50c3d,e3b0c44298fc1c149afbf4c8996fb92427ae41e4649b934ca495991b7852b855,4127b33ed1d4dc87e173e6517ab8712b8ba7fe5081c935bc971ca35fd95acde5,696355a5d230f7607fccf47600c3149601c3fe872aaebc65fde3ff9da7d61f28,factorized,factorized,False,,,0,0d9e5fdba57c30b9b0e238876011815027bab365040d0c605f74fba1987f67c5,b45f6d311a33a790cfe03615f347a4626e5c0a6412309c39e4d07882f98a09c0,770c3d348365b7f744f2eaee964b61cc57615c10f8ca9a47a061ac03ee1c343e
cath663,3hl6A,3hl6,A,sword2-rust,factorized,factorized-accuracy,,,False,0,0.21221953723579645,10560,"[""/home/chili/cretin/PROJECTS/SWORD2/target/release/sword2"",""-i"",""/home/chili/cretin/PROJECTS/SWORD2/benchmark/cache/chains/3hl6A.pdb"",""-o"",""/home/chili/cretin/PROJECTS/SWORD2/benchmark/results_factorized_locked_model_attempt6/raw/sword2-rust/3hl6A"",""-j"",""1"",""--use-factorized-ranker""]","[""<binary>"",""-i"",""<input_structure>"",""-o"",""<process_output>"",""-j"",""1"",""--use-factorized-ranker""]",repository_root,0e23288c7e2cb81a9504bd9d573b19dccb868892a1b3f7359db258b00538cff0,raw/sword2-rust/3hl6A/3hl6A_A/summary.json,a91425936806f57347f6a3539f71eedd86299efd9d10d3b86e911cf7713b441b,e3b0c44298fc1c149afbf4c8996fb92427ae41e4649b934ca495991b7852b855,cf6cc4e04fcb70eaf0a33278bede20e0d0bf5d6eef066cd10e2f03500157817f,696355a5d230f7607fccf47600c3149601c3fe872aaebc65fde3ff9da7d61f28,factorized,factorized,False,,,0,0d9e5fdba57c30b9b0e238876011815027bab365040d0c605f74fba1987f67c5,b45f6d311a33a790cfe03615f347a4626e5c0a6412309c39e4d07882f98a09c0,770c3d348365b7f744f2eaee964b61cc57615c10f8ca9a47a061ac03ee1c343e
cath663,3hrgA,3hrg,A,sword2-rust,factorized,factorized-accuracy,,,False,0,0.29916054429486394,12800,"[""/home/chili/cretin/PROJECTS/SWORD2/target/release/sword2"",""-i"",""/home/chili/cretin/PROJECTS/SWORD2/benchmark/cache/chains/3hrgA.pdb"",""-o"",""/home/chili/cretin/PROJECTS/SWORD2/benchmark/results_factorized_locked_model_attempt6/raw/sword2-rust/3hrgA"",""-j"",""1"",""--use-factorized-ranker""]","[""<binary>"",""-i"",""<input_structure>"",""-o"",""<process_output>"",""-j"",""1"",""--use-factorized-ranker""]",repository_root,322fd2e8a4225c4d58e6d3922c1d1608aff716ec8ee5be446bf278eada609e21,raw/sword2-rust/3hrgA/3hrgA_A/summary.json,a7445561f263221e103a2f2ffdfdae2de1e58466f6665545644fe82d9247ce5b,e3b0c44298fc1c149afbf4c8996fb92427ae41e4649b934ca495991b7852b855,001c0f9d79ed39f3a55e73cd269ed149a7a3f0eb5cc4eb67916eab025689c22c,696355a5d230f7607fccf47600c3149601c3fe872aaebc65fde3ff9da7d61f28,factorized,factorized,False,,,0,0d9e5fdba57c30b9b0e238876011815027bab365040d0c605f74fba1987f67c5,b45f6d311a33a790cfe03615f347a4626e5c0a6412309c39e4d07882f98a09c0,770c3d348365b7f744f2eaee964b61cc57615c10f8ca9a47a061ac03ee1c343e
cath663,3hwkA,3hwk,A,sword2-rust,factorized,factorized-accuracy,,,False,0,0.6272769519127905,20892,"[""/home/chili/cretin/PROJECTS/SWORD2/target/release/sword2"",""-i"",""/home/chili/cretin/PROJECTS/SWORD2/benchmark/cache/chains/3hwkA.pdb"",""-o"",""/home/chili/cretin/PROJECTS/SWORD2/benchmark/results_factorized_locked_model_attempt6/raw/sword2-rust/3hwkA"",""-j"",""1"",""--use-factorized-ranker""]","[""<binary>"",""-i"",""<input_structure>"",""-o"",""<process_output>"",""-j"",""1"",""--use-factorized-ranker""]",repository_root,cdcf2c0f5380bc8967832b527cfc22340b29992860aaa2a76a7ce50dc52ce03c,raw/sword2-rust/3hwkA/3hwkA_A/summary.json,0391600a997b52408989ccd0132e04caabf5a277ef246f0f8459d91b86726e34,e3b0c44298fc1c149afbf4c8996fb92427ae41e4649b934ca495991b7852b855,02f7fc3ed257776a1a4961b9c8a49b580de65731c096c0e175b90b7f8462c6b2,696355a5d230f7607fccf47600c3149601c3fe872aaebc65fde3ff9da7d61f28,factorized,factorized,False,,,0,0d9e5fdba57c30b9b0e238876011815027bab365040d0c605f74fba1987f67c5,b45f6d311a33a790cfe03615f347a4626e5c0a6412309c39e4d07882f98a09c0,770c3d348365b7f744f2eaee964b61cc57615c10f8ca9a47a061ac03ee1c343e
cath663,3ieeA,3iee,A,sword2-rust,factorized,factorized-accuracy,,,False,0,0.3791378210298717,12348,"[""/home/chili/cretin/PROJECTS/SWORD2/target/release/sword2"",""-i"",""/home/chili/cretin/PROJECTS/SWORD2/benchmark/cache/chains/3ieeA.pdb"",""-o"",""/home/chili/cretin/PROJECTS/SWORD2/benchmark/results_factorized_locked_model_attempt6/raw/sword2-rust/3ieeA"",""-j"",""1"",""--use-factorized-ranker""]","[""<binary>"",""-i"",""<input_structure>"",""-o"",""<process_output>"",""-j"",""1"",""--use-factorized-ranker""]",repository_root,a1a2324c80023847320f12d50b75674301b105922fbae80a0f666b18948f10f9,raw/sword2-rust/3ieeA/3ieeA_A/summary.json,15f9c77881d520defa00750b4a6d70c195c8e26bd1f19cd3f7597ca308d957ff,e3b0c44298fc1c149afbf4c8996fb92427ae41e4649b934ca495991b7852b855,2cab6b2301b0e10eab88e2a6cdf0ddc82d9c0951f4c95989386ff62b4dd81665,696355a5d230f7607fccf47600c3149601c3fe872aaebc65fde3ff9da7d61f28,factorized,factorized,False,,,0,0d9e5fdba57c30b9b0e238876011815027bab365040d0c605f74fba1987f67c5,b45f6d311a33a790cfe03615f347a4626e5c0a6412309c39e4d07882f98a09c0,770c3d348365b7f744f2eaee964b61cc57615c10f8ca9a47a061ac03ee1c343e
cath663,3if8A,3if8,A,sword2-rust,factorized,factorized-accuracy,,,False,0,0.292498541995883,12480,"[""/home/chili/cretin/PROJECTS/SWORD2/target/release/sword2"",""-i"",""/home/chili/cretin/PROJECTS/SWORD2/benchmark/cache/chains/3if8A.pdb"",""-o"",""/home/chili/cretin/PROJECTS/SWORD2/benchmark/results_factorized_locked_model_attempt6/raw/sword2-rust/3if8A"",""-j"",""1"",""--use-factorized-ranker""]","[""<binary>"",""-i"",""<input_structure>"",""-o"",""<process_output>"",""-j"",""1"",""--use-factorized-ranker""]",repository_root,3fb1af3c85acd2b89a81312550c455ce05b32dfbe97000caf5c8de69f883dba5,raw/sword2-rust/3if8A/3if8A_A/summary.json,bfedaf50f0b33bba73d7c3d48e9cacc41b87bd65eb0224c9cb8009df87f7a391,e3b0c44298fc1c149afbf4c8996fb92427ae41e4649b934ca495991b7852b855,7972ef4f455c8f4aefc02a9086a71ee3a7aa6343923c6bbb0729c40f8b41f658,696355a5d230f7607fccf47600c3149601c3fe872aaebc65fde3ff9da7d61f28,factorized,factorized,False,,,0,0d9e5fdba57c30b9b0e238876011815027bab365040d0c605f74fba1987f67c5,b45f6d311a33a790cfe03615f347a4626e5c0a6412309c39e4d07882f98a09c0,770c3d348365b7f744f2eaee964b61cc57615c10f8ca9a47a061ac03ee1c343e
cath663,3it4B,3it4,B,sword2-rust,factorized,factorized-accuracy,,,False,0,0.19976628618314862,10880,"[""/home/chili/cretin/PROJECTS/SWORD2/target/release/sword2"",""-i"",""/home/chili/cretin/PROJECTS/SWORD2/benchmark/cache/chains/3it4B.pdb"",""-o"",""/home/chili/cretin/PROJECTS/SWORD2/benchmark/results_factorized_locked_model_attempt6/raw/sword2-rust/3it4B"",""-j"",""1"",""--use-factorized-ranker""]","[""<binary>"",""-i"",""<input_structure>"",""-o"",""<process_output>"",""-j"",""1"",""--use-factorized-ranker""]",repository_root,53cd4b256ca20ab88d5f4492d7bf589a2d108e664067639339c246bb9f56ec0d,raw/sword2-rust/3it4B/3it4B_B/summary.json,6b6c0c03da596c6654618c5a9f3418036f6773cd120038fa60f4c07e0cd49f0d,e3b0c44298fc1c149afbf4c8996fb92427ae41e4649b934ca495991b7852b855,ae3059ca6ecbd17ee2cc1808945a8e21771ecadbdf2b071adfe45ae690c252b1,696355a5d230f7607fccf47600c3149601c3fe872aaebc65fde3ff9da7d61f28,factorized,factorized,False,,,0,0d9e5fdba57c30b9b0e238876011815027bab365040d0c605f74fba1987f67c5,b45f6d311a33a790cfe03615f347a4626e5c0a6412309c39e4d07882f98a09c0,770c3d348365b7f744f2eaee964b61cc57615c10f8ca9a47a061ac03ee1c343e
cath663,3it4D,3it4,D,sword2-rust,factorized,factorized-accuracy,,,False,0,0.21439186204224825,11200,"[""/home/chili/cretin/PROJECTS/SWORD2/target/release/sword2"",""-i"",""/home/chili/cretin/PROJECTS/SWORD2/benchmark/cache/chains/3it4D.pdb"",""-o"",""/home/chili/cretin/PROJECTS/SWORD2/benchmark/results_factorized_locked_model_attempt6/raw/sword2-rust/3it4D"",""-j"",""1"",""--use-factorized-ranker""]","[""<binary>"",""-i"",""<input_structure>"",""-o"",""<process_output>"",""-j"",""1"",""--use-factorized-ranker""]",repository_root,2c01372d274cebac0ebf054d6f334356534bda7e71045fd90532f9e546fc0827,raw/sword2-rust/3it4D/3it4D_D/summary.json,55abe08e4d70e45e674e37782a8e8ee1bdea558fc4b068d70ebed5e6c904db83,e3b0c44298fc1c149afbf4c8996fb92427ae41e4649b934ca495991b7852b855,448cf2b2262e2d6b67128f4e6d56fbb9b4052f707a0b3abca85df6752a88ad7c,696355a5d230f7607fccf47600c3149601c3fe872aaebc65fde3ff9da7d61f28,factorized,factorized,False,,,0,0d9e5fdba57c30b9b0e238876011815027bab365040d0c605f74fba1987f67c5,b45f6d311a33a790cfe03615f347a4626e5c0a6412309c39e4d07882f98a09c0,770c3d348365b7f744f2eaee964b61cc57615c10f8ca9a47a061ac03ee1c343e
cath663,3iv7A,3iv7,A,sword2-rust,factorized,factorized-accuracy,,,False,0,0.6338235102593899,18568,"[""/home/chili/cretin/PROJECTS/SWORD2/target/release/sword2"",""-i"",""/home/chili/cretin/PROJECTS/SWORD2/benchmark/cache/chains/3iv7A.pdb"",""-o"",""/home/chili/cretin/PROJECTS/SWORD2/benchmark/results_factorized_locked_model_attempt6/raw/sword2-rust/3iv7A"",""-j"",""1"",""--use-factorized-ranker""]","[""<binary>"",""-i"",""<input_structure>"",""-o"",""<process_output>"",""-j"",""1"",""--use-factorized-ranker""]",repository_root,dc9f878587a7d3f0319b28e03354e29982f57127a90c4fd1d253bf7d533fc452,raw/sword2-rust/3iv7A/3iv7A_A/summary.json,a610d4f30d36ef562f1bf651d0a070d9a27f2dfb9a7d1fdf1b970ff77440d303,e3b0c44298fc1c149afbf4c8996fb92427ae41e4649b934ca495991b7852b855,3379f8119ca779c67adbb9640f7b09672901f031cb9af2e0cdbb534715d696b3,696355a5d230f7607fccf47600c3149601c3fe872aaebc65fde3ff9da7d61f28,factorized,factorized,False,,,0,0d9e5fdba57c30b9b0e238876011815027bab365040d0c605f74fba1987f67c5,b45f6d311a33a790cfe03615f347a4626e5c0a6412309c39e4d07882f98a09c0,770c3d348365b7f744f2eaee964b61cc57615c10f8ca9a47a061ac03ee1c343e
cath663,3jpzA,3jpz,A,sword2-rust,factorized,factorized-accuracy,,,False,0,0.762611678801477,23720,"[""/home/chili/cretin/PROJECTS/SWORD2/target/release/sword2"",""-i"",""/home/chili/cretin/PROJECTS/SWORD2/benchmark/cache/chains/3jpzA.pdb"",""-o"",""/home/chili/cretin/PROJECTS/SWORD2/benchmark/results_factorized_locked_model_attempt6/raw/sword2-rust/3jpzA"",""-j"",""1"",""--use-factorized-ranker""]","[""<binary>"",""-i"",""<input_structure>"",""-o"",""<process_output>"",""-j"",""1"",""--use-factorized-ranker""]",repository_root,435877b382bbea793090a152db52a57b04dad48114214af56fd2e97db90c979b,raw/sword2-rust/3jpzA/3jpzA_A/summary.json,7b8fb49fd3e1dda7aa58d24d07fd17abcb1dc1495dcddb386b29af43bc796fa1,e3b0c44298fc1c149afbf4c8996fb92427ae41e4649b934ca495991b7852b855,a9e641c8e3e87c984324353d64ddc9a6b00a7ae53b7da04905a5e0fd92eda2ad,696355a5d230f7607fccf47600c3149601c3fe872aaebc65fde3ff9da7d61f28,factorized,factorized,False,,,0,0d9e5fdba57c30b9b0e238876011815027bab365040d0c605f74fba1987f67c5,b45f6d311a33a790cfe03615f347a4626e5c0a6412309c39e4d07882f98a09c0,770c3d348365b7f744f2eaee964b61cc57615c10f8ca9a47a061ac03ee1c343e
cath663,3jszA,3jsz,A,sword2-rust,factorized,factorized-accuracy,,,False,0,1.203117303084582,34900,"[""/home/chili/cretin/PROJECTS/SWORD2/target/release/sword2"",""-i"",""/home/chili/cretin/PROJECTS/SWORD2/benchmark/cache/chains/3jszA.pdb"",""-o"",""/home/chili/cretin/PROJECTS/SWORD2/benchmark/results_factorized_locked_model_attempt6/raw/sword2-rust/3jszA"",""-j"",""1"",""--use-factorized-ranker""]","[""<binary>"",""-i"",""<input_structure>"",""-o"",""<process_output>"",""-j"",""1"",""--use-factorized-ranker""]",repository_root,0b7e07c0572ff18dad575d8a9e558b351e96cd3a7d1fa2ab1dc6b8fa68608bb0,raw/sword2-rust/3jszA/3jszA_A/summary.json,5a7d086e71faba5e734c04865d7d661e05ca161fbf7b0bb7c917c15554b6ed3b,e3b0c44298fc1c149afbf4c8996fb92427ae41e4649b934ca495991b7852b855,6addc6e6f4ba5c11d842dac045da5a34cf0fd056e178a08e1c7a9ba60c487fed,696355a5d230f7607fccf47600c3149601c3fe872aaebc65fde3ff9da7d61f28,factorized,factorized,False,,,0,0d9e5fdba57c30b9b0e238876011815027bab365040d0c605f74fba1987f67c5,b45f6d311a33a790cfe03615f347a4626e5c0a6412309c39e4d07882f98a09c0,770c3d348365b7f744f2eaee964b61cc57615c10f8ca9a47a061ac03ee1c343e
cath663,3ju5A,3ju5,A,sword2-rust,factorized,factorized-accuracy,,,False,0,0.8205684628337622,21028,"[""/home/chili/cretin/PROJECTS/SWORD2/target/release/sword2"",""-i"",""/home/chili/cretin/PROJECTS/SWORD2/benchmark/cache/chains/3ju5A.pdb"",""-o"",""/home/chili/cretin/PROJECTS/SWORD2/benchmark/results_factorized_locked_model_attempt6/raw/sword2-rust/3ju5A"",""-j"",""1"",""--use-factorized-ranker""]","[""<binary>"",""-i"",""<input_structure>"",""-o"",""<process_output>"",""-j"",""1"",""--use-factorized-ranker""]",repository_root,5d338c180bb638b0f754cdad67a5c2a8b7fcd0d68261434faa17d9e102b17071,raw/sword2-rust/3ju5A/3ju5A_A/summary.json,70a4787068be6dda399163948f1b8586495702c1c346afe89d3850283bcbf660,e3b0c44298fc1c149afbf4c8996fb92427ae41e4649b934ca495991b7852b855,fdc921640319478a150e82b13e29aa974f94667d6e8337de9d350cc283c78528,696355a5d230f7607fccf47600c3149601c3fe872aaebc65fde3ff9da7d61f28,factorized,factorized,False,,,0,0d9e5fdba57c30b9b0e238876011815027bab365040d0c605f74fba1987f67c5,b45f6d311a33a790cfe03615f347a4626e5c0a6412309c39e4d07882f98a09c0,770c3d348365b7f744f2eaee964b61cc57615c10f8ca9a47a061ac03ee1c343e
cath663,3ju5C,3ju5,C,sword2-rust,factorized,factorized-accuracy,,,False,0,0.6835298459045589,21436,"[""/home/chili/cretin/PROJECTS/SWORD2/target/release/sword2"",""-i"",""/home/chili/cretin/PROJECTS/SWORD2/benchmark/cache/chains/3ju5C.pdb"",""-o"",""/home/chili/cretin/PROJECTS/SWORD2/benchmark/results_factorized_locked_model_attempt6/raw/sword2-rust/3ju5C"",""-j"",""1"",""--use-factorized-ranker""]","[""<binary>"",""-i"",""<input_structure>"",""-o"",""<process_output>"",""-j"",""1"",""--use-factorized-ranker""]",repository_root,abe49c7677c96061b9a397af173a32e2e0a918bb78a9b4e143dc734bd9fbd8ae,raw/sword2-rust/3ju5C/3ju5C_C/summary.json,e6aa2f487976f023f146155ca62c29e9338758230871a02e3d25564dca6dec18,e3b0c44298fc1c149afbf4c8996fb92427ae41e4649b934ca495991b7852b855,0b35bb3cb7cec1a7968226fe218f923de8911f2a9dc631645d7172762351a7db,696355a5d230f7607fccf47600c3149601c3fe872aaebc65fde3ff9da7d61f28,factorized,factorized,False,,,0,0d9e5fdba57c30b9b0e238876011815027bab365040d0c605f74fba1987f67c5,b45f6d311a33a790cfe03615f347a4626e5c0a6412309c39e4d07882f98a09c0,770c3d348365b7f744f2eaee964b61cc57615c10f8ca9a47a061ac03ee1c343e
cath663,3jzdA,3jzd,A,sword2-rust,factorized,factorized-accuracy,,,False,0,0.5839572977274656,19216,"[""/home/chili/cretin/PROJECTS/SWORD2/target/release/sword2"",""-i"",""/home/chili/cretin/PROJECTS/SWORD2/benchmark/cache/chains/3jzdA.pdb"",""-o"",""/home/chili/cretin/PROJECTS/SWORD2/benchmark/results_factorized_locked_model_attempt6/raw/sword2-rust/3jzdA"",""-j"",""1"",""--use-factorized-ranker""]","[""<binary>"",""-i"",""<input_structure>"",""-o"",""<process_output>"",""-j"",""1"",""--use-factorized-ranker""]",repository_root,e3ca4eca6fceb9a4ac2f59c270f1dbc6b21c156ab675222fcd2d4986221f35b8,raw/sword2-rust/3jzdA/3jzdA_A/summary.json,c3acb52e9cd0dbf28debbd907001f911bce71d4755eba006a21fdebd1776e63e,e3b0c44298fc1c149afbf4c8996fb92427ae41e4649b934ca495991b7852b855,747256429891c4051933f0cab4eeac6471f7a9c7ed6b78262e72f1adb5e78f6c,696355a5d230f7607fccf47600c3149601c3fe872aaebc65fde3ff9da7d61f28,factorized,factorized,False,,,0,0d9e5fdba57c30b9b0e238876011815027bab365040d0c605f74fba1987f67c5,b45f6d311a33a790cfe03615f347a4626e5c0a6412309c39e4d07882f98a09c0,770c3d348365b7f744f2eaee964b61cc57615c10f8ca9a47a061ac03ee1c343e
cath663,3k0yA,3k0y,A,sword2-rust,factorized,factorized-accuracy,,,False,0,0.25541740795597434,10880,"[""/home/chili/cretin/PROJECTS/SWORD2/target/release/sword2"",""-i"",""/home/chili/cretin/PROJECTS/SWORD2/benchmark/cache/chains/3k0yA.pdb"",""-o"",""/home/chili/cretin/PROJECTS/SWORD2/benchmark/results_factorized_locked_model_attempt6/raw/sword2-rust/3k0yA"",""-j"",""1"",""--use-factorized-ranker""]","[""<binary>"",""-i"",""<input_structure>"",""-o"",""<process_output>"",""-j"",""1"",""--use-factorized-ranker""]",repository_root,2aa84bd9920a2e3e98b8444b71073050054a79da6a9a87a125dbc9e6c59bd4c8,raw/sword2-rust/3k0yA/3k0yA_A/summary.json,927bbf7db40dbd90d5c8ec26c9a648ee03a2f2af92ab4657469f0168bdb6a57c,e3b0c44298fc1c149afbf4c8996fb92427ae41e4649b934ca495991b7852b855,8dc3d632a1bc1db49f5465272a2e5c74f61083f915d0832d630b785ff2246242,696355a5d230f7607fccf47600c3149601c3fe872aaebc65fde3ff9da7d61f28,factorized,factorized,False,,,0,0d9e5fdba57c30b9b0e238876011815027bab365040d0c605f74fba1987f67c5,b45f6d311a33a790cfe03615f347a4626e5c0a6412309c39e4d07882f98a09c0,770c3d348365b7f744f2eaee964b61cc57615c10f8ca9a47a061ac03ee1c343e
cath663,3k6oA,3k6o,A,sword2-rust,factorized,factorized-accuracy,,,False,0,0.17808315670117736,10796,"[""/home/chili/cretin/PROJECTS/SWORD2/target/release/sword2"",""-i"",""/home/chili/cretin/PROJECTS/SWORD2/benchmark/cache/chains/3k6oA.pdb"",""-o"",""/home/chili/cretin/PROJECTS/SWORD2/benchmark/results_factorized_locked_model_attempt6/raw/sword2-rust/3k6oA"",""-j"",""1"",""--use-factorized-ranker""]","[""<binary>"",""-i"",""<input_structure>"",""-o"",""<process_output>"",""-j"",""1"",""--use-factorized-ranker""]",repository_root,b9321962d247db209384c9adc9c3685faac9a108e067d54ccdb6dc456b49a115,raw/sword2-rust/3k6oA/3k6oA_A/summary.json,df0e377fd04f70f21761873ca2c0c83c1171e21a9d80c022b763bc8fb37b2c93,e3b0c44298fc1c149afbf4c8996fb92427ae41e4649b934ca495991b7852b855,e55b6f0f16ce8923e157c8b37a85f0ed8e0c67de711745e034168dbaa6f70c78,696355a5d230f7607fccf47600c3149601c3fe872aaebc65fde3ff9da7d61f28,factorized,factorized,False,,,0,0d9e5fdba57c30b9b0e238876011815027bab365040d0c605f74fba1987f67c5,b45f6d311a33a790cfe03615f347a4626e5c0a6412309c39e4d07882f98a09c0,770c3d348365b7f744f2eaee964b61cc57615c10f8ca9a47a061ac03ee1c343e
cath663,3kdrA,3kdr,A,sword2-rust,factorized,factorized-accuracy,,,False,0,0.49125874089077115,13356,"[""/home/chili/cretin/PROJECTS/SWORD2/target/release/sword2"",""-i"",""/home/chili/cretin/PROJECTS/SWORD2/benchmark/cache/chains/3kdrA.pdb"",""-o"",""/home/chili/cretin/PROJECTS/SWORD2/benchmark/results_factorized_locked_model_attempt6/raw/sword2-rust/3kdrA"",""-j"",""1"",""--use-factorized-ranker""]","[""<binary>"",""-i"",""<input_structure>"",""-o"",""<process_output>"",""-j"",""1"",""--use-factorized-ranker""]",repository_root,c3156c26ecec40374cd249bc19348356c638033d3ec98d36633fa73231d22da7,raw/sword2-rust/3kdrA/3kdrA_A/summary.json,6d41468722cf4bb87a972514b92bea2344acede4a74d598c775cdc1cbb29e12b,e3b0c44298fc1c149afbf4c8996fb92427ae41e4649b934ca495991b7852b855,0d8c17c39491ad533841834caf97a858297d5fc4bb0517ec747d7ff82fdb24d9,696355a5d230f7607fccf47600c3149601c3fe872aaebc65fde3ff9da7d61f28,factorized,factorized,False,,,0,0d9e5fdba57c30b9b0e238876011815027bab365040d0c605f74fba1987f67c5,b45f6d311a33a790cfe03615f347a4626e5c0a6412309c39e4d07882f98a09c0,770c3d348365b7f744f2eaee964b61cc57615c10f8ca9a47a061ac03ee1c343e
cath663,3l2dB,3l2d,B,sword2-rust,factorized,factorized-accuracy,,,False,0,0.80091268196702,22688,"[""/home/chili/cretin/PROJECTS/SWORD2/target/release/sword2"",""-i"",""/home/chili/cretin/PROJECTS/SWORD2/benchmark/cache/chains/3l2dB.pdb"",""-o"",""/home/chili/cretin/PROJECTS/SWORD2/benchmark/results_factorized_locked_model_attempt6/raw/sword2-rust/3l2dB"",""-j"",""1"",""--use-factorized-ranker""]","[""<binary>"",""-i"",""<input_structure>"",""-o"",""<process_output>"",""-j"",""1"",""--use-factorized-ranker""]",repository_root,350d5410fc166d5f5954bb1bff6926180038e0e3171e03ed5afa698d7628016e,raw/sword2-rust/3l2dB/3l2dB_B/summary.json,4a338dd09750ae307c0a26079ef917a115c58c7bbce4382b8a80efd77859264e,e3b0c44298fc1c149afbf4c8996fb92427ae41e4649b934ca495991b7852b855,6585e7653be77c56f06a940eb5271beb5eb44c332059a4704db5a6d42ca2574c,696355a5d230f7607fccf47600c3149601c3fe872aaebc65fde3ff9da7d61f28,factorized,factorized,False,,,0,0d9e5fdba57c30b9b0e238876011815027bab365040d0c605f74fba1987f67c5,b45f6d311a33a790cfe03615f347a4626e5c0a6412309c39e4d07882f98a09c0,770c3d348365b7f744f2eaee964b61cc57615c10f8ca9a47a061ac03ee1c343e
cath663,3l2eA,3l2e,A,sword2-rust,factorized,factorized-accuracy,,,False,0,0.7043594168499112,22212,"[""/home/chili/cretin/PROJECTS/SWORD2/target/release/sword2"",""-i"",""/home/chili/cretin/PROJECTS/SWORD2/benchmark/cache/chains/3l2eA.pdb"",""-o"",""/home/chili/cretin/PROJECTS/SWORD2/benchmark/results_factorized_locked_model_attempt6/raw/sword2-rust/3l2eA"",""-j"",""1"",""--use-factorized-ranker""]","[""<binary>"",""-i"",""<input_structure>"",""-o"",""<process_output>"",""-j"",""1"",""--use-factorized-ranker""]",repository_root,220c24942e774c5208c291796948e9fb167938de170378574d0cadcc867d739e,raw/sword2-rust/3l2eA/3l2eA_A/summary.json,3480c5b7d25167b8bbf08a81f567039912243752f936383274cf36e7662bb870,e3b0c44298fc1c149afbf4c8996fb92427ae41e4649b934ca495991b7852b855,12d12588f6994754cc5c2e14b462b84c2ca8c1b6a5dd7dc262059aa33e34e91d,696355a5d230f7607fccf47600c3149601c3fe872aaebc65fde3ff9da7d61f28,factorized,factorized,False,,,0,0d9e5fdba57c30b9b0e238876011815027bab365040d0c605f74fba1987f67c5,b45f6d311a33a790cfe03615f347a4626e5c0a6412309c39e4d07882f98a09c0,770c3d348365b7f744f2eaee964b61cc57615c10f8ca9a47a061ac03ee1c343e
cath663,3lhsA,3lhs,A,sword2-rust,factorized,factorized-accuracy,,,False,0,0.45941719226539135,13764,"[""/home/chili/cretin/PROJECTS/SWORD2/target/release/sword2"",""-i"",""/home/chili/cretin/PROJECTS/SWORD2/benchmark/cache/chains/3lhsA.pdb"",""-o"",""/home/chili/cretin/PROJECTS/SWORD2/benchmark/results_factorized_locked_model_attempt6/raw/sword2-rust/3lhsA"",""-j"",""1"",""--use-factorized-ranker""]","[""<binary>"",""-i"",""<input_structure>"",""-o"",""<process_output>"",""-j"",""1"",""--use-factorized-ranker""]",repository_root,39f5922c533665892a1d74f0186e4b7d2a75d8e652c82ccee240cd215e766f46,raw/sword2-rust/3lhsA/3lhsA_A/summary.json,a91bf979ceb029237b8a14f22e273c05a268018c499b766bdea2bc5538efd984,e3b0c44298fc1c149afbf4c8996fb92427ae41e4649b934ca495991b7852b855,2d10c6c7bdc3ac4566ca7a273b25e5df328baa430f23db6cf87532d13e0586b2,696355a5d230f7607fccf47600c3149601c3fe872aaebc65fde3ff9da7d61f28,factorized,factorized,False,,,0,0d9e5fdba57c30b9b0e238876011815027bab365040d0c605f74fba1987f67c5,b45f6d311a33a790cfe03615f347a4626e5c0a6412309c39e4d07882f98a09c0,770c3d348365b7f744f2eaee964b61cc57615c10f8ca9a47a061ac03ee1c343e
cath663,3loyA,3loy,A,sword2-rust,factorized,factorized-accuracy,,,False,0,1.8645373419858515,65476,"[""/home/chili/cretin/PROJECTS/SWORD2/target/release/sword2"",""-i"",""/home/chili/cretin/PROJECTS/SWORD2/benchmark/cache/chains/3loyA.pdb"",""-o"",""/home/chili/cretin/PROJECTS/SWORD2/benchmark/results_factorized_locked_model_attempt6/raw/sword2-rust/3loyA"",""-j"",""1"",""--use-factorized-ranker""]","[""<binary>"",""-i"",""<input_structure>"",""-o"",""<process_output>"",""-j"",""1"",""--use-factorized-ranker""]",repository_root,cf735b519a1a071b4de07fc4c634c5af48d4487a42e8c015240f0639aeb86ea1,raw/sword2-rust/3loyA/3loyA_A/summary.json,98fb118923d6e14182431b117cfcaa2b5b8cf5550885c134c098531aad6e5406,e3b0c44298fc1c149afbf4c8996fb92427ae41e4649b934ca495991b7852b855,8ab0ae7707274de1affc3eb22255666cfc5e57ee90e3b0642210eb7a5cc3d37a,696355a5d230f7607fccf47600c3149601c3fe872aaebc65fde3ff9da7d61f28,factorized,factorized,False,,,0,0d9e5fdba57c30b9b0e238876011815027bab365040d0c605f74fba1987f67c5,b45f6d311a33a790cfe03615f347a4626e5c0a6412309c39e4d07882f98a09c0,770c3d348365b7f744f2eaee964b61cc57615c10f8ca9a47a061ac03ee1c343e
cath663,3m1mA,3m1m,A,sword2-rust,factorized,factorized-accuracy,,,False,0,0.5664455080404878,17512,"[""/home/chili/cretin/PROJECTS/SWORD2/target/release/sword2"",""-i"",""/home/chili/cretin/PROJECTS/SWORD2/benchmark/cache/chains/3m1mA.pdb"",""-o"",""/home/chili/cretin/PROJECTS/SWORD2/benchmark/results_factorized_locked_model_attempt6/raw/sword2-rust/3m1mA"",""-j"",""1"",""--use-factorized-ranker""]","[""<binary>"",""-i"",""<input_structure>"",""-o"",""<process_output>"",""-j"",""1"",""--use-factorized-ranker""]",repository_root,bff032f98e735c51a1a7c5a5a920b91bbfdb070caa8442eacbf56387b5c8d836,raw/sword2-rust/3m1mA/3m1mA_A/summary.json,7e6f6d2b71ea0edb1e71b82c5cbb9e1b45ace88a7dc54941b879ec0aed33a4a1,e3b0c44298fc1c149afbf4c8996fb92427ae41e4649b934ca495991b7852b855,34f292fe78e6bc1267f7c40159a835d608a9f544da01166cd517cb93582af33a,696355a5d230f7607fccf47600c3149601c3fe872aaebc65fde3ff9da7d61f28,factorized,factorized,False,,,0,0d9e5fdba57c30b9b0e238876011815027bab365040d0c605f74fba1987f67c5,b45f6d311a33a790cfe03615f347a4626e5c0a6412309c39e4d07882f98a09c0,770c3d348365b7f744f2eaee964b61cc57615c10f8ca9a47a061ac03ee1c343e
cath663,3m7gA,3m7g,A,sword2-rust,factorized,factorized-accuracy,,,False,0,0.5804142919369042,14272,"[""/home/chili/cretin/PROJECTS/SWORD2/target/release/sword2"",""-i"",""/home/chili/cretin/PROJECTS/SWORD2/benchmark/cache/chains/3m7gA.pdb"",""-o"",""/home/chili/cretin/PROJECTS/SWORD2/benchmark/results_factorized_locked_model_attempt6/raw/sword2-rust/3m7gA"",""-j"",""1"",""--use-factorized-ranker""]","[""<binary>"",""-i"",""<input_structure>"",""-o"",""<process_output>"",""-j"",""1"",""--use-factorized-ranker""]",repository_root,248fd945c8295d44069edb787271ad3d326bf22e3bc17d6bd99c3f4266963e15,raw/sword2-rust/3m7gA/3m7gA_A/summary.json,6ee82bd47fc0d08f8ccb826db851d4f9e81ccbd72db1ae28e2a7bc6220107a53,e3b0c44298fc1c149afbf4c8996fb92427ae41e4649b934ca495991b7852b855,8e3b1ba2f2821635cc3bdac2d0d1ece84588e582b26b4d648caf3407276c9c35,696355a5d230f7607fccf47600c3149601c3fe872aaebc65fde3ff9da7d61f28,factorized,factorized,False,,,0,0d9e5fdba57c30b9b0e238876011815027bab365040d0c605f74fba1987f67c5,b45f6d311a33a790cfe03615f347a4626e5c0a6412309c39e4d07882f98a09c0,770c3d348365b7f744f2eaee964b61cc57615c10f8ca9a47a061ac03ee1c343e
cath663,3md9A,3md9,A,sword2-rust,factorized,factorized-accuracy,,,False,0,0.45274193678051233,12636,"[""/home/chili/cretin/PROJECTS/SWORD2/target/release/sword2"",""-i"",""/home/chili/cretin/PROJECTS/SWORD2/benchmark/cache/chains/3md9A.pdb"",""-o"",""/home/chili/cretin/PROJECTS/SWORD2/benchmark/results_factorized_locked_model_attempt6/raw/sword2-rust/3md9A"",""-j"",""1"",""--use-factorized-ranker""]","[""<binary>"",""-i"",""<input_structure>"",""-o"",""<process_output>"",""-j"",""1"",""--use-factorized-ranker""]",repository_root,9327bf449c03b1c8d2675e2d11c4bb1e8f329a40de1f2a536a6d7a7cfcfad2c2,raw/sword2-rust/3md9A/3md9A_A/summary.json,89f48355a3be2094aef5e8d7a04a4db241b861b47e6504ef76fbd21e75f7d223,e3b0c44298fc1c149afbf4c8996fb92427ae41e4649b934ca495991b7852b855,4e268c6135b105618443288d78bf9948fad082c273e70645a2ee2831b795d77d,696355a5d230f7607fccf47600c3149601c3fe872aaebc65fde3ff9da7d61f28,factorized,factorized,False,,,0,0d9e5fdba57c30b9b0e238876011815027bab365040d0c605f74fba1987f67c5,b45f6d311a33a790cfe03615f347a4626e5c0a6412309c39e4d07882f98a09c0,770c3d348365b7f744f2eaee964b61cc57615c10f8ca9a47a061ac03ee1c343e
cath663,3mfqA,3mfq,A,sword2-rust,factorized,factorized-accuracy,,,False,0,0.4875060962513089,15304,"[""/home/chili/cretin/PROJECTS/SWORD2/target/release/sword2"",""-i"",""/home/chili/cretin/PROJECTS/SWORD2/benchmark/cache/chains/3mfqA.pdb"",""-o"",""/home/chili/cretin/PROJECTS/SWORD2/benchmark/results_factorized_locked_model_attempt6/raw/sword2-rust/3mfqA"",""-j"",""1"",""--use-factorized-ranker""]","[""<binary>"",""-i"",""<input_structure>"",""-o"",""<process_output>"",""-j"",""1"",""--use-factorized-ranker""]",repository_root,319949363d690307d11b38c53bdc13a18d90d9c9a524bdb7ceb19170ffa298aa,raw/sword2-rust/3mfqA/3mfqA_A/summary.json,e78f015a4a25efc7a9fc42304ac4787d730d713da5eb896bac6a884ec9e6560b,e3b0c44298fc1c149afbf4c8996fb92427ae41e4649b934ca495991b7852b855,36f3940a150d7ded3b04e8f71b3252781425391080d841f37e2cfdac1de23eb7,696355a5d230f7607fccf47600c3149601c3fe872aaebc65fde3ff9da7d61f28,factorized,factorized,False,,,0,0d9e5fdba57c30b9b0e238876011815027bab365040d0c605f74fba1987f67c5,b45f6d311a33a790cfe03615f347a4626e5c0a6412309c39e4d07882f98a09c0,770c3d348365b7f744f2eaee964b61cc57615c10f8ca9a47a061ac03ee1c343e
cath663,3msuA,3msu,A,sword2-rust,factorized,factorized-accuracy,,,False,0,1.04666393622756,31984,"[""/home/chili/cretin/PROJECTS/SWORD2/target/release/sword2"",""-i"",""/home/chili/cretin/PROJECTS/SWORD2/benchmark/cache/chains/3msuA.pdb"",""-o"",""/home/chili/cretin/PROJECTS/SWORD2/benchmark/results_factorized_locked_model_attempt6/raw/sword2-rust/3msuA"",""-j"",""1"",""--use-factorized-ranker""]","[""<binary>"",""-i"",""<input_structure>"",""-o"",""<process_output>"",""-j"",""1"",""--use-factorized-ranker""]",repository_root,96e2b258b7f3665a58ae3b22d54623accfc3c1073568dfcbd7a3334c215c3991,raw/sword2-rust/3msuA/3msuA_A/summary.json,0277d82787e610bd689ae5e52ce0787bc1eb2fb7847074b52ab3f7a9d73025c5,e3b0c44298fc1c149afbf4c8996fb92427ae41e4649b934ca495991b7852b855,2935d76861267a6898406cb6a7a2389068d14112eeb7ca008c4a18731a9d3791,696355a5d230f7607fccf47600c3149601c3fe872aaebc65fde3ff9da7d61f28,factorized,factorized,False,,,0,0d9e5fdba57c30b9b0e238876011815027bab365040d0c605f74fba1987f67c5,b45f6d311a33a790cfe03615f347a4626e5c0a6412309c39e4d07882f98a09c0,770c3d348365b7f744f2eaee964b61cc57615c10f8ca9a47a061ac03ee1c343e
cath663,3msuB,3msu,B,sword2-rust,factorized,factorized-accuracy,,,False,0,0.9709227127023041,32748,"[""/home/chili/cretin/PROJECTS/SWORD2/target/release/sword2"",""-i"",""/home/chili/cretin/PROJECTS/SWORD2/benchmark/cache/chains/3msuB.pdb"",""-o"",""/home/chili/cretin/PROJECTS/SWORD2/benchmark/results_factorized_locked_model_attempt6/raw/sword2-rust/3msuB"",""-j"",""1"",""--use-factorized-ranker""]","[""<binary>"",""-i"",""<input_structure>"",""-o"",""<process_output>"",""-j"",""1"",""--use-factorized-ranker""]",repository_root,88fda9293da85b05621c62ba8e137f82bcc7c338fe5b56601b5e0b68320e2090,raw/sword2-rust/3msuB/3msuB_B/summary.json,9cec86c8a6d8ee9c146915496a57b11dd4ce6d32351fe3c4d8f236c08159f4a3,e3b0c44298fc1c149afbf4c8996fb92427ae41e4649b934ca495991b7852b855,c111f517159be9574816fd2f36e901e61bca7cab372028295f88acbfab4271f4,696355a5d230f7607fccf47600c3149601c3fe872aaebc65fde3ff9da7d61f28,factorized,factorized,False,,,0,0d9e5fdba57c30b9b0e238876011815027bab365040d0c605f74fba1987f67c5,b45f6d311a33a790cfe03615f347a4626e5c0a6412309c39e4d07882f98a09c0,770c3d348365b7f744f2eaee964b61cc57615c10f8ca9a47a061ac03ee1c343e
cath663,3mwfA,3mwf,A,sword2-rust,factorized,factorized-accuracy,,,False,0,0.4386640377342701,12644,"[""/home/chili/cretin/PROJECTS/SWORD2/target/release/sword2"",""-i"",""/home/chili/cretin/PROJECTS/SWORD2/benchmark/cache/chains/3mwfA.pdb"",""-o"",""/home/chili/cretin/PROJECTS/SWORD2/benchmark/results_factorized_locked_model_attempt6/raw/sword2-rust/3mwfA"",""-j"",""1"",""--use-factorized-ranker""]","[""<binary>"",""-i"",""<input_structure>"",""-o"",""<process_output>"",""-j"",""1"",""--use-factorized-ranker""]",repository_root,55c0e76ca49d13d7216b95a98b60babdb11e265d5cd16f194cae35399679fd60,raw/sword2-rust/3mwfA/3mwfA_A/summary.json,27b21e40687ff3646a146efd8535d4514b3fe121b3799206a809989ee587b507,e3b0c44298fc1c149afbf4c8996fb92427ae41e4649b934ca495991b7852b855,9540c0629e2886a155c9b2b80ccdf49e88044c1a4e0275c47908e150009df8b4,696355a5d230f7607fccf47600c3149601c3fe872aaebc65fde3ff9da7d61f28,factorized,factorized,False,,,0,0d9e5fdba57c30b9b0e238876011815027bab365040d0c605f74fba1987f67c5,b45f6d311a33a790cfe03615f347a4626e5c0a6412309c39e4d07882f98a09c0,770c3d348365b7f744f2eaee964b61cc57615c10f8ca9a47a061ac03ee1c343e
cath663,3mxaA,3mxa,A,sword2-rust,factorized,factorized-accuracy,,,False,0,0.3847180320881307,13992,"[""/home/chili/cretin/PROJECTS/SWORD2/target/release/sword2"",""-i"",""/home/chili/cretin/PROJECTS/SWORD2/benchmark/cache/chains/3mxaA.pdb"",""-o"",""/home/chili/cretin/PROJECTS/SWORD2/benchmark/results_factorized_locked_model_attempt6/raw/sword2-rust/3mxaA"",""-j"",""1"",""--use-factorized-ranker""]","[""<binary>"",""-i"",""<input_structure>"",""-o"",""<process_output>"",""-j"",""1"",""--use-factorized-ranker""]",repository_root,a6e0580593232cdb209779cccb3e067d5eb12b04a9bb402fca7d24040da8b18e,raw/sword2-rust/3mxaA/3mxaA_A/summary.json,25fe18fe623f08ff3b95ba6e84265e95898eb1282ab88553968cae748a60b543,e3b0c44298fc1c149afbf4c8996fb92427ae41e4649b934ca495991b7852b855,615370eb149540cef94d6598f2e86ad8d89a800402cb37d6a93371bf86fa3dee,696355a5d230f7607fccf47600c3149601c3fe872aaebc65fde3ff9da7d61f28,factorized,factorized,False,,,0,0d9e5fdba57c30b9b0e238876011815027bab365040d0c605f74fba1987f67c5,b45f6d311a33a790cfe03615f347a4626e5c0a6412309c39e4d07882f98a09c0,770c3d348365b7f744f2eaee964b61cc57615c10f8ca9a47a061ac03ee1c343e
cath663,3n6xA,3n6x,A,sword2-rust,factorized,factorized-accuracy,,,False,0,0.8911781739443541,25252,"[""/home/chili/cretin/PROJECTS/SWORD2/target/release/sword2"",""-i"",""/home/chili/cretin/PROJECTS/SWORD2/benchmark/cache/chains/3n6xA.pdb"",""-o"",""/home/chili/cretin/PROJECTS/SWORD2/benchmark/results_factorized_locked_model_attempt6/raw/sword2-rust/3n6xA"",""-j"",""1"",""--use-factorized-ranker""]","[""<binary>"",""-i"",""<input_structure>"",""-o"",""<process_output>"",""-j"",""1"",""--use-factorized-ranker""]",repository_root,53d7015eacccf2f1298898eca138d94d58557987d8d2bdca0907cf61d3dddb49,raw/sword2-rust/3n6xA/3n6xA_A/summary.json,fb52fbc585bc34b7ecde04ebd0967a7095f79db6534cb76ea36e57f2cf606afa,e3b0c44298fc1c149afbf4c8996fb92427ae41e4649b934ca495991b7852b855,dfa31ec4013b2cbd0f19b3010dd82a8658304e61eb176d6371104c3034678ef9,696355a5d230f7607fccf47600c3149601c3fe872aaebc65fde3ff9da7d61f28,factorized,factorized,False,,,0,0d9e5fdba57c30b9b0e238876011815027bab365040d0c605f74fba1987f67c5,b45f6d311a33a790cfe03615f347a4626e5c0a6412309c39e4d07882f98a09c0,770c3d348365b7f744f2eaee964b61cc57615c10f8ca9a47a061ac03ee1c343e
cath663,3nb2A,3nb2,A,sword2-rust,factorized,factorized-accuracy,,,False,0,0.7312645521014929,27228,"[""/home/chili/cretin/PROJECTS/SWORD2/target/release/sword2"",""-i"",""/home/chili/cretin/PROJECTS/SWORD2/benchmark/cache/chains/3nb2A.pdb"",""-o"",""/home/chili/cretin/PROJECTS/SWORD2/benchmark/results_factorized_locked_model_attempt6/raw/sword2-rust/3nb2A"",""-j"",""1"",""--use-factorized-ranker""]","[""<binary>"",""-i"",""<input_structure>"",""-o"",""<process_output>"",""-j"",""1"",""--use-factorized-ranker""]",repository_root,d12cc3051103da9ebacfa36931e74cbf1769d4f8c3ecb9a2d52cebcc32e0d43b,raw/sword2-rust/3nb2A/3nb2A_A/summary.json,b2469a72d373804753f03d5e486d9f8913ee6c017e94f89b675fdc8d4bf7f740,e3b0c44298fc1c149afbf4c8996fb92427ae41e4649b934ca495991b7852b855,8a8f3c91fe2e95fdada2ec5973c2bad3704a50bab1a67f0654ba83504bc6cb26,696355a5d230f7607fccf47600c3149601c3fe872aaebc65fde3ff9da7d61f28,factorized,factorized,False,,,0,0d9e5fdba57c30b9b0e238876011815027bab365040d0c605f74fba1987f67c5,b45f6d311a33a790cfe03615f347a4626e5c0a6412309c39e4d07882f98a09c0,770c3d348365b7f744f2eaee964b61cc57615c10f8ca9a47a061ac03ee1c343e
cath663,3ng0A,3ng0,A,sword2-rust,factorized,factorized-accuracy,,,False,0,1.4190314430743456,40764,"[""/home/chili/cretin/PROJECTS/SWORD2/target/release/sword2"",""-i"",""/home/chili/cretin/PROJECTS/SWORD2/benchmark/cache/chains/3ng0A.pdb"",""-o"",""/home/chili/cretin/PROJECTS/SWORD2/benchmark/results_factorized_locked_model_attempt6/raw/sword2-rust/3ng0A"",""-j"",""1"",""--use-factorized-ranker""]","[""<binary>"",""-i"",""<input_structure>"",""-o"",""<process_output>"",""-j"",""1"",""--use-factorized-ranker""]",repository_root,2169ff86b799ea50236512d4bff20a4044b45c86a17a4e65ef3ba153b8919a12,raw/sword2-rust/3ng0A/3ng0A_A/summary.json,bbc9703b450f09854d833363e1e1daaf7d91ef6836a3a2ef37b5433ae3444e72,e3b0c44298fc1c149afbf4c8996fb92427ae41e4649b934ca495991b7852b855,12ce2e149e9d0e6a06e23eb81dc30509ad570354f247d95631e7a26b9bffd307,696355a5d230f7607fccf47600c3149601c3fe872aaebc65fde3ff9da7d61f28,factorized,factorized,False,,,0,0d9e5fdba57c30b9b0e238876011815027bab365040d0c605f74fba1987f67c5,b45f6d311a33a790cfe03615f347a4626e5c0a6412309c39e4d07882f98a09c0,770c3d348365b7f744f2eaee964b61cc57615c10f8ca9a47a061ac03ee1c343e
cath663,3nqiA,3nqi,A,sword2-rust,factorized,factorized-accuracy,,,False,0,0.39251202903687954,11840,"[""/home/chili/cretin/PROJECTS/SWORD2/target/release/sword2"",""-i"",""/home/chili/cretin/PROJECTS/SWORD2/benchmark/cache/chains/3nqiA.pdb"",""-o"",""/home/chili/cretin/PROJECTS/SWORD2/benchmark/results_factorized_locked_model_attempt6/raw/sword2-rust/3nqiA"",""-j"",""1"",""--use-factorized-ranker""]","[""<binary>"",""-i"",""<input_structure>"",""-o"",""<process_output>"",""-j"",""1"",""--use-factorized-ranker""]",repository_root,678489daeb278d39bc0b01462b09b299a5097861f0d617ed6a6d51a4cc2c2649,raw/sword2-rust/3nqiA/3nqiA_A/summary.json,d4c0814c532d1a8cd2012138abcef84879e1e63dc81abd221e521a060351a016,e3b0c44298fc1c149afbf4c8996fb92427ae41e4649b934ca495991b7852b855,c8012e9a298986381b0b220ed30549b3fb16565886165cc55dd52e2710e2171f,696355a5d230f7607fccf47600c3149601c3fe872aaebc65fde3ff9da7d61f28,factorized,factorized,False,,,0,0d9e5fdba57c30b9b0e238876011815027bab365040d0c605f74fba1987f67c5,b45f6d311a33a790cfe03615f347a4626e5c0a6412309c39e4d07882f98a09c0,770c3d348365b7f744f2eaee964b61cc57615c10f8ca9a47a061ac03ee1c343e
cath663,3nqzA,3nqz,A,sword2-rust,factorized,factorized-accuracy,,,False,0,0.31774253537878394,10560,"[""/home/chili/cretin/PROJECTS/SWORD2/target/release/sword2"",""-i"",""/home/chili/cretin/PROJECTS/SWORD2/benchmark/cache/chains/3nqzA.pdb"",""-o"",""/home/chili/cretin/PROJECTS/SWORD2/benchmark/results_factorized_locked_model_attempt6/raw/sword2-rust/3nqzA"",""-j"",""1"",""--use-factorized-ranker""]","[""<binary>"",""-i"",""<input_structure>"",""-o"",""<process_output>"",""-j"",""1"",""--use-factorized-ranker""]",repository_root,53d6ebf9c7441aa3397c37a4dae95bd129ceee2a3fe69e6d4515f27c76423061,raw/sword2-rust/3nqzA/3nqzA_A/summary.json,1948b2a3794aba48f0ffcfd23f126e9ae2e1f18b82d9bb7cd8016e82e27359e7,e3b0c44298fc1c149afbf4c8996fb92427ae41e4649b934ca495991b7852b855,7187b4f9e830c41e79bf350c2dbbf3367fb8da63fdeff9cf8f174def3ac7fa8a,696355a5d230f7607fccf47600c3149601c3fe872aaebc65fde3ff9da7d61f28,factorized,factorized,False,,,0,0d9e5fdba57c30b9b0e238876011815027bab365040d0c605f74fba1987f67c5,b45f6d311a33a790cfe03615f347a4626e5c0a6412309c39e4d07882f98a09c0,770c3d348365b7f744f2eaee964b61cc57615c10f8ca9a47a061ac03ee1c343e
cath663,3o8jA,3o8j,A,sword2-rust,factorized,factorized-accuracy,,,False,0,0.5559677090495825,19148,"[""/home/chili/cretin/PROJECTS/SWORD2/target/release/sword2"",""-i"",""/home/chili/cretin/PROJECTS/SWORD2/benchmark/cache/chains/3o8jA.pdb"",""-o"",""/home/chili/cretin/PROJECTS/SWORD2/benchmark/results_factorized_locked_model_attempt6/raw/sword2-rust/3o8jA"",""-j"",""1"",""--use-factorized-ranker""]","[""<binary>"",""-i"",""<input_structure>"",""-o"",""<process_output>"",""-j"",""1"",""--use-factorized-ranker""]",repository_root,a5eb7cd9dfb247e39a79cff6314f716849e8455587da3e4bf2f9fc819c7d9f4d,raw/sword2-rust/3o8jA/3o8jA_A/summary.json,a7997dbe5e1556f4eb707b5457877f20139458982c3063a3daf6cd4366313cb9,e3b0c44298fc1c149afbf4c8996fb92427ae41e4649b934ca495991b7852b855,562b804407b13f4c8da446e8f0ada0e80092d4ca82fa1389cd53ab767180a9de,58f1b0158d545f247ea44630c6af8bde6352f01b2f3c1ecfc50cddc45bccca86,factorized,legacy,True,structural_quality_abstention,factorized_fallback,0,0d9e5fdba57c30b9b0e238876011815027bab365040d0c605f74fba1987f67c5,b45f6d311a33a790cfe03615f347a4626e5c0a6412309c39e4d07882f98a09c0,770c3d348365b7f744f2eaee964b61cc57615c10f8ca9a47a061ac03ee1c343e
cath663,3oceA,3oce,A,sword2-rust,factorized,factorized-accuracy,,,False,0,0.9383790851570666,27028,"[""/home/chili/cretin/PROJECTS/SWORD2/target/release/sword2"",""-i"",""/home/chili/cretin/PROJECTS/SWORD2/benchmark/cache/chains/3oceA.pdb"",""-o"",""/home/chili/cretin/PROJECTS/SWORD2/benchmark/results_factorized_locked_model_attempt6/raw/sword2-rust/3oceA"",""-j"",""1"",""--use-factorized-ranker""]","[""<binary>"",""-i"",""<input_structure>"",""-o"",""<process_output>"",""-j"",""1"",""--use-factorized-ranker""]",repository_root,86ed8f5eccbb8a27225e400a296a2ad8fba8a256ca5d620e743c9fa11203075e,raw/sword2-rust/3oceA/3oceA_A/summary.json,d798ce48f608d723e0d32e42a5951f468c472e716868122d768f376430e3cf67,e3b0c44298fc1c149afbf4c8996fb92427ae41e4649b934ca495991b7852b855,98d7b993d594d293b1e144b533ca1be1d4de2d2438a4311b0f4e271b5b3d12d7,696355a5d230f7607fccf47600c3149601c3fe872aaebc65fde3ff9da7d61f28,factorized,factorized,False,,,0,0d9e5fdba57c30b9b0e238876011815027bab365040d0c605f74fba1987f67c5,b45f6d311a33a790cfe03615f347a4626e5c0a6412309c39e4d07882f98a09c0,770c3d348365b7f744f2eaee964b61cc57615c10f8ca9a47a061ac03ee1c343e
cath663,3ocfA,3ocf,A,sword2-rust,factorized,factorized-accuracy,,,False,0,0.95015699416399,25300,"[""/home/chili/cretin/PROJECTS/SWORD2/target/release/sword2"",""-i"",""/home/chili/cretin/PROJECTS/SWORD2/benchmark/cache/chains/3ocfA.pdb"",""-o"",""/home/chili/cretin/PROJECTS/SWORD2/benchmark/results_factorized_locked_model_attempt6/raw/sword2-rust/3ocfA"",""-j"",""1"",""--use-factorized-ranker""]","[""<binary>"",""-i"",""<input_structure>"",""-o"",""<process_output>"",""-j"",""1"",""--use-factorized-ranker""]",repository_root,66f1342dc94b32171c3359be53091121df6f2adbd43234657888d842f326f2ab,raw/sword2-rust/3ocfA/3ocfA_A/summary.json,3e2d61fcfb90fb40f58bc1cd0a6e6e585f038c047dfe7ad42ce6567692e752bd,e3b0c44298fc1c149afbf4c8996fb92427ae41e4649b934ca495991b7852b855,056b5f6b9f81ebb4bba8e6200e6fcf49b4866639ad2dfcd5a6dfc688e32871c7,696355a5d230f7607fccf47600c3149601c3fe872aaebc65fde3ff9da7d61f28,factorized,factorized,False,,,0,0d9e5fdba57c30b9b0e238876011815027bab365040d0c605f74fba1987f67c5,b45f6d311a33a790cfe03615f347a4626e5c0a6412309c39e4d07882f98a09c0,770c3d348365b7f744f2eaee964b61cc57615c10f8ca9a47a061ac03ee1c343e
cath663,3ocfB,3ocf,B,sword2-rust,factorized,factorized-accuracy,,,False,0,0.9182947422377765,25396,"[""/home/chili/cretin/PROJECTS/SWORD2/target/release/sword2"",""-i"",""/home/chili/cretin/PROJECTS/SWORD2/benchmark/cache/chains/3ocfB.pdb"",""-o"",""/home/chili/cretin/PROJECTS/SWORD2/benchmark/results_factorized_locked_model_attempt6/raw/sword2-rust/3ocfB"",""-j"",""1"",""--use-factorized-ranker""]","[""<binary>"",""-i"",""<input_structure>"",""-o"",""<process_output>"",""-j"",""1"",""--use-factorized-ranker""]",repository_root,ded07b35d2b6420a5f5aff37bdacf178bab642f1a449cf5fc1d43ddc813a4765,raw/sword2-rust/3ocfB/3ocfB_B/summary.json,bc39680aa59a452da81e123302e73e36b90a9aabef86a0b8106f4fb2a7ef1939,e3b0c44298fc1c149afbf4c8996fb92427ae41e4649b934ca495991b7852b855,a38546cef44634795a33e2d66a573b39c4bcf592c87a59bf6e9a98607a8cecb0,696355a5d230f7607fccf47600c3149601c3fe872aaebc65fde3ff9da7d61f28,factorized,factorized,False,,,0,0d9e5fdba57c30b9b0e238876011815027bab365040d0c605f74fba1987f67c5,b45f6d311a33a790cfe03615f347a4626e5c0a6412309c39e4d07882f98a09c0,770c3d348365b7f744f2eaee964b61cc57615c10f8ca9a47a061ac03ee1c343e
cath663,3ocfD,3ocf,D,sword2-rust,factorized,factorized-accuracy,,,False,0,0.9875437789596617,23488,"[""/home/chili/cretin/PROJECTS/SWORD2/target/release/sword2"",""-i"",""/home/chili/cretin/PROJECTS/SWORD2/benchmark/cache/chains/3ocfD.pdb"",""-o"",""/home/chili/cretin/PROJECTS/SWORD2/benchmark/results_factorized_locked_model_attempt6/raw/sword2-rust/3ocfD"",""-j"",""1"",""--use-factorized-ranker""]","[""<binary>"",""-i"",""<input_structure>"",""-o"",""<process_output>"",""-j"",""1"",""--use-factorized-ranker""]",repository_root,132efb8365ce34d79738173420afffd79454cafcad8cde73fe32aa9a8ec2a5c6,raw/sword2-rust/3ocfD/3ocfD_D/summary.json,5e569d075fa3cfca75b0f7fb068f6de150afed29e7499467cb9409cff04b4cd1,e3b0c44298fc1c149afbf4c8996fb92427ae41e4649b934ca495991b7852b855,4592a83279d83dce3cfc737b27d7f1b7efcd08002c1e7caaa1e8812ca4994f52,696355a5d230f7607fccf47600c3149601c3fe872aaebc65fde3ff9da7d61f28,factorized,factorized,False,,,0,0d9e5fdba57c30b9b0e238876011815027bab365040d0c605f74fba1987f67c5,b45f6d311a33a790cfe03615f347a4626e5c0a6412309c39e4d07882f98a09c0,770c3d348365b7f744f2eaee964b61cc57615c10f8ca9a47a061ac03ee1c343e
cath663,3okfA,3okf,A,sword2-rust,factorized,factorized-accuracy,,,False,0,0.8987748697400093,20708,"[""/home/chili/cretin/PROJECTS/SWORD2/target/release/sword2"",""-i"",""/home/chili/cretin/PROJECTS/SWORD2/benchmark/cache/chains/3okfA.pdb"",""-o"",""/home/chili/cretin/PROJECTS/SWORD2/benchmark/results_factorized_locked_model_attempt6/raw/sword2-rust/3okfA"",""-j"",""1"",""--use-factorized-ranker""]","[""<binary>"",""-i"",""<input_structure>"",""-o"",""<process_output>"",""-j"",""1"",""--use-factorized-ranker""]",repository_root,cc5648af70bf6e6061f10df72db3b00f69be2e0f6104420c8333170d20a53cf5,raw/sword2-rust/3okfA/3okfA_A/summary.json,6d3f2183a8fc9128696d010ab045360bb0056c5cb98d62c4d16da09f7b3663dd,e3b0c44298fc1c149afbf4c8996fb92427ae41e4649b934ca495991b7852b855,000289aa6028a59ab95f4abb6804604485bac5d5073523a89f619611ef8b5644,696355a5d230f7607fccf47600c3149601c3fe872aaebc65fde3ff9da7d61f28,factorized,factorized,False,,,0,0d9e5fdba57c30b9b0e238876011815027bab365040d0c605f74fba1987f67c5,b45f6d311a33a790cfe03615f347a4626e5c0a6412309c39e4d07882f98a09c0,770c3d348365b7f744f2eaee964b61cc57615c10f8ca9a47a061ac03ee1c343e
cath663,3oueA,3oue,A,sword2-rust,factorized,factorized-accuracy,,,False,0,0.30202612606808543,9920,"[""/home/chili/cretin/PROJECTS/SWORD2/target/release/sword2"",""-i"",""/home/chili/cretin/PROJECTS/SWORD2/benchmark/cache/chains/3oueA.pdb"",""-o"",""/home/chili/cretin/PROJECTS/SWORD2/benchmark/results_factorized_locked_model_attempt6/raw/sword2-rust/3oueA"",""-j"",""1"",""--use-factorized-ranker""]","[""<binary>"",""-i"",""<input_structure>"",""-o"",""<process_output>"",""-j"",""1"",""--use-factorized-ranker""]",repository_root,2967f84b59fa418aab61b6b63e28fc72a867b8a14540e8da8f06430a461ffdd8,raw/sword2-rust/3oueA/3oueA_A/summary.json,1c76e71b6e92c0ccf2f5a0367c8335caf4d9f0f58af6d726f4227efe2c2985fe,e3b0c44298fc1c149afbf4c8996fb92427ae41e4649b934ca495991b7852b855,34eaf8fb007830602af1deba477180e7fd1718b38d8b5a437667ffe00ebf7ab8,696355a5d230f7607fccf47600c3149601c3fe872aaebc65fde3ff9da7d61f28,factorized,factorized,False,,,0,0d9e5fdba57c30b9b0e238876011815027bab365040d0c605f74fba1987f67c5,b45f6d311a33a790cfe03615f347a4626e5c0a6412309c39e4d07882f98a09c0,770c3d348365b7f744f2eaee964b61cc57615c10f8ca9a47a061ac03ee1c343e
cath663,3ouqA,3ouq,A,sword2-rust,factorized,factorized-accuracy,,,False,0,0.18121245177462697,9600,"[""/home/chili/cretin/PROJECTS/SWORD2/target/release/sword2"",""-i"",""/home/chili/cretin/PROJECTS/SWORD2/benchmark/cache/chains/3ouqA.pdb"",""-o"",""/home/chili/cretin/PROJECTS/SWORD2/benchmark/results_factorized_locked_model_attempt6/raw/sword2-rust/3ouqA"",""-j"",""1"",""--use-factorized-ranker""]","[""<binary>"",""-i"",""<input_structure>"",""-o"",""<process_output>"",""-j"",""1"",""--use-factorized-ranker""]",repository_root,becd2fb9fb7cd829bf2dd37fa81b590dccb8897ef744f172d8c6c6aa544ba2cf,raw/sword2-rust/3ouqA/3ouqA_A/summary.json,b9ed162acb7efe5efe5738a3892d644ba8ab6c3284de0afb5d95734afb952866,e3b0c44298fc1c149afbf4c8996fb92427ae41e4649b934ca495991b7852b855,662a725a4499d489f6e46b9f7bc44538df0efa5bcda6e27906525a2dabe43d60,696355a5d230f7607fccf47600c3149601c3fe872aaebc65fde3ff9da7d61f28,factorized,factorized,False,,,0,0d9e5fdba57c30b9b0e238876011815027bab365040d0c605f74fba1987f67c5,b45f6d311a33a790cfe03615f347a4626e5c0a6412309c39e4d07882f98a09c0,770c3d348365b7f744f2eaee964b61cc57615c10f8ca9a47a061ac03ee1c343e
cath663,3ox4A,3ox4,A,sword2-rust,factorized,factorized-accuracy,,,False,0,0.5285231969319284,20884,"[""/home/chili/cretin/PROJECTS/SWORD2/target/release/sword2"",""-i"",""/home/chili/cretin/PROJECTS/SWORD2/benchmark/cache/chains/3ox4A.pdb"",""-o"",""/home/chili/cretin/PROJECTS/SWORD2/benchmark/results_factorized_locked_model_attempt6/raw/sword2-rust/3ox4A"",""-j"",""1"",""--use-factorized-ranker""]","[""<binary>"",""-i"",""<input_structure>"",""-o"",""<process_output>"",""-j"",""1"",""--use-factorized-ranker""]",repository_root,895dfeabeabe71f3a854d36e310f6790f3fa82e4b4876319287c549f1cfa7f10,raw/sword2-rust/3ox4A/3ox4A_A/summary.json,bcb728ae556f2b327d33839643917b693331b5142346b212b14edaac62424096,e3b0c44298fc1c149afbf4c8996fb92427ae41e4649b934ca495991b7852b855,9d6fd0774b743af4fc5fc5720801fb8747540c20a47fdcbf46432874b457cb39,696355a5d230f7607fccf47600c3149601c3fe872aaebc65fde3ff9da7d61f28,factorized,factorized,False,,,0,0d9e5fdba57c30b9b0e238876011815027bab365040d0c605f74fba1987f67c5,b45f6d311a33a790cfe03615f347a4626e5c0a6412309c39e4d07882f98a09c0,770c3d348365b7f744f2eaee964b61cc57615c10f8ca9a47a061ac03ee1c343e
cath663,3p2dA,3p2d,A,sword2-rust,factorized,factorized-accuracy,,,False,0,0.5775065273046494,19156,"[""/home/chili/cretin/PROJECTS/SWORD2/target/release/sword2"",""-i"",""/home/chili/cretin/PROJECTS/SWORD2/benchmark/cache/chains/3p2dA.pdb"",""-o"",""/home/chili/cretin/PROJECTS/SWORD2/benchmark/results_factorized_locked_model_attempt6/raw/sword2-rust/3p2dA"",""-j"",""1"",""--use-factorized-ranker""]","[""<binary>"",""-i"",""<input_structure>"",""-o"",""<process_output>"",""-j"",""1"",""--use-factorized-ranker""]",repository_root,f2cc6346b59a501d3fa764ca53a600d95e88b751aa1c82b39741e197f25aa8a5,raw/sword2-rust/3p2dA/3p2dA_A/summary.json,d03d99ea7d5c5244bb28c935e2f42434863847dcf346133c5fe9fc04b7716cbf,e3b0c44298fc1c149afbf4c8996fb92427ae41e4649b934ca495991b7852b855,0ab4af5d19ec3757b67596797890c396ee6d3ed46eb79f179af75e5c176c7732,696355a5d230f7607fccf47600c3149601c3fe872aaebc65fde3ff9da7d61f28,factorized,factorized,False,,,0,0d9e5fdba57c30b9b0e238876011815027bab365040d0c605f74fba1987f67c5,b45f6d311a33a790cfe03615f347a4626e5c0a6412309c39e4d07882f98a09c0,770c3d348365b7f744f2eaee964b61cc57615c10f8ca9a47a061ac03ee1c343e
cath663,3p42A,3p42,A,sword2-rust,factorized,factorized-accuracy,,,False,0,0.46709426399320364,13440,"[""/home/chili/cretin/PROJECTS/SWORD2/target/release/sword2"",""-i"",""/home/chili/cretin/PROJECTS/SWORD2/benchmark/cache/chains/3p42A.pdb"",""-o"",""/home/chili/cretin/PROJECTS/SWORD2/benchmark/results_factorized_locked_model_attempt6/raw/sword2-rust/3p42A"",""-j"",""1"",""--use-factorized-ranker""]","[""<binary>"",""-i"",""<input_structure>"",""-o"",""<process_output>"",""-j"",""1"",""--use-factorized-ranker""]",repository_root,4751bd32dac194e74df11aa3aa9ed8a59221b812e80e0566ec2d554f720a4894,raw/sword2-rust/3p42A/3p42A_A/summary.json,86918435fce6f19da6ce5fdfc6dfb7652085fa508310a9e7e6a9edce36c4ef73,e3b0c44298fc1c149afbf4c8996fb92427ae41e4649b934ca495991b7852b855,73906d51cbb47d768b8173deae900235e4368a67a021b783405e19661b40c0e6,696355a5d230f7607fccf47600c3149601c3fe872aaebc65fde3ff9da7d61f28,factorized,factorized,False,,,0,0d9e5fdba57c30b9b0e238876011815027bab365040d0c605f74fba1987f67c5,b45f6d311a33a790cfe03615f347a4626e5c0a6412309c39e4d07882f98a09c0,770c3d348365b7f744f2eaee964b61cc57615c10f8ca9a47a061ac03ee1c343e
cath663,3pdiA,3pdi,A,sword2-rust,factorized,factorized-accuracy,,,False,0,1.1373999952338636,34864,"[""/home/chili/cretin/PROJECTS/SWORD2/target/release/sword2"",""-i"",""/home/chili/cretin/PROJECTS/SWORD2/benchmark/cache/chains/3pdiA.pdb"",""-o"",""/home/chili/cretin/PROJECTS/SWORD2/benchmark/results_factorized_locked_model_attempt6/raw/sword2-rust/3pdiA"",""-j"",""1"",""--use-factorized-ranker""]","[""<binary>"",""-i"",""<input_structure>"",""-o"",""<process_output>"",""-j"",""1"",""--use-factorized-ranker""]",repository_root,be96f7e15c8e47e34e5f24da671aea9dada30020a6dda7868dd3ff844f1ef546,raw/sword2-rust/3pdiA/3pdiA_A/summary.json,1913981d41b3f4b3b7f822651de45f4341c90cee94d248480fbcb679c26a390b,e3b0c44298fc1c149afbf4c8996fb92427ae41e4649b934ca495991b7852b855,8e3188bcee51f2636a6d6dbc2526bb31c234f9b8a4e3ae90984ea3209a68f66e,696355a5d230f7607fccf47600c3149601c3fe872aaebc65fde3ff9da7d61f28,factorized,factorized,False,,,0,0d9e5fdba57c30b9b0e238876011815027bab365040d0c605f74fba1987f67c5,b45f6d311a33a790cfe03615f347a4626e5c0a6412309c39e4d07882f98a09c0,770c3d348365b7f744f2eaee964b61cc57615c10f8ca9a47a061ac03ee1c343e
cath663,3pdiB,3pdi,B,sword2-rust,factorized,factorized-accuracy,,,False,0,1.1570160989649594,28876,"[""/home/chili/cretin/PROJECTS/SWORD2/target/release/sword2"",""-i"",""/home/chili/cretin/PROJECTS/SWORD2/benchmark/cache/chains/3pdiB.pdb"",""-o"",""/home/chili/cretin/PROJECTS/SWORD2/benchmark/results_factorized_locked_model_attempt6/raw/sword2-rust/3pdiB"",""-j"",""1"",""--use-factorized-ranker""]","[""<binary>"",""-i"",""<input_structure>"",""-o"",""<process_output>"",""-j"",""1"",""--use-factorized-ranker""]",repository_root,4944bfeb3e477e053e03c80e740d5ccda576816897a553640e75bc54fc8c10a3,raw/sword2-rust/3pdiB/3pdiB_B/summary.json,3a7f453e5952cf797db324f95af528d17fdf7712146fc6c8c2d53083b9c66439,e3b0c44298fc1c149afbf4c8996fb92427ae41e4649b934ca495991b7852b855,502bcc2c68fcdba27ca5b1fc4af620d88f4723109f959b6259b666bffe486eb7,696355a5d230f7607fccf47600c3149601c3fe872aaebc65fde3ff9da7d61f28,factorized,factorized,False,,,0,0d9e5fdba57c30b9b0e238876011815027bab365040d0c605f74fba1987f67c5,b45f6d311a33a790cfe03615f347a4626e5c0a6412309c39e4d07882f98a09c0,770c3d348365b7f744f2eaee964b61cc57615c10f8ca9a47a061ac03ee1c343e
cath663,3pgbA,3pgb,A,sword2-rust,factorized,factorized-accuracy,,,False,0,2.1844823379069567,65320,"[""/home/chili/cretin/PROJECTS/SWORD2/target/release/sword2"",""-i"",""/home/chili/cretin/PROJECTS/SWORD2/benchmark/cache/chains/3pgbA.pdb"",""-o"",""/home/chili/cretin/PROJECTS/SWORD2/benchmark/results_factorized_locked_model_attempt6/raw/sword2-rust/3pgbA"",""-j"",""1"",""--use-factorized-ranker""]","[""<binary>"",""-i"",""<input_structure>"",""-o"",""<process_output>"",""-j"",""1"",""--use-factorized-ranker""]",repository_root,ca6d9073a6d6570477f7174c896210b407162165a847da0e8393b1180fcd2991,raw/sword2-rust/3pgbA/3pgbA_A/summary.json,00bfeeaff8177ad6aba471ba9447d70ea9ce2251f30fe68396e037e452e66fab,e3b0c44298fc1c149afbf4c8996fb92427ae41e4649b934ca495991b7852b855,0a23aea4fc18d219652330edd47ba529323334daa795aee28f0d509b93f52f65,696355a5d230f7607fccf47600c3149601c3fe872aaebc65fde3ff9da7d61f28,factorized,factorized,False,,,0,0d9e5fdba57c30b9b0e238876011815027bab365040d0c605f74fba1987f67c5,b45f6d311a33a790cfe03615f347a4626e5c0a6412309c39e4d07882f98a09c0,770c3d348365b7f744f2eaee964b61cc57615c10f8ca9a47a061ac03ee1c343e
cath663,3pjaJ,3pja,J,sword2-rust,factorized,factorized-accuracy,,,False,0,0.261463955976069,11800,"[""/home/chili/cretin/PROJECTS/SWORD2/target/release/sword2"",""-i"",""/home/chili/cretin/PROJECTS/SWORD2/benchmark/cache/chains/3pjaJ.pdb"",""-o"",""/home/chili/cretin/PROJECTS/SWORD2/benchmark/results_factorized_locked_model_attempt6/raw/sword2-rust/3pjaJ"",""-j"",""1"",""--use-factorized-ranker""]","[""<binary>"",""-i"",""<input_structure>"",""-o"",""<process_output>"",""-j"",""1"",""--use-factorized-ranker""]",repository_root,66a62b494f1e275e9be1b8f51508766391f6caa9c7017238905adb0d26f6588e,raw/sword2-rust/3pjaJ/3pjaJ_J/summary.json,53b68eaf303cafd504dfe8b76d0e7fb41a646d70b0b042e2ecbf83755fa1126d,e3b0c44298fc1c149afbf4c8996fb92427ae41e4649b934ca495991b7852b855,9b122165e56a50f4bec2b4349dc9ada020e734206c219c172ef954a0f21af8b5,696355a5d230f7607fccf47600c3149601c3fe872aaebc65fde3ff9da7d61f28,factorized,factorized,False,,,0,0d9e5fdba57c30b9b0e238876011815027bab365040d0c605f74fba1987f67c5,b45f6d311a33a790cfe03615f347a4626e5c0a6412309c39e4d07882f98a09c0,770c3d348365b7f744f2eaee964b61cc57615c10f8ca9a47a061ac03ee1c343e
cath663,3pqhA,3pqh,A,sword2-rust,factorized,factorized-accuracy,,,False,0,0.22038320917636156,8960,"[""/home/chili/cretin/PROJECTS/SWORD2/target/release/sword2"",""-i"",""/home/chili/cretin/PROJECTS/SWORD2/benchmark/cache/chains/3pqhA.pdb"",""-o"",""/home/chili/cretin/PROJECTS/SWORD2/benchmark/results_factorized_locked_model_attempt6/raw/sword2-rust/3pqhA"",""-j"",""1"",""--use-factorized-ranker""]","[""<binary>"",""-i"",""<input_structure>"",""-o"",""<process_output>"",""-j"",""1"",""--use-factorized-ranker""]",repository_root,62e3fe41c3f6805bd6fb6cb5bfcf2011aa7a0689308f76a9b31b8323499b7420,raw/sword2-rust/3pqhA/3pqhA_A/summary.json,df79fbb981f12719ea6e19599fa04d6a12b5167aa732b70371c25254f5a9a090,e3b0c44298fc1c149afbf4c8996fb92427ae41e4649b934ca495991b7852b855,b4e6dec56cba550751fb252005a188f94f8202a40480ab357cbd7427eb420e8d,696355a5d230f7607fccf47600c3149601c3fe872aaebc65fde3ff9da7d61f28,factorized,factorized,False,,,0,0d9e5fdba57c30b9b0e238876011815027bab365040d0c605f74fba1987f67c5,b45f6d311a33a790cfe03615f347a4626e5c0a6412309c39e4d07882f98a09c0,770c3d348365b7f744f2eaee964b61cc57615c10f8ca9a47a061ac03ee1c343e
cath663,3pshA,3psh,A,sword2-rust,factorized,factorized-accuracy,,,False,0,0.5586214088834822,16192,"[""/home/chili/cretin/PROJECTS/SWORD2/target/release/sword2"",""-i"",""/home/chili/cretin/PROJECTS/SWORD2/benchmark/cache/chains/3pshA.pdb"",""-o"",""/home/chili/cretin/PROJECTS/SWORD2/benchmark/results_factorized_locked_model_attempt6/raw/sword2-rust/3pshA"",""-j"",""1"",""--use-factorized-ranker""]","[""<binary>"",""-i"",""<input_structure>"",""-o"",""<process_output>"",""-j"",""1"",""--use-factorized-ranker""]",repository_root,e556f545f441e39a5ec6ab227caf940032ab734914795688264daf10c4956e24,raw/sword2-rust/3pshA/3pshA_A/summary.json,418200702eab17cac61ac8a29e49c6405e9acdd0d71a4df61067bc1a21f9f351,e3b0c44298fc1c149afbf4c8996fb92427ae41e4649b934ca495991b7852b855,47b838a6faaea360cb4b90728025de51f40bdc6f3bdb2cab2333506dbd362d3d,696355a5d230f7607fccf47600c3149601c3fe872aaebc65fde3ff9da7d61f28,factorized,factorized,False,,,0,0d9e5fdba57c30b9b0e238876011815027bab365040d0c605f74fba1987f67c5,b45f6d311a33a790cfe03615f347a4626e5c0a6412309c39e4d07882f98a09c0,770c3d348365b7f744f2eaee964b61cc57615c10f8ca9a47a061ac03ee1c343e
cath663,3ptyA,3pty,A,sword2-rust,factorized,factorized-accuracy,,,False,0,0.4399700998328626,15140,"[""/home/chili/cretin/PROJECTS/SWORD2/target/release/sword2"",""-i"",""/home/chili/cretin/PROJECTS/SWORD2/benchmark/cache/chains/3ptyA.pdb"",""-o"",""/home/chili/cretin/PROJECTS/SWORD2/benchmark/results_factorized_locked_model_attempt6/raw/sword2-rust/3ptyA"",""-j"",""1"",""--use-factorized-ranker""]","[""<binary>"",""-i"",""<input_structure>"",""-o"",""<process_output>"",""-j"",""1"",""--use-factorized-ranker""]",repository_root,944c66e262ff9c78e524e1382e122afafef755721039274452a28157a6b1e505,raw/sword2-rust/3ptyA/3ptyA_A/summary.json,40a9f27d6f46be9124ad8b3e7074edb0460f3ac4efe695520290902aaa196254,e3b0c44298fc1c149afbf4c8996fb92427ae41e4649b934ca495991b7852b855,6824d05eb3018fe0e0af52e1bad159a74be555ec0ffbc669a9499a2169cb53ca,696355a5d230f7607fccf47600c3149601c3fe872aaebc65fde3ff9da7d61f28,factorized,factorized,False,,,0,0d9e5fdba57c30b9b0e238876011815027bab365040d0c605f74fba1987f67c5,b45f6d311a33a790cfe03615f347a4626e5c0a6412309c39e4d07882f98a09c0,770c3d348365b7f744f2eaee964b61cc57615c10f8ca9a47a061ac03ee1c343e
cath663,3qb5K,3qb5,K,sword2-rust,factorized,factorized-accuracy,,,False,0,0.3208686881698668,11784,"[""/home/chili/cretin/PROJECTS/SWORD2/target/release/sword2"",""-i"",""/home/chili/cretin/PROJECTS/SWORD2/benchmark/cache/chains/3qb5K.pdb"",""-o"",""/home/chili/cretin/PROJECTS/SWORD2/benchmark/results_factorized_locked_model_attempt6/raw/sword2-rust/3qb5K"",""-j"",""1"",""--use-factorized-ranker""]","[""<binary>"",""-i"",""<input_structure>"",""-o"",""<process_output>"",""-j"",""1"",""--use-factorized-ranker""]",repository_root,d21d49bd62d168a07d11076787e3ccfaff6c2ba910b723da13d85ad2964d11c3,raw/sword2-rust/3qb5K/3qb5K_K/summary.json,58830e776f4e878258bc346cd5bc34b84d86030ac6c2894050bdf2c53f8f9571,e3b0c44298fc1c149afbf4c8996fb92427ae41e4649b934ca495991b7852b855,7df41e0b644a9995ff93ddf960e5d092199f179e25e807777a356f553cb1833e,696355a5d230f7607fccf47600c3149601c3fe872aaebc65fde3ff9da7d61f28,factorized,factorized,False,,,0,0d9e5fdba57c30b9b0e238876011815027bab365040d0c605f74fba1987f67c5,b45f6d311a33a790cfe03615f347a4626e5c0a6412309c39e4d07882f98a09c0,770c3d348365b7f744f2eaee964b61cc57615c10f8ca9a47a061ac03ee1c343e
cath663,3qbeA,3qbe,A,sword2-rust,factorized,factorized-accuracy,,,False,0,0.5777236679568887,18572,"[""/home/chili/cretin/PROJECTS/SWORD2/target/release/sword2"",""-i"",""/home/chili/cretin/PROJECTS/SWORD2/benchmark/cache/chains/3qbeA.pdb"",""-o"",""/home/chili/cretin/PROJECTS/SWORD2/benchmark/results_factorized_locked_model_attempt6/raw/sword2-rust/3qbeA"",""-j"",""1"",""--use-factorized-ranker""]","[""<binary>"",""-i"",""<input_structure>"",""-o"",""<process_output>"",""-j"",""1"",""--use-factorized-ranker""]",repository_root,1dfde860bfd717fb52ff734f224611eaf2a326efa4118aff08627104de191882,raw/sword2-rust/3qbeA/3qbeA_A/summary.json,2eda42c685f0b34546b9a25494fa5416c1e25391c7cfc02716f8932949fec907,e3b0c44298fc1c149afbf4c8996fb92427ae41e4649b934ca495991b7852b855,853c53f5e0bdc826cac2056ee3ee328a5b93a93b9aaad1da83db88f7da81fb12,696355a5d230f7607fccf47600c3149601c3fe872aaebc65fde3ff9da7d61f28,factorized,factorized,False,,,0,0d9e5fdba57c30b9b0e238876011815027bab365040d0c605f74fba1987f67c5,b45f6d311a33a790cfe03615f347a4626e5c0a6412309c39e4d07882f98a09c0,770c3d348365b7f744f2eaee964b61cc57615c10f8ca9a47a061ac03ee1c343e
cath663,3qbpA,3qbp,A,sword2-rust,factorized,factorized-accuracy,,,False,0,1.1028166278265417,35928,"[""/home/chili/cretin/PROJECTS/SWORD2/target/release/sword2"",""-i"",""/home/chili/cretin/PROJECTS/SWORD2/benchmark/cache/chains/3qbpA.pdb"",""-o"",""/home/chili/cretin/PROJECTS/SWORD2/benchmark/results_factorized_locked_model_attempt6/raw/sword2-rust/3qbpA"",""-j"",""1"",""--use-factorized-ranker""]","[""<binary>"",""-i"",""<input_structure>"",""-o"",""<process_output>"",""-j"",""1"",""--use-factorized-ranker""]",repository_root,3122ce5ea06dd5feede59a502e6c384ccedd34f6ae99773f21703d917e347ecf,raw/sword2-rust/3qbpA/3qbpA_A/summary.json,588b97c2aa5c0c7ee0eed402b53b4d9730e90e212f42582e057dff728f2f3f15,e3b0c44298fc1c149afbf4c8996fb92427ae41e4649b934ca495991b7852b855,46001dc04274a970a47ec66e4ef7d586b4497c8abd0b266510a96ac013d1be1e,696355a5d230f7607fccf47600c3149601c3fe872aaebc65fde3ff9da7d61f28,factorized,factorized,False,,,0,0d9e5fdba57c30b9b0e238876011815027bab365040d0c605f74fba1987f67c5,b45f6d311a33a790cfe03615f347a4626e5c0a6412309c39e4d07882f98a09c0,770c3d348365b7f744f2eaee964b61cc57615c10f8ca9a47a061ac03ee1c343e
cath663,3qbpB,3qbp,B,sword2-rust,factorized,factorized-accuracy,,,False,0,1.1010836730711162,35472,"[""/home/chili/cretin/PROJECTS/SWORD2/target/release/sword2"",""-i"",""/home/chili/cretin/PROJECTS/SWORD2/benchmark/cache/chains/3qbpB.pdb"",""-o"",""/home/chili/cretin/PROJECTS/SWORD2/benchmark/results_factorized_locked_model_attempt6/raw/sword2-rust/3qbpB"",""-j"",""1"",""--use-factorized-ranker""]","[""<binary>"",""-i"",""<input_structure>"",""-o"",""<process_output>"",""-j"",""1"",""--use-factorized-ranker""]",repository_root,edd96cb69826e5656a40e54fed558d47a3eb423dd7acd41d677751c2572547bb,raw/sword2-rust/3qbpB/3qbpB_B/summary.json,8c5590bffa3cb01fbed21cc27c17d68b5034a0e3b9ac7469020b14149e939518,e3b0c44298fc1c149afbf4c8996fb92427ae41e4649b934ca495991b7852b855,9772af6c6a685a732aa9cab8be8731e134374c1a74d2a7656396dcde9bcfb08a,696355a5d230f7607fccf47600c3149601c3fe872aaebc65fde3ff9da7d61f28,factorized,factorized,False,,,0,0d9e5fdba57c30b9b0e238876011815027bab365040d0c605f74fba1987f67c5,b45f6d311a33a790cfe03615f347a4626e5c0a6412309c39e4d07882f98a09c0,770c3d348365b7f744f2eaee964b61cc57615c10f8ca9a47a061ac03ee1c343e
cath663,3qdfA,3qdf,A,sword2-rust,factorized,factorized-accuracy,,,False,0,0.43561331182718277,11200,"[""/home/chili/cretin/PROJECTS/SWORD2/target/release/sword2"",""-i"",""/home/chili/cretin/PROJECTS/SWORD2/benchmark/cache/chains/3qdfA.pdb"",""-o"",""/home/chili/cretin/PROJECTS/SWORD2/benchmark/results_factorized_locked_model_attempt6/raw/sword2-rust/3qdfA"",""-j"",""1"",""--use-factorized-ranker""]","[""<binary>"",""-i"",""<input_structure>"",""-o"",""<process_output>"",""-j"",""1"",""--use-factorized-ranker""]",repository_root,d5d54495ac9fa29867ce07cc58cc054725417e9c4fa51566224502f0724add6a,raw/sword2-rust/3qdfA/3qdfA_A/summary.json,8a42125a7094c997bbb2cdb38bc5916f677fcd6c871baf58e9bf13b2d683f733,e3b0c44298fc1c149afbf4c8996fb92427ae41e4649b934ca495991b7852b855,78723776bcdb4245a4de2cfacf487562d1acff7da128c7d954d5c7708a31eeb5,696355a5d230f7607fccf47600c3149601c3fe872aaebc65fde3ff9da7d61f28,factorized,factorized,False,,,0,0d9e5fdba57c30b9b0e238876011815027bab365040d0c605f74fba1987f67c5,b45f6d311a33a790cfe03615f347a4626e5c0a6412309c39e4d07882f98a09c0,770c3d348365b7f744f2eaee964b61cc57615c10f8ca9a47a061ac03ee1c343e
cath663,3qqyA,3qqy,A,sword2-rust,factorized,factorized-accuracy,,,False,0,0.5237444234080613,15196,"[""/home/chili/cretin/PROJECTS/SWORD2/target/release/sword2"",""-i"",""/home/chili/cretin/PROJECTS/SWORD2/benchmark/cache/chains/3qqyA.pdb"",""-o"",""/home/chili/cretin/PROJECTS/SWORD2/benchmark/results_factorized_locked_model_attempt6/raw/sword2-rust/3qqyA"",""-j"",""1"",""--use-factorized-ranker""]","[""<binary>"",""-i"",""<input_structure>"",""-o"",""<process_output>"",""-j"",""1"",""--use-factorized-ranker""]",repository_root,2039b01081c67a36eccb375284aaf46c0f3bcdeb15652a715a3d6f185ffdb1d6,raw/sword2-rust/3qqyA/3qqyA_A/summary.json,1c3c3eac8ac8feed2bea5a6a82f18d26a0cf9b8ae5dc6438975482ce589db24e,e3b0c44298fc1c149afbf4c8996fb92427ae41e4649b934ca495991b7852b855,88717ea38094b5053ef36682cbe038accac6c0399061a75aaae9ae82f1694cd5,696355a5d230f7607fccf47600c3149601c3fe872aaebc65fde3ff9da7d61f28,factorized,factorized,False,,,0,0d9e5fdba57c30b9b0e238876011815027bab365040d0c605f74fba1987f67c5,b45f6d311a33a790cfe03615f347a4626e5c0a6412309c39e4d07882f98a09c0,770c3d348365b7f744f2eaee964b61cc57615c10f8ca9a47a061ac03ee1c343e
cath663,3qwnA,3qwn,A,sword2-rust,factorized,factorized-accuracy,,,False,0,0.2352533619850874,11200,"[""/home/chili/cretin/PROJECTS/SWORD2/target/release/sword2"",""-i"",""/home/chili/cretin/PROJECTS/SWORD2/benchmark/cache/chains/3qwnA.pdb"",""-o"",""/home/chili/cretin/PROJECTS/SWORD2/benchmark/results_factorized_locked_model_attempt6/raw/sword2-rust/3qwnA"",""-j"",""1"",""--use-factorized-ranker""]","[""<binary>"",""-i"",""<input_structure>"",""-o"",""<process_output>"",""-j"",""1"",""--use-factorized-ranker""]",repository_root,86aaf18c40573cc2d678bf56f2103edf49b98d3bc12a315fe5acc4d335b4c735,raw/sword2-rust/3qwnA/3qwnA_A/summary.json,12d5666e1b70976301e19eb78ec49930921d71c5e491dc6d5e428726b6367a9b,e3b0c44298fc1c149afbf4c8996fb92427ae41e4649b934ca495991b7852b855,c681316ac07affe02898d6e363917690c86f88468de21b58fd350bd2ae886c59,696355a5d230f7607fccf47600c3149601c3fe872aaebc65fde3ff9da7d61f28,factorized,factorized,False,,,0,0d9e5fdba57c30b9b0e238876011815027bab365040d0c605f74fba1987f67c5,b45f6d311a33a790cfe03615f347a4626e5c0a6412309c39e4d07882f98a09c0,770c3d348365b7f744f2eaee964b61cc57615c10f8ca9a47a061ac03ee1c343e
cath663,3r5tA,3r5t,A,sword2-rust,factorized,factorized-accuracy,,,False,0,0.5550854266621172,15532,"[""/home/chili/cretin/PROJECTS/SWORD2/target/release/sword2"",""-i"",""/home/chili/cretin/PROJECTS/SWORD2/benchmark/cache/chains/3r5tA.pdb"",""-o"",""/home/chili/cretin/PROJECTS/SWORD2/benchmark/results_factorized_locked_model_attempt6/raw/sword2-rust/3r5tA"",""-j"",""1"",""--use-factorized-ranker""]","[""<binary>"",""-i"",""<input_structure>"",""-o"",""<process_output>"",""-j"",""1"",""--use-factorized-ranker""]",repository_root,88706b6519c61ffd1d53d27c7d55f7760e22d24a240abae71de6dd4d6696deaa,raw/sword2-rust/3r5tA/3r5tA_A/summary.json,af232ddee86dfc17a1ba339ef66a51aa4da52902180c7c16f28666ed29c82433,e3b0c44298fc1c149afbf4c8996fb92427ae41e4649b934ca495991b7852b855,ec7961851776e8aeabc04ee508ab9ea68f5fdf2920831568014ee05a0a091a0c,696355a5d230f7607fccf47600c3149601c3fe872aaebc65fde3ff9da7d61f28,factorized,factorized,False,,,0,0d9e5fdba57c30b9b0e238876011815027bab365040d0c605f74fba1987f67c5,b45f6d311a33a790cfe03615f347a4626e5c0a6412309c39e4d07882f98a09c0,770c3d348365b7f744f2eaee964b61cc57615c10f8ca9a47a061ac03ee1c343e
cath663,3r6oA,3r6o,A,sword2-rust,factorized,factorized-accuracy,,,False,0,0.3445769757963717,13052,"[""/home/chili/cretin/PROJECTS/SWORD2/target/release/sword2"",""-i"",""/home/chili/cretin/PROJECTS/SWORD2/benchmark/cache/chains/3r6oA.pdb"",""-o"",""/home/chili/cretin/PROJECTS/SWORD2/benchmark/results_factorized_locked_model_attempt6/raw/sword2-rust/3r6oA"",""-j"",""1"",""--use-factorized-ranker""]","[""<binary>"",""-i"",""<input_structure>"",""-o"",""<process_output>"",""-j"",""1"",""--use-factorized-ranker""]",repository_root,3877a540207724c69b512d3ca6d8b0b434326beb46c90f9260db7913585f9792,raw/sword2-rust/3r6oA/3r6oA_A/summary.json,196786ca41be61f4b0cd2c219811b196f5c150be27e506194caed5446f99c97e,e3b0c44298fc1c149afbf4c8996fb92427ae41e4649b934ca495991b7852b855,f6ecd3961a2bfae1b97118daa2de6a926b0d6cc879e1a667b0ddc1fd20720855,696355a5d230f7607fccf47600c3149601c3fe872aaebc65fde3ff9da7d61f28,factorized,factorized,False,,,0,0d9e5fdba57c30b9b0e238876011815027bab365040d0c605f74fba1987f67c5,b45f6d311a33a790cfe03615f347a4626e5c0a6412309c39e4d07882f98a09c0,770c3d348365b7f744f2eaee964b61cc57615c10f8ca9a47a061ac03ee1c343e
cath663,3r6qA,3r6q,A,sword2-rust,factorized,factorized-accuracy,,,False,0,1.0991575852967799,31308,"[""/home/chili/cretin/PROJECTS/SWORD2/target/release/sword2"",""-i"",""/home/chili/cretin/PROJECTS/SWORD2/benchmark/cache/chains/3r6qA.pdb"",""-o"",""/home/chili/cretin/PROJECTS/SWORD2/benchmark/results_factorized_locked_model_attempt6/raw/sword2-rust/3r6qA"",""-j"",""1"",""--use-factorized-ranker""]","[""<binary>"",""-i"",""<input_structure>"",""-o"",""<process_output>"",""-j"",""1"",""--use-factorized-ranker""]",repository_root,24dc8e9d87cda7b16d80fe70465a65c6b8c2ec7f22a04086dc1ff123269fed5e,raw/sword2-rust/3r6qA/3r6qA_A/summary.json,53c7953c4670662af4f3c24e80e932473774c836c46fda74fc265bcb2be95cd0,e3b0c44298fc1c149afbf4c8996fb92427ae41e4649b934ca495991b7852b855,9695758bb6ada4b59cc0c5ecaf1a3b49c8f182415d40f5006d27f5be7bb1d616,696355a5d230f7607fccf47600c3149601c3fe872aaebc65fde3ff9da7d61f28,factorized,factorized,False,,,0,0d9e5fdba57c30b9b0e238876011815027bab365040d0c605f74fba1987f67c5,b45f6d311a33a790cfe03615f347a4626e5c0a6412309c39e4d07882f98a09c0,770c3d348365b7f744f2eaee964b61cc57615c10f8ca9a47a061ac03ee1c343e
cath663,3r7pA,3r7p,A,sword2-rust,factorized,factorized-accuracy,,,False,0,0.5016985456459224,16116,"[""/home/chili/cretin/PROJECTS/SWORD2/target/release/sword2"",""-i"",""/home/chili/cretin/PROJECTS/SWORD2/benchmark/cache/chains/3r7pA.pdb"",""-o"",""/home/chili/cretin/PROJECTS/SWORD2/benchmark/results_factorized_locked_model_attempt6/raw/sword2-rust/3r7pA"",""-j"",""1"",""--use-factorized-ranker""]","[""<binary>"",""-i"",""<input_structure>"",""-o"",""<process_output>"",""-j"",""1"",""--use-factorized-ranker""]",repository_root,91b6909d29576662c9c8383124c6f051850bae15b1f4d0693e7d95d4cef24bc4,raw/sword2-rust/3r7pA/3r7pA_A/summary.json,b13c0970602aaad8a878f6057f96aee49171bcc2b8194adc50eeb56477a51173,e3b0c44298fc1c149afbf4c8996fb92427ae41e4649b934ca495991b7852b855,c2e2d67ac33afb2fb210a2a99062a96ce3e085dc5bf820db6bbe54498a526e47,696355a5d230f7607fccf47600c3149601c3fe872aaebc65fde3ff9da7d61f28,factorized,factorized,False,,,0,0d9e5fdba57c30b9b0e238876011815027bab365040d0c605f74fba1987f67c5,b45f6d311a33a790cfe03615f347a4626e5c0a6412309c39e4d07882f98a09c0,770c3d348365b7f744f2eaee964b61cc57615c10f8ca9a47a061ac03ee1c343e
cath663,3rd8A,3rd8,A,sword2-rust,factorized,factorized-accuracy,,,False,0,0.9944500587880611,27356,"[""/home/chili/cretin/PROJECTS/SWORD2/target/release/sword2"",""-i"",""/home/chili/cretin/PROJECTS/SWORD2/benchmark/cache/chains/3rd8A.pdb"",""-o"",""/home/chili/cretin/PROJECTS/SWORD2/benchmark/results_factorized_locked_model_attempt6/raw/sword2-rust/3rd8A"",""-j"",""1"",""--use-factorized-ranker""]","[""<binary>"",""-i"",""<input_structure>"",""-o"",""<process_output>"",""-j"",""1"",""--use-factorized-ranker""]",repository_root,886944d9b41f3f3c9dc679d5753dd8ca043e14099bcec2ea9cca7565fb3a9f58,raw/sword2-rust/3rd8A/3rd8A_A/summary.json,645a4b3ca083e513738e665babc0d0fb6e0013289c6103922172121434ac17cd,e3b0c44298fc1c149afbf4c8996fb92427ae41e4649b934ca495991b7852b855,d09dadb4b6dc3d62cf7e9143895671aa8ac0de9198cffc9aefe314f241bd7bbf,696355a5d230f7607fccf47600c3149601c3fe872aaebc65fde3ff9da7d61f28,factorized,factorized,False,,,0,0d9e5fdba57c30b9b0e238876011815027bab365040d0c605f74fba1987f67c5,b45f6d311a33a790cfe03615f347a4626e5c0a6412309c39e4d07882f98a09c0,770c3d348365b7f744f2eaee964b61cc57615c10f8ca9a47a061ac03ee1c343e
cath663,3rf7A,3rf7,A,sword2-rust,factorized,factorized-accuracy,,,False,0,0.5803576949983835,17108,"[""/home/chili/cretin/PROJECTS/SWORD2/target/release/sword2"",""-i"",""/home/chili/cretin/PROJECTS/SWORD2/benchmark/cache/chains/3rf7A.pdb"",""-o"",""/home/chili/cretin/PROJECTS/SWORD2/benchmark/results_factorized_locked_model_attempt6/raw/sword2-rust/3rf7A"",""-j"",""1"",""--use-factorized-ranker""]","[""<binary>"",""-i"",""<input_structure>"",""-o"",""<process_output>"",""-j"",""1"",""--use-factorized-ranker""]",repository_root,3b3a4e55050279b8b9857b1648120b57ebb8d593dfdbdd416449b41170317efe,raw/sword2-rust/3rf7A/3rf7A_A/summary.json,a313eeb53c53de8b5d11e877540b7288f1cf4977890a47579f294fdcef57c077,e3b0c44298fc1c149afbf4c8996fb92427ae41e4649b934ca495991b7852b855,636caa76776310f1f18c3ad1b7f51f0d50f433334137c44d5789fabbe02316ff,696355a5d230f7607fccf47600c3149601c3fe872aaebc65fde3ff9da7d61f28,factorized,factorized,False,,,0,0d9e5fdba57c30b9b0e238876011815027bab365040d0c605f74fba1987f67c5,b45f6d311a33a790cfe03615f347a4626e5c0a6412309c39e4d07882f98a09c0,770c3d348365b7f744f2eaee964b61cc57615c10f8ca9a47a061ac03ee1c343e
cath663,3rgaA,3rga,A,sword2-rust,factorized,factorized-accuracy,,,False,0,0.3448945148847997,12360,"[""/home/chili/cretin/PROJECTS/SWORD2/target/release/sword2"",""-i"",""/home/chili/cretin/PROJECTS/SWORD2/benchmark/cache/chains/3rgaA.pdb"",""-o"",""/home/chili/cretin/PROJECTS/SWORD2/benchmark/results_factorized_locked_model_attempt6/raw/sword2-rust/3rgaA"",""-j"",""1"",""--use-factorized-ranker""]","[""<binary>"",""-i"",""<input_structure>"",""-o"",""<process_output>"",""-j"",""1"",""--use-factorized-ranker""]",repository_root,2eac916f7c54decc5c501b69f69b37f6445d8bf3ec74ce2cd385ba66a0d6b50f,raw/sword2-rust/3rgaA/3rgaA_A/summary.json,04a908aad2f7abac61ca466ce3be1b962fe84df47847c95e74c86a7517196dff,e3b0c44298fc1c149afbf4c8996fb92427ae41e4649b934ca495991b7852b855,e06d8c00056defff6bfd8788697f9e4f9714fb289429f5301b758d903f0c83f9,696355a5d230f7607fccf47600c3149601c3fe872aaebc65fde3ff9da7d61f28,factorized,factorized,False,,,0,0d9e5fdba57c30b9b0e238876011815027bab365040d0c605f74fba1987f67c5,b45f6d311a33a790cfe03615f347a4626e5c0a6412309c39e4d07882f98a09c0,770c3d348365b7f744f2eaee964b61cc57615c10f8ca9a47a061ac03ee1c343e
cath663,3rh3A,3rh3,A,sword2-rust,factorized,factorized-accuracy,,,False,0,0.25092850625514984,11780,"[""/home/chili/cretin/PROJECTS/SWORD2/target/release/sword2"",""-i"",""/home/chili/cretin/PROJECTS/SWORD2/benchmark/cache/chains/3rh3A.pdb"",""-o"",""/home/chili/cretin/PROJECTS/SWORD2/benchmark/results_factorized_locked_model_attempt6/raw/sword2-rust/3rh3A"",""-j"",""1"",""--use-factorized-ranker""]","[""<binary>"",""-i"",""<input_structure>"",""-o"",""<process_output>"",""-j"",""1"",""--use-factorized-ranker""]",repository_root,f17985d251a053286fd847e797caf3727c262ca4f148270f9e915e0f34e72b06,raw/sword2-rust/3rh3A/3rh3A_A/summary.json,5fabe38a7bbe60df5b13ce0803d6a81afbc4dea37cd19d49a75a88e982013cfb,e3b0c44298fc1c149afbf4c8996fb92427ae41e4649b934ca495991b7852b855,c37228e5ee463f5dd42d51fbfcb7351d99a33c94a54a16e8ed74da228466ece7,696355a5d230f7607fccf47600c3149601c3fe872aaebc65fde3ff9da7d61f28,factorized,factorized,False,,,0,0d9e5fdba57c30b9b0e238876011815027bab365040d0c605f74fba1987f67c5,b45f6d311a33a790cfe03615f347a4626e5c0a6412309c39e4d07882f98a09c0,770c3d348365b7f744f2eaee964b61cc57615c10f8ca9a47a061ac03ee1c343e
cath663,3rh3B,3rh3,B,sword2-rust,factorized,factorized-accuracy,,,False,0,0.3096517282538116,12160,"[""/home/chili/cretin/PROJECTS/SWORD2/target/release/sword2"",""-i"",""/home/chili/cretin/PROJECTS/SWORD2/benchmark/cache/chains/3rh3B.pdb"",""-o"",""/home/chili/cretin/PROJECTS/SWORD2/benchmark/results_factorized_locked_model_attempt6/raw/sword2-rust/3rh3B"",""-j"",""1"",""--use-factorized-ranker""]","[""<binary>"",""-i"",""<input_structure>"",""-o"",""<process_output>"",""-j"",""1"",""--use-factorized-ranker""]",repository_root,8de5107986021a3b9cc79bda8a7446afccaf84e595bb8c7b6a8a6e07fee024ee,raw/sword2-rust/3rh3B/3rh3B_B/summary.json,e26683a419d0922714b58403b8c6575a461a56bf35eaac989b6be262083bacca,e3b0c44298fc1c149afbf4c8996fb92427ae41e4649b934ca495991b7852b855,f8e1c80ef4aade59328181387b55cde194dc575de59df6b3b704fc9347fe01b2,696355a5d230f7607fccf47600c3149601c3fe872aaebc65fde3ff9da7d61f28,factorized,factorized,False,,,0,0d9e5fdba57c30b9b0e238876011815027bab365040d0c605f74fba1987f67c5,b45f6d311a33a790cfe03615f347a4626e5c0a6412309c39e4d07882f98a09c0,770c3d348365b7f744f2eaee964b61cc57615c10f8ca9a47a061ac03ee1c343e
cath663,3rr6A,3rr6,A,sword2-rust,factorized,factorized-accuracy,,,False,0,0.34613819792866707,11520,"[""/home/chili/cretin/PROJECTS/SWORD2/target/release/sword2"",""-i"",""/home/chili/cretin/PROJECTS/SWORD2/benchmark/cache/chains/3rr6A.pdb"",""-o"",""/home/chili/cretin/PROJECTS/SWORD2/benchmark/results_factorized_locked_model_attempt6/raw/sword2-rust/3rr6A"",""-j"",""1"",""--use-factorized-ranker""]","[""<binary>"",""-i"",""<input_structure>"",""-o"",""<process_output>"",""-j"",""1"",""--use-factorized-ranker""]",repository_root,632a44dc71afb600e1f8997f8ca185506709336a005ee17eb19c77e588b684ce,raw/sword2-rust/3rr6A/3rr6A_A/summary.json,9f91ed8007d3229cc8897e5c314bb871ce4978ada3a36846ad8085be530417a5,e3b0c44298fc1c149afbf4c8996fb92427ae41e4649b934ca495991b7852b855,b3ca96bfe60372cbcdedbd64a9640672b66297f9548134ee820dc2076704295f,696355a5d230f7607fccf47600c3149601c3fe872aaebc65fde3ff9da7d61f28,factorized,factorized,False,,,0,0d9e5fdba57c30b9b0e238876011815027bab365040d0c605f74fba1987f67c5,b45f6d311a33a790cfe03615f347a4626e5c0a6412309c39e4d07882f98a09c0,770c3d348365b7f744f2eaee964b61cc57615c10f8ca9a47a061ac03ee1c343e
cath663,3rrkA,3rrk,A,sword2-rust,factorized,factorized-accuracy,,,False,0,0.6205344940535724,14296,"[""/home/chili/cretin/PROJECTS/SWORD2/target/release/sword2"",""-i"",""/home/chili/cretin/PROJECTS/SWORD2/benchmark/cache/chains/3rrkA.pdb"",""-o"",""/home/chili/cretin/PROJECTS/SWORD2/benchmark/results_factorized_locked_model_attempt6/raw/sword2-rust/3rrkA"",""-j"",""1"",""--use-factorized-ranker""]","[""<binary>"",""-i"",""<input_structure>"",""-o"",""<process_output>"",""-j"",""1"",""--use-factorized-ranker""]",repository_root,cbfd87be34485f4678d26eee1934b0759ccc3325f1c6ab48a88395826ca43f05,raw/sword2-rust/3rrkA/3rrkA_A/summary.json,066e4d385f3adb861b794d4feac48ac6659b9549e3d2017b47473629909fee50,e3b0c44298fc1c149afbf4c8996fb92427ae41e4649b934ca495991b7852b855,906558ca79445f5dd6cfa417aaee87534ca2fc8b2036e2408acba4fb9e133fa2,696355a5d230f7607fccf47600c3149601c3fe872aaebc65fde3ff9da7d61f28,factorized,factorized,False,,,0,0d9e5fdba57c30b9b0e238876011815027bab365040d0c605f74fba1987f67c5,b45f6d311a33a790cfe03615f347a4626e5c0a6412309c39e4d07882f98a09c0,770c3d348365b7f744f2eaee964b61cc57615c10f8ca9a47a061ac03ee1c343e
cath663,3rrpA,3rrp,A,sword2-rust,factorized,factorized-accuracy,,,False,0,1.0224166186526418,32776,"[""/home/chili/cretin/PROJECTS/SWORD2/target/release/sword2"",""-i"",""/home/chili/cretin/PROJECTS/SWORD2/benchmark/cache/chains/3rrpA.pdb"",""-o"",""/home/chili/cretin/PROJECTS/SWORD2/benchmark/results_factorized_locked_model_attempt6/raw/sword2-rust/3rrpA"",""-j"",""1"",""--use-factorized-ranker""]","[""<binary>"",""-i"",""<input_structure>"",""-o"",""<process_output>"",""-j"",""1"",""--use-factorized-ranker""]",repository_root,0435a1a7e0525c1bfbe6876d06c7c67425ca097e8af379279a09a709967825c3,raw/sword2-rust/3rrpA/3rrpA_A/summary.json,fed207d9a883a87878d4b86f1b7d44e2b13a1db3f4fd16b1a332e2b98ee84086,e3b0c44298fc1c149afbf4c8996fb92427ae41e4649b934ca495991b7852b855,ea1285f9ad5273f6e1e8479d3d186e69485657ee10477b1c3ce13a0b470c4405,696355a5d230f7607fccf47600c3149601c3fe872aaebc65fde3ff9da7d61f28,factorized,factorized,False,,,0,0d9e5fdba57c30b9b0e238876011815027bab365040d0c605f74fba1987f67c5,b45f6d311a33a790cfe03615f347a4626e5c0a6412309c39e4d07882f98a09c0,770c3d348365b7f744f2eaee964b61cc57615c10f8ca9a47a061ac03ee1c343e
cath663,3rwxA,3rwx,A,sword2-rust,factorized,factorized-accuracy,,,False,0,0.19835837837308645,11468,"[""/home/chili/cretin/PROJECTS/SWORD2/target/release/sword2"",""-i"",""/home/chili/cretin/PROJECTS/SWORD2/benchmark/cache/chains/3rwxA.pdb"",""-o"",""/home/chili/cretin/PROJECTS/SWORD2/benchmark/results_factorized_locked_model_attempt6/raw/sword2-rust/3rwxA"",""-j"",""1"",""--use-factorized-ranker""]","[""<binary>"",""-i"",""<input_structure>"",""-o"",""<process_output>"",""-j"",""1"",""--use-factorized-ranker""]",repository_root,f8b3b5e7c6a0fa9e52f7c997e7ff2eef47f44858aeb03bab867628659fe9d038,raw/sword2-rust/3rwxA/3rwxA_A/summary.json,f2d75feff8040b4df2e421c3b1036fb2385bfeb40c08cb97636f53646684d9e0,e3b0c44298fc1c149afbf4c8996fb92427ae41e4649b934ca495991b7852b855,0a5537816ebe352c243bbc5973b8afb8757e957223b77c5570652114be32c3b5,696355a5d230f7607fccf47600c3149601c3fe872aaebc65fde3ff9da7d61f28,factorized,factorized,False,,,0,0d9e5fdba57c30b9b0e238876011815027bab365040d0c605f74fba1987f67c5,b45f6d311a33a790cfe03615f347a4626e5c0a6412309c39e4d07882f98a09c0,770c3d348365b7f744f2eaee964b61cc57615c10f8ca9a47a061ac03ee1c343e
cath663,3sxxA,3sxx,A,sword2-rust,factorized,factorized-accuracy,,,False,0,1.9508419847115874,64720,"[""/home/chili/cretin/PROJECTS/SWORD2/target/release/sword2"",""-i"",""/home/chili/cretin/PROJECTS/SWORD2/benchmark/cache/chains/3sxxA.pdb"",""-o"",""/home/chili/cretin/PROJECTS/SWORD2/benchmark/results_factorized_locked_model_attempt6/raw/sword2-rust/3sxxA"",""-j"",""1"",""--use-factorized-ranker""]","[""<binary>"",""-i"",""<input_structure>"",""-o"",""<process_output>"",""-j"",""1"",""--use-factorized-ranker""]",repository_root,d67cfe8d9f6eeefd5380aa563c563b9580f14ef02dd3c1eb11c298861d135f95,raw/sword2-rust/3sxxA/3sxxA_A/summary.json,e3258ff82d2064dc3ead676cacc6cbedd762b28e8ec9dcf5a02f4384c17bcc8b,e3b0c44298fc1c149afbf4c8996fb92427ae41e4649b934ca495991b7852b855,43260aea0f19c8008ddcf18280c7b3709f7a540b6e692e09cc4d7c8afa1f052d,696355a5d230f7607fccf47600c3149601c3fe872aaebc65fde3ff9da7d61f28,factorized,factorized,False,,,0,0d9e5fdba57c30b9b0e238876011815027bab365040d0c605f74fba1987f67c5,b45f6d311a33a790cfe03615f347a4626e5c0a6412309c39e4d07882f98a09c0,770c3d348365b7f744f2eaee964b61cc57615c10f8ca9a47a061ac03ee1c343e
cath663,3sxxC,3sxx,C,sword2-rust,factorized,factorized-accuracy,,,False,0,1.7624593479558825,61096,"[""/home/chili/cretin/PROJECTS/SWORD2/target/release/sword2"",""-i"",""/home/chili/cretin/PROJECTS/SWORD2/benchmark/cache/chains/3sxxC.pdb"",""-o"",""/home/chili/cretin/PROJECTS/SWORD2/benchmark/results_factorized_locked_model_attempt6/raw/sword2-rust/3sxxC"",""-j"",""1"",""--use-factorized-ranker""]","[""<binary>"",""-i"",""<input_structure>"",""-o"",""<process_output>"",""-j"",""1"",""--use-factorized-ranker""]",repository_root,32e210a0dfb5a9bdde09b356c8369f27ebafabafff610b8d1299436847f56c2f,raw/sword2-rust/3sxxC/3sxxC_C/summary.json,5748b32fc5f3574c65a9f2336386f98ae044c3af0d88d4c4b87069d975edd18f,e3b0c44298fc1c149afbf4c8996fb92427ae41e4649b934ca495991b7852b855,aeb9030e33bef94eb120037d9a9369cc496ad53e405f1fcd83e0df76c0be157e,58f1b0158d545f247ea44630c6af8bde6352f01b2f3c1ecfc50cddc45bccca86,factorized,legacy,True,structural_quality_abstention,factorized_fallback,0,0d9e5fdba57c30b9b0e238876011815027bab365040d0c605f74fba1987f67c5,b45f6d311a33a790cfe03615f347a4626e5c0a6412309c39e4d07882f98a09c0,770c3d348365b7f744f2eaee964b61cc57615c10f8ca9a47a061ac03ee1c343e
cath663,3tefA,3tef,A,sword2-rust,factorized,factorized-accuracy,,,False,0,0.3077733498066664,12700,"[""/home/chili/cretin/PROJECTS/SWORD2/target/release/sword2"",""-i"",""/home/chili/cretin/PROJECTS/SWORD2/benchmark/cache/chains/3tefA.pdb"",""-o"",""/home/chili/cretin/PROJECTS/SWORD2/benchmark/results_factorized_locked_model_attempt6/raw/sword2-rust/3tefA"",""-j"",""1"",""--use-factorized-ranker""]","[""<binary>"",""-i"",""<input_structure>"",""-o"",""<process_output>"",""-j"",""1"",""--use-factorized-ranker""]",repository_root,dc98908c9ff6c4f71957dfb37d2bb321f02ad67eec4be651a5273b811fa6b1e6,raw/sword2-rust/3tefA/3tefA_A/summary.json,b9290bf1bacc1af745a2e1182bcf9d20babefd5c3e2e04fc28e19b5326731a42,e3b0c44298fc1c149afbf4c8996fb92427ae41e4649b934ca495991b7852b855,f606a8e273ab7ddb839893ec3ecbca42ca6c65a395547de5f025bf099187696f,696355a5d230f7607fccf47600c3149601c3fe872aaebc65fde3ff9da7d61f28,factorized,factorized,False,,,0,0d9e5fdba57c30b9b0e238876011815027bab365040d0c605f74fba1987f67c5,b45f6d311a33a790cfe03615f347a4626e5c0a6412309c39e4d07882f98a09c0,770c3d348365b7f744f2eaee964b61cc57615c10f8ca9a47a061ac03ee1c343e
cath663,3tlkA,3tlk,A,sword2-rust,factorized,factorized-accuracy,,,False,0,0.38930457970127463,15448,"[""/home/chili/cretin/PROJECTS/SWORD2/target/release/sword2"",""-i"",""/home/chili/cretin/PROJECTS/SWORD2/benchmark/cache/chains/3tlkA.pdb"",""-o"",""/home/chili/cretin/PROJECTS/SWORD2/benchmark/results_factorized_locked_model_attempt6/raw/sword2-rust/3tlkA"",""-j"",""1"",""--use-factorized-ranker""]","[""<binary>"",""-i"",""<input_structure>"",""-o"",""<process_output>"",""-j"",""1"",""--use-factorized-ranker""]",repository_root,89ae2edba4f86084ac3e1a316a918a9cc91a573570b3ded847f3f56d8d2caf60,raw/sword2-rust/3tlkA/3tlkA_A/summary.json,cd8f5531b3f5dff10b300d786182869f9b582d0cfb4100c0870d022d0a5b26d2,e3b0c44298fc1c149afbf4c8996fb92427ae41e4649b934ca495991b7852b855,19328ef95b8c46b0b8366f707b9aa2c871aca0ce2a5abeda49205baba4d15c49,696355a5d230f7607fccf47600c3149601c3fe872aaebc65fde3ff9da7d61f28,factorized,factorized,False,,,0,0d9e5fdba57c30b9b0e238876011815027bab365040d0c605f74fba1987f67c5,b45f6d311a33a790cfe03615f347a4626e5c0a6412309c39e4d07882f98a09c0,770c3d348365b7f744f2eaee964b61cc57615c10f8ca9a47a061ac03ee1c343e
cath663,3tnyA,3tny,A,sword2-rust,factorized,factorized-accuracy,,,False,0,0.6324801770970225,13200,"[""/home/chili/cretin/PROJECTS/SWORD2/target/release/sword2"",""-i"",""/home/chili/cretin/PROJECTS/SWORD2/benchmark/cache/chains/3tnyA.pdb"",""-o"",""/home/chili/cretin/PROJECTS/SWORD2/benchmark/results_factorized_locked_model_attempt6/raw/sword2-rust/3tnyA"",""-j"",""1"",""--use-factorized-ranker""]","[""<binary>"",""-i"",""<input_structure>"",""-o"",""<process_output>"",""-j"",""1"",""--use-factorized-ranker""]",repository_root,b47d0df521808ad43e2da44382d28ca05f75098551b1b2ee7cc9e38c36d0b7db,raw/sword2-rust/3tnyA/3tnyA_A/summary.json,cda8eeab52b68af4ce9ae4fed4ac32a714415298cb6779a2a2d3283af46c7c8d,e3b0c44298fc1c149afbf4c8996fb92427ae41e4649b934ca495991b7852b855,79f5f007d27513d831df0e14ac91298687b22af45af95d3d551216cd3241a1c2,696355a5d230f7607fccf47600c3149601c3fe872aaebc65fde3ff9da7d61f28,factorized,factorized,False,,,0,0d9e5fdba57c30b9b0e238876011815027bab365040d0c605f74fba1987f67c5,b45f6d311a33a790cfe03615f347a4626e5c0a6412309c39e4d07882f98a09c0,770c3d348365b7f744f2eaee964b61cc57615c10f8ca9a47a061ac03ee1c343e
cath663,3tqgB,3tqg,B,sword2-rust,factorized,factorized-accuracy,,,False,0,0.5877966657280922,19484,"[""/home/chili/cretin/PROJECTS/SWORD2/target/release/sword2"",""-i"",""/home/chili/cretin/PROJECTS/SWORD2/benchmark/cache/chains/3tqgB.pdb"",""-o"",""/home/chili/cretin/PROJECTS/SWORD2/benchmark/results_factorized_locked_model_attempt6/raw/sword2-rust/3tqgB"",""-j"",""1"",""--use-factorized-ranker""]","[""<binary>"",""-i"",""<input_structure>"",""-o"",""<process_output>"",""-j"",""1"",""--use-factorized-ranker""]",repository_root,dc399034ade7f4a193d7b504371d48ef481fdfdb7a77202d5bca5d150bfa63a9,raw/sword2-rust/3tqgB/3tqgB_B/summary.json,24329a61c7a48e8e1496855d37c11dbede6192a03667ae8ea2923327db190d81,e3b0c44298fc1c149afbf4c8996fb92427ae41e4649b934ca495991b7852b855,fa4fafbfe565bcfc843c7d275dbb62c5ceac9babe559c3ca455b82d823916f52,696355a5d230f7607fccf47600c3149601c3fe872aaebc65fde3ff9da7d61f28,factorized,factorized,False,,,0,0d9e5fdba57c30b9b0e238876011815027bab365040d0c605f74fba1987f67c5,b45f6d311a33a790cfe03615f347a4626e5c0a6412309c39e4d07882f98a09c0,770c3d348365b7f744f2eaee964b61cc57615c10f8ca9a47a061ac03ee1c343e
cath663,3tv2A,3tv2,A,sword2-rust,factorized,factorized-accuracy,,,False,0,1.1109133241698146,33504,"[""/home/chili/cretin/PROJECTS/SWORD2/target/release/sword2"",""-i"",""/home/chili/cretin/PROJECTS/SWORD2/benchmark/cache/chains/3tv2A.pdb"",""-o"",""/home/chili/cretin/PROJECTS/SWORD2/benchmark/results_factorized_locked_model_attempt6/raw/sword2-rust/3tv2A"",""-j"",""1"",""--use-factorized-ranker""]","[""<binary>"",""-i"",""<input_structure>"",""-o"",""<process_output>"",""-j"",""1"",""--use-factorized-ranker""]",repository_root,344108590e4ab3995f0a9a4c7eb9b51203544e1a2f6e70ffe67cd3dbf1c9ad5e,raw/sword2-rust/3tv2A/3tv2A_A/summary.json,d5b112317fce4ca575be99ed35e9d5932e62cb2e481ee9ebb0b29fe81c844be5,e3b0c44298fc1c149afbf4c8996fb92427ae41e4649b934ca495991b7852b855,28617492f7ff7f8718aee02672727c1fe755773f5c607c0143e2a8b9480de779,696355a5d230f7607fccf47600c3149601c3fe872aaebc65fde3ff9da7d61f28,factorized,factorized,False,,,0,0d9e5fdba57c30b9b0e238876011815027bab365040d0c605f74fba1987f67c5,b45f6d311a33a790cfe03615f347a4626e5c0a6412309c39e4d07882f98a09c0,770c3d348365b7f744f2eaee964b61cc57615c10f8ca9a47a061ac03ee1c343e
cath663,3tw8A,3tw8,A,sword2-rust,factorized,factorized-accuracy,,,False,0,0.7270164457149804,21292,"[""/home/chili/cretin/PROJECTS/SWORD2/target/release/sword2"",""-i"",""/home/chili/cretin/PROJECTS/SWORD2/benchmark/cache/chains/3tw8A.pdb"",""-o"",""/home/chili/cretin/PROJECTS/SWORD2/benchmark/results_factorized_locked_model_attempt6/raw/sword2-rust/3tw8A"",""-j"",""1"",""--use-factorized-ranker""]","[""<binary>"",""-i"",""<input_structure>"",""-o"",""<process_output>"",""-j"",""1"",""--use-factorized-ranker""]",repository_root,b410fce148dca622db3113f67144d2c5ff54bc04c5be33861405b3463f49195b,raw/sword2-rust/3tw8A/3tw8A_A/summary.json,6ea70246384d761af34ada1e037442e1f267200736852397d1d753086debff12,e3b0c44298fc1c149afbf4c8996fb92427ae41e4649b934ca495991b7852b855,84c9909f3f19180f93c6c4df66da27c4a568e1c0fd65b4bf94de7156fd460629,696355a5d230f7607fccf47600c3149601c3fe872aaebc65fde3ff9da7d61f28,factorized,factorized,False,,,0,0d9e5fdba57c30b9b0e238876011815027bab365040d0c605f74fba1987f67c5,b45f6d311a33a790cfe03615f347a4626e5c0a6412309c39e4d07882f98a09c0,770c3d348365b7f744f2eaee964b61cc57615c10f8ca9a47a061ac03ee1c343e
cath663,3u7qA,3u7q,A,sword2-rust,factorized,factorized-accuracy,,,False,0,0.8961839023977518,28836,"[""/home/chili/cretin/PROJECTS/SWORD2/target/release/sword2"",""-i"",""/home/chili/cretin/PROJECTS/SWORD2/benchmark/cache/chains/3u7qA.pdb"",""-o"",""/home/chili/cretin/PROJECTS/SWORD2/benchmark/results_factorized_locked_model_attempt6/raw/sword2-rust/3u7qA"",""-j"",""1"",""--use-factorized-ranker""]","[""<binary>"",""-i"",""<input_structure>"",""-o"",""<process_output>"",""-j"",""1"",""--use-factorized-ranker""]",repository_root,899ec7af4b9e1c2c54611ca7c52693b25f36b58fbae71f0953cda85336cbb6e4,raw/sword2-rust/3u7qA/3u7qA_A/summary.json,498bac76d23ca923a5b1477781ab84cd9adebfcf8e4ec980af3dbd5ab539cc7d,e3b0c44298fc1c149afbf4c8996fb92427ae41e4649b934ca495991b7852b855,008cab2c1895a61f7416e11f130358db0d616516ba42b05766ea170b5c1f7ff7,696355a5d230f7607fccf47600c3149601c3fe872aaebc65fde3ff9da7d61f28,factorized,factorized,False,,,0,0d9e5fdba57c30b9b0e238876011815027bab365040d0c605f74fba1987f67c5,b45f6d311a33a790cfe03615f347a4626e5c0a6412309c39e4d07882f98a09c0,770c3d348365b7f744f2eaee964b61cc57615c10f8ca9a47a061ac03ee1c343e
cath663,3u7qB,3u7q,B,sword2-rust,factorized,factorized-accuracy,,,False,0,1.1766387550160289,40540,"[""/home/chili/cretin/PROJECTS/SWORD2/target/release/sword2"",""-i"",""/home/chili/cretin/PROJECTS/SWORD2/benchmark/cache/chains/3u7qB.pdb"",""-o"",""/home/chili/cretin/PROJECTS/SWORD2/benchmark/results_factorized_locked_model_attempt6/raw/sword2-rust/3u7qB"",""-j"",""1"",""--use-factorized-ranker""]","[""<binary>"",""-i"",""<input_structure>"",""-o"",""<process_output>"",""-j"",""1"",""--use-factorized-ranker""]",repository_root,3ded619a4868d6f980aa577e9a6fd6d39b05c241e62ea726f363e749906c0111,raw/sword2-rust/3u7qB/3u7qB_B/summary.json,7ea7fade8a2c64f34d192bdc1244eba0632d6541d29d9bae49a7ba918ea18034,e3b0c44298fc1c149afbf4c8996fb92427ae41e4649b934ca495991b7852b855,797d03e9e2bc7fa524695c16da52f98fb2a4cc1bc987a2bacdffa74ecd734a92,696355a5d230f7607fccf47600c3149601c3fe872aaebc65fde3ff9da7d61f28,factorized,factorized,False,,,0,0d9e5fdba57c30b9b0e238876011815027bab365040d0c605f74fba1987f67c5,b45f6d311a33a790cfe03615f347a4626e5c0a6412309c39e4d07882f98a09c0,770c3d348365b7f744f2eaee964b61cc57615c10f8ca9a47a061ac03ee1c343e
cath663,3uguA,3ugu,A,sword2-rust,factorized,factorized-accuracy,,,False,0,0.6300246338360012,19156,"[""/home/chili/cretin/PROJECTS/SWORD2/target/release/sword2"",""-i"",""/home/chili/cretin/PROJECTS/SWORD2/benchmark/cache/chains/3uguA.pdb"",""-o"",""/home/chili/cretin/PROJECTS/SWORD2/benchmark/results_factorized_locked_model_attempt6/raw/sword2-rust/3uguA"",""-j"",""1"",""--use-factorized-ranker""]","[""<binary>"",""-i"",""<input_structure>"",""-o"",""<process_output>"",""-j"",""1"",""--use-factorized-ranker""]",repository_root,788b6c99b7636bea86e7a445259f4c685ec2927be252ad1f74c1166f443e0417,raw/sword2-rust/3uguA/3uguA_A/summary.json,384feb66922a0b4d79579ca849f8f1c67afddbde4653016e9eb64c3ba66ea566,e3b0c44298fc1c149afbf4c8996fb92427ae41e4649b934ca495991b7852b855,d0795657d0db0fd33823b6f407b6967d01dfe52ba758f49f49a8ff6509c7bb1c,696355a5d230f7607fccf47600c3149601c3fe872aaebc65fde3ff9da7d61f28,factorized,factorized,False,,,0,0d9e5fdba57c30b9b0e238876011815027bab365040d0c605f74fba1987f67c5,b45f6d311a33a790cfe03615f347a4626e5c0a6412309c39e4d07882f98a09c0,770c3d348365b7f744f2eaee964b61cc57615c10f8ca9a47a061ac03ee1c343e
cath663,3uhjC,3uhj,C,sword2-rust,factorized,factorized-accuracy,,,False,0,0.5349558079615235,20236,"[""/home/chili/cretin/PROJECTS/SWORD2/target/release/sword2"",""-i"",""/home/chili/cretin/PROJECTS/SWORD2/benchmark/cache/chains/3uhjC.pdb"",""-o"",""/home/chili/cretin/PROJECTS/SWORD2/benchmark/results_factorized_locked_model_attempt6/raw/sword2-rust/3uhjC"",""-j"",""1"",""--use-factorized-ranker""]","[""<binary>"",""-i"",""<input_structure>"",""-o"",""<process_output>"",""-j"",""1"",""--use-factorized-ranker""]",repository_root,a4f6d48af37412923e1d6726e1060229129af7d40b97ddc0e98243d45516065a,raw/sword2-rust/3uhjC/3uhjC_C/summary.json,7ec3c7c1fe0e867b62fac31aa556fc5951029b85ef2bdb7cee6179324ad5b317,e3b0c44298fc1c149afbf4c8996fb92427ae41e4649b934ca495991b7852b855,55125e2c2956165194daed8f9cd37062753b7a24e4199dca25588d46ba8ab1c6,696355a5d230f7607fccf47600c3149601c3fe872aaebc65fde3ff9da7d61f28,factorized,factorized,False,,,0,0d9e5fdba57c30b9b0e238876011815027bab365040d0c605f74fba1987f67c5,b45f6d311a33a790cfe03615f347a4626e5c0a6412309c39e4d07882f98a09c0,770c3d348365b7f744f2eaee964b61cc57615c10f8ca9a47a061ac03ee1c343e
cath663,3uhjF,3uhj,F,sword2-rust,factorized,factorized-accuracy,,,False,0,0.5479875518940389,20172,"[""/home/chili/cretin/PROJECTS/SWORD2/target/release/sword2"",""-i"",""/home/chili/cretin/PROJECTS/SWORD2/benchmark/cache/chains/3uhjF.pdb"",""-o"",""/home/chili/cretin/PROJECTS/SWORD2/benchmark/results_factorized_locked_model_attempt6/raw/sword2-rust/3uhjF"",""-j"",""1"",""--use-factorized-ranker""]","[""<binary>"",""-i"",""<input_structure>"",""-o"",""<process_output>"",""-j"",""1"",""--use-factorized-ranker""]",repository_root,dd016b3f0166bef19cdf1a98a891a11571da9bfd6d3872c6e7f510cf5fc7251e,raw/sword2-rust/3uhjF/3uhjF_F/summary.json,733e862d9c2053a318ac3300eb1134666f1c7dcaeff2386615373059c9932875,e3b0c44298fc1c149afbf4c8996fb92427ae41e4649b934ca495991b7852b855,8bc1107e69a6f9db2cd6498d6fe0303b39e32224dc901a9b26a15fd5276d2d17,696355a5d230f7607fccf47600c3149601c3fe872aaebc65fde3ff9da7d61f28,factorized,factorized,False,,,0,0d9e5fdba57c30b9b0e238876011815027bab365040d0c605f74fba1987f67c5,b45f6d311a33a790cfe03615f347a4626e5c0a6412309c39e4d07882f98a09c0,770c3d348365b7f744f2eaee964b61cc57615c10f8ca9a47a061ac03ee1c343e
cath663,3ujpA,3ujp,A,sword2-rust,factorized,factorized-accuracy,,,False,0,0.3695081928744912,13288,"[""/home/chili/cretin/PROJECTS/SWORD2/target/release/sword2"",""-i"",""/home/chili/cretin/PROJECTS/SWORD2/benchmark/cache/chains/3ujpA.pdb"",""-o"",""/home/chili/cretin/PROJECTS/SWORD2/benchmark/results_factorized_locked_model_attempt6/raw/sword2-rust/3ujpA"",""-j"",""1"",""--use-factorized-ranker""]","[""<binary>"",""-i"",""<input_structure>"",""-o"",""<process_output>"",""-j"",""1"",""--use-factorized-ranker""]",repository_root,6627030851429902f2b16d7ca9ccaf3e377edfa93f6a31ffd28bdd8c7ad77dcb,raw/sword2-rust/3ujpA/3ujpA_A/summary.json,366ac6a15d96c10428c2cd88cea498900a122cb0ebf48ad56d42efe2a39073de,e3b0c44298fc1c149afbf4c8996fb92427ae41e4649b934ca495991b7852b855,04c8394e36cf5a2fb7c4a1042be89049dcfb3fcc094b78feba0b88d9ce38afb2,696355a5d230f7607fccf47600c3149601c3fe872aaebc65fde3ff9da7d61f28,factorized,factorized,False,,,0,0d9e5fdba57c30b9b0e238876011815027bab365040d0c605f74fba1987f67c5,b45f6d311a33a790cfe03615f347a4626e5c0a6412309c39e4d07882f98a09c0,770c3d348365b7f744f2eaee964b61cc57615c10f8ca9a47a061ac03ee1c343e
cath663,3ujpB,3ujp,B,sword2-rust,factorized,factorized-accuracy,,,False,0,0.32946460181847215,12260,"[""/home/chili/cretin/PROJECTS/SWORD2/target/release/sword2"",""-i"",""/home/chili/cretin/PROJECTS/SWORD2/benchmark/cache/chains/3ujpB.pdb"",""-o"",""/home/chili/cretin/PROJECTS/SWORD2/benchmark/results_factorized_locked_model_attempt6/raw/sword2-rust/3ujpB"",""-j"",""1"",""--use-factorized-ranker""]","[""<binary>"",""-i"",""<input_structure>"",""-o"",""<process_output>"",""-j"",""1"",""--use-factorized-ranker""]",repository_root,83e48675cd89555476456d7583051648061ceaacd4d86764a191746e2257ae44,raw/sword2-rust/3ujpB/3ujpB_B/summary.json,83e1b1a71a4fcd338595200fdce3f768301a29603ee64b7f64329f965ae29ac7,e3b0c44298fc1c149afbf4c8996fb92427ae41e4649b934ca495991b7852b855,95037d40d77523bf10f4c390d7f6b6eeb9515e55df3fb7411d03edf6e5058085,696355a5d230f7607fccf47600c3149601c3fe872aaebc65fde3ff9da7d61f28,factorized,factorized,False,,,0,0d9e5fdba57c30b9b0e238876011815027bab365040d0c605f74fba1987f67c5,b45f6d311a33a790cfe03615f347a4626e5c0a6412309c39e4d07882f98a09c0,770c3d348365b7f744f2eaee964b61cc57615c10f8ca9a47a061ac03ee1c343e
cath663,3unvA,3unv,A,sword2-rust,factorized,factorized-accuracy,,,False,0,1.85939586116001,49908,"[""/home/chili/cretin/PROJECTS/SWORD2/target/release/sword2"",""-i"",""/home/chili/cretin/PROJECTS/SWORD2/benchmark/cache/chains/3unvA.pdb"",""-o"",""/home/chili/cretin/PROJECTS/SWORD2/benchmark/results_factorized_locked_model_attempt6/raw/sword2-rust/3unvA"",""-j"",""1"",""--use-factorized-ranker""]","[""<binary>"",""-i"",""<input_structure>"",""-o"",""<process_output>"",""-j"",""1"",""--use-factorized-ranker""]",repository_root,448f5edc9460e86e382087a5fede0f82856d6acbaad5b2ef7f42f005584a81cf,raw/sword2-rust/3unvA/3unvA_A/summary.json,77caa4e8b812f75d714c40f82d47cae237d134dd8aae0761ee1a2d1d104446e2,e3b0c44298fc1c149afbf4c8996fb92427ae41e4649b934ca495991b7852b855,8f4b660e3c842b9f1be17af9a0c3b1158dfd48709284cf9939cad646ec7d11da,696355a5d230f7607fccf47600c3149601c3fe872aaebc65fde3ff9da7d61f28,factorized,factorized,False,,,0,0d9e5fdba57c30b9b0e238876011815027bab365040d0c605f74fba1987f67c5,b45f6d311a33a790cfe03615f347a4626e5c0a6412309c39e4d07882f98a09c0,770c3d348365b7f744f2eaee964b61cc57615c10f8ca9a47a061ac03ee1c343e
cath663,3uvfA,3uvf,A,sword2-rust,factorized,factorized-accuracy,,,False,0,0.3762449258938432,12800,"[""/home/chili/cretin/PROJECTS/SWORD2/target/release/sword2"",""-i"",""/home/chili/cretin/PROJECTS/SWORD2/benchmark/cache/chains/3uvfA.pdb"",""-o"",""/home/chili/cretin/PROJECTS/SWORD2/benchmark/results_factorized_locked_model_attempt6/raw/sword2-rust/3uvfA"",""-j"",""1"",""--use-factorized-ranker""]","[""<binary>"",""-i"",""<input_structure>"",""-o"",""<process_output>"",""-j"",""1"",""--use-factorized-ranker""]",repository_root,d8c5e65134fcea95736ae2f8e3cbf036946802f1e104987801ff143d68a95569,raw/sword2-rust/3uvfA/3uvfA_A/summary.json,8e40cbc6c97f813515a60d904871080814cc2e2343352a3c39590d03c56b8fd0,e3b0c44298fc1c149afbf4c8996fb92427ae41e4649b934ca495991b7852b855,4dbba041e6f8b7c5e8c1044294be145fc4c9d3b2b978d0a13dcb323ec712362b,696355a5d230f7607fccf47600c3149601c3fe872aaebc65fde3ff9da7d61f28,factorized,factorized,False,,,0,0d9e5fdba57c30b9b0e238876011815027bab365040d0c605f74fba1987f67c5,b45f6d311a33a790cfe03615f347a4626e5c0a6412309c39e4d07882f98a09c0,770c3d348365b7f744f2eaee964b61cc57615c10f8ca9a47a061ac03ee1c343e
cath663,3ux3A,3ux3,A,sword2-rust,factorized,factorized-accuracy,,,False,0,0.26614064117893577,11200,"[""/home/chili/cretin/PROJECTS/SWORD2/target/release/sword2"",""-i"",""/home/chili/cretin/PROJECTS/SWORD2/benchmark/cache/chains/3ux3A.pdb"",""-o"",""/home/chili/cretin/PROJECTS/SWORD2/benchmark/results_factorized_locked_model_attempt6/raw/sword2-rust/3ux3A"",""-j"",""1"",""--use-factorized-ranker""]","[""<binary>"",""-i"",""<input_structure>"",""-o"",""<process_output>"",""-j"",""1"",""--use-factorized-ranker""]",repository_root,e06dac4136e33f5cadd5dc7cf77783cd2de7e1a1bfa113070212ca1a1d6ae231,raw/sword2-rust/3ux3A/3ux3A_A/summary.json,d30fd503a3ed9d3d1b4eb739aa57f188c3a6b638fb97be3e146282d25f616051,e3b0c44298fc1c149afbf4c8996fb92427ae41e4649b934ca495991b7852b855,3f3cbd02de241a70e64d7b0e8044c4514fecd1af70c2e4466adbc05acaf41f27,696355a5d230f7607fccf47600c3149601c3fe872aaebc65fde3ff9da7d61f28,factorized,factorized,False,,,0,0d9e5fdba57c30b9b0e238876011815027bab365040d0c605f74fba1987f67c5,b45f6d311a33a790cfe03615f347a4626e5c0a6412309c39e4d07882f98a09c0,770c3d348365b7f744f2eaee964b61cc57615c10f8ca9a47a061ac03ee1c343e
cath663,3vldA,3vld,A,sword2-rust,factorized,factorized-accuracy,,,False,0,0.378435630351305,19596,"[""/home/chili/cretin/PROJECTS/SWORD2/target/release/sword2"",""-i"",""/home/chili/cretin/PROJECTS/SWORD2/benchmark/cache/chains/3vldA.pdb"",""-o"",""/home/chili/cretin/PROJECTS/SWORD2/benchmark/results_factorized_locked_model_attempt6/raw/sword2-rust/3vldA"",""-j"",""1"",""--use-factorized-ranker""]","[""<binary>"",""-i"",""<input_structure>"",""-o"",""<process_output>"",""-j"",""1"",""--use-factorized-ranker""]",repository_root,9c94c4f654c2aa9ada8d2081c96fa663bfb8184758059861d5990c43ddc175b5,raw/sword2-rust/3vldA/3vldA_A/summary.json,c4fe7fc089c0b765f4e5db101f4e367f7ce730bf8e489b59453d1c2906f99293,e3b0c44298fc1c149afbf4c8996fb92427ae41e4649b934ca495991b7852b855,9714b558cea92dfe5995cf2519113188e0926c368cded8de46b04dea8c3dbd36,696355a5d230f7607fccf47600c3149601c3fe872aaebc65fde3ff9da7d61f28,factorized,factorized,False,,,0,0d9e5fdba57c30b9b0e238876011815027bab365040d0c605f74fba1987f67c5,b45f6d311a33a790cfe03615f347a4626e5c0a6412309c39e4d07882f98a09c0,770c3d348365b7f744f2eaee964b61cc57615c10f8ca9a47a061ac03ee1c343e
cath663,3w5sA,3w5s,A,sword2-rust,factorized,factorized-accuracy,,,False,0,0.5721977627836168,19192,"[""/home/chili/cretin/PROJECTS/SWORD2/target/release/sword2"",""-i"",""/home/chili/cretin/PROJECTS/SWORD2/benchmark/cache/chains/3w5sA.pdb"",""-o"",""/home/chili/cretin/PROJECTS/SWORD2/benchmark/results_factorized_locked_model_attempt6/raw/sword2-rust/3w5sA"",""-j"",""1"",""--use-factorized-ranker""]","[""<binary>"",""-i"",""<input_structure>"",""-o"",""<process_output>"",""-j"",""1"",""--use-factorized-ranker""]",repository_root,38c2339e40270dcf6add7dd190f9322f1b0eb6c8c50c0b6f4e08aa74469cf6d6,raw/sword2-rust/3w5sA/3w5sA_A/summary.json,3a29d3562db80d4c515965f5d9a93df77a503fc61b91b7c32d909ea5b57ab2ba,e3b0c44298fc1c149afbf4c8996fb92427ae41e4649b934ca495991b7852b855,d97c26ae7d40796d17393fedd9e44e277f9af680e0bc22dabf3dc41dc7cd6cf0,696355a5d230f7607fccf47600c3149601c3fe872aaebc65fde3ff9da7d61f28,factorized,factorized,False,,,0,0d9e5fdba57c30b9b0e238876011815027bab365040d0c605f74fba1987f67c5,b45f6d311a33a790cfe03615f347a4626e5c0a6412309c39e4d07882f98a09c0,770c3d348365b7f744f2eaee964b61cc57615c10f8ca9a47a061ac03ee1c343e
cath663,3wa2X,3wa2,X,sword2-rust,factorized,factorized-accuracy,,,False,0,2.0891973371617496,70588,"[""/home/chili/cretin/PROJECTS/SWORD2/target/release/sword2"",""-i"",""/home/chili/cretin/PROJECTS/SWORD2/benchmark/cache/chains/3wa2X.pdb"",""-o"",""/home/chili/cretin/PROJECTS/SWORD2/benchmark/results_factorized_locked_model_attempt6/raw/sword2-rust/3wa2X"",""-j"",""1"",""--use-factorized-ranker""]","[""<binary>"",""-i"",""<input_structure>"",""-o"",""<process_output>"",""-j"",""1"",""--use-factorized-ranker""]",repository_root,2e502213536a26a5ef839acdbff0f344c0df8f1e6735a331217fa81e7e1ca1de,raw/sword2-rust/3wa2X/3wa2X_X/summary.json,fdcd3ec30d4ab29c42cc8468daa5f4b6347631e9acce8a9eb586e23be28a213e,e3b0c44298fc1c149afbf4c8996fb92427ae41e4649b934ca495991b7852b855,f002e4e33a1d6f7f15d91ef73f02a363a8dd445b9812e30598c53b3391411b1e,696355a5d230f7607fccf47600c3149601c3fe872aaebc65fde3ff9da7d61f28,factorized,factorized,False,,,0,0d9e5fdba57c30b9b0e238876011815027bab365040d0c605f74fba1987f67c5,b45f6d311a33a790cfe03615f347a4626e5c0a6412309c39e4d07882f98a09c0,770c3d348365b7f744f2eaee964b61cc57615c10f8ca9a47a061ac03ee1c343e
cath663,3x01A,3x01,A,sword2-rust,factorized,factorized-accuracy,,,False,0,0.6290247966535389,17560,"[""/home/chili/cretin/PROJECTS/SWORD2/target/release/sword2"",""-i"",""/home/chili/cretin/PROJECTS/SWORD2/benchmark/cache/chains/3x01A.pdb"",""-o"",""/home/chili/cretin/PROJECTS/SWORD2/benchmark/results_factorized_locked_model_attempt6/raw/sword2-rust/3x01A"",""-j"",""1"",""--use-factorized-ranker""]","[""<binary>"",""-i"",""<input_structure>"",""-o"",""<process_output>"",""-j"",""1"",""--use-factorized-ranker""]",repository_root,9a04d50c3c33e068e78cd6e93d526f5458089ac951a9e9ae609c175ccaf57551,raw/sword2-rust/3x01A/3x01A_A/summary.json,b80986939fcdd2373d430d76737e483ed138e7200417deba73549c51c218450a,e3b0c44298fc1c149afbf4c8996fb92427ae41e4649b934ca495991b7852b855,383c7eeba1202597abaa9356dc389c2376bcbe653efd64e4e05d4b7eb2d46304,696355a5d230f7607fccf47600c3149601c3fe872aaebc65fde3ff9da7d61f28,factorized,factorized,False,,,0,0d9e5fdba57c30b9b0e238876011815027bab365040d0c605f74fba1987f67c5,b45f6d311a33a790cfe03615f347a4626e5c0a6412309c39e4d07882f98a09c0,770c3d348365b7f744f2eaee964b61cc57615c10f8ca9a47a061ac03ee1c343e
cath663,3x01B,3x01,B,sword2-rust,factorized,factorized-accuracy,,,False,0,0.45993814477697015,14060,"[""/home/chili/cretin/PROJECTS/SWORD2/target/release/sword2"",""-i"",""/home/chili/cretin/PROJECTS/SWORD2/benchmark/cache/chains/3x01B.pdb"",""-o"",""/home/chili/cretin/PROJECTS/SWORD2/benchmark/results_factorized_locked_model_attempt6/raw/sword2-rust/3x01B"",""-j"",""1"",""--use-factorized-ranker""]","[""<binary>"",""-i"",""<input_structure>"",""-o"",""<process_output>"",""-j"",""1"",""--use-factorized-ranker""]",repository_root,85ec496396912c09a0317276b5f201acd3d8676104b4c0ee43135fca7d1ea1a1,raw/sword2-rust/3x01B/3x01B_B/summary.json,08d8883d2e750c83dec101a73f70d4378ab2635f3b4d2237cf253b104d84f186,e3b0c44298fc1c149afbf4c8996fb92427ae41e4649b934ca495991b7852b855,af3f4287c74f84f0444fa1aac9f87648b476a511997ddd37f8dddcd358a8e733,696355a5d230f7607fccf47600c3149601c3fe872aaebc65fde3ff9da7d61f28,factorized,factorized,False,,,0,0d9e5fdba57c30b9b0e238876011815027bab365040d0c605f74fba1987f67c5,b45f6d311a33a790cfe03615f347a4626e5c0a6412309c39e4d07882f98a09c0,770c3d348365b7f744f2eaee964b61cc57615c10f8ca9a47a061ac03ee1c343e
cath663,3zc4A,3zc4,A,sword2-rust,factorized,factorized-accuracy,,,False,0,0.3028642190620303,9600,"[""/home/chili/cretin/PROJECTS/SWORD2/target/release/sword2"",""-i"",""/home/chili/cretin/PROJECTS/SWORD2/benchmark/cache/chains/3zc4A.pdb"",""-o"",""/home/chili/cretin/PROJECTS/SWORD2/benchmark/results_factorized_locked_model_attempt6/raw/sword2-rust/3zc4A"",""-j"",""1"",""--use-factorized-ranker""]","[""<binary>"",""-i"",""<input_structure>"",""-o"",""<process_output>"",""-j"",""1"",""--use-factorized-ranker""]",repository_root,90d573a5f14fc7c10980cf6671def6afaac64ada4c651f39ac7ce2d963598183,raw/sword2-rust/3zc4A/3zc4A_A/summary.json,99cbef446c5b63455633725cae622667a4e165b1245354d16d7974cbdec2e968,e3b0c44298fc1c149afbf4c8996fb92427ae41e4649b934ca495991b7852b855,154ebc14ecbcca7146ad59f618359f12e42c61c8b7d928661777be850a2313af,696355a5d230f7607fccf47600c3149601c3fe872aaebc65fde3ff9da7d61f28,factorized,factorized,False,,,0,0d9e5fdba57c30b9b0e238876011815027bab365040d0c605f74fba1987f67c5,b45f6d311a33a790cfe03615f347a4626e5c0a6412309c39e4d07882f98a09c0,770c3d348365b7f744f2eaee964b61cc57615c10f8ca9a47a061ac03ee1c343e
cath663,3zc4F,3zc4,F,sword2-rust,factorized,factorized-accuracy,,,False,0,0.20509655913338065,9868,"[""/home/chili/cretin/PROJECTS/SWORD2/target/release/sword2"",""-i"",""/home/chili/cretin/PROJECTS/SWORD2/benchmark/cache/chains/3zc4F.pdb"",""-o"",""/home/chili/cretin/PROJECTS/SWORD2/benchmark/results_factorized_locked_model_attempt6/raw/sword2-rust/3zc4F"",""-j"",""1"",""--use-factorized-ranker""]","[""<binary>"",""-i"",""<input_structure>"",""-o"",""<process_output>"",""-j"",""1"",""--use-factorized-ranker""]",repository_root,a1c55ccc812bd6b35b8848ca83cc3244dfe839c58d8897027b6d8dbb2df55b34,raw/sword2-rust/3zc4F/3zc4F_F/summary.json,c88579b295f093bd66d4661c2f8e2b7a4572a899aaa2276080ea9d155511b009,e3b0c44298fc1c149afbf4c8996fb92427ae41e4649b934ca495991b7852b855,ff2c8a55132b71a8e857f3ffded31e66adc25e24e02dc596cffe34d97f3b355f,696355a5d230f7607fccf47600c3149601c3fe872aaebc65fde3ff9da7d61f28,factorized,factorized,False,,,0,0d9e5fdba57c30b9b0e238876011815027bab365040d0c605f74fba1987f67c5,b45f6d311a33a790cfe03615f347a4626e5c0a6412309c39e4d07882f98a09c0,770c3d348365b7f744f2eaee964b61cc57615c10f8ca9a47a061ac03ee1c343e
cath663,3zdrA,3zdr,A,sword2-rust,factorized,factorized-accuracy,,,False,0,0.7805194319225848,28332,"[""/home/chili/cretin/PROJECTS/SWORD2/target/release/sword2"",""-i"",""/home/chili/cretin/PROJECTS/SWORD2/benchmark/cache/chains/3zdrA.pdb"",""-o"",""/home/chili/cretin/PROJECTS/SWORD2/benchmark/results_factorized_locked_model_attempt6/raw/sword2-rust/3zdrA"",""-j"",""1"",""--use-factorized-ranker""]","[""<binary>"",""-i"",""<input_structure>"",""-o"",""<process_output>"",""-j"",""1"",""--use-factorized-ranker""]",repository_root,cec42eb09e5051528f695e74f4a795749af8accae3cfbe04630b57d51d5b9332,raw/sword2-rust/3zdrA/3zdrA_A/summary.json,7c208340fb3c0a378245f1aecc4f910d2d4ab71e550b0e33fb0ea8b4c5e0f636,e3b0c44298fc1c149afbf4c8996fb92427ae41e4649b934ca495991b7852b855,d6ade54f90fc64d6f9a435b81cee2becbe5bfffa2612bdcd4c1542b32ab13488,696355a5d230f7607fccf47600c3149601c3fe872aaebc65fde3ff9da7d61f28,factorized,factorized,False,,,0,0d9e5fdba57c30b9b0e238876011815027bab365040d0c605f74fba1987f67c5,b45f6d311a33a790cfe03615f347a4626e5c0a6412309c39e4d07882f98a09c0,770c3d348365b7f744f2eaee964b61cc57615c10f8ca9a47a061ac03ee1c343e
cath663,3zk9A,3zk9,A,sword2-rust,factorized,factorized-accuracy,,,False,0,0.43318124068900943,15404,"[""/home/chili/cretin/PROJECTS/SWORD2/target/release/sword2"",""-i"",""/home/chili/cretin/PROJECTS/SWORD2/benchmark/cache/chains/3zk9A.pdb"",""-o"",""/home/chili/cretin/PROJECTS/SWORD2/benchmark/results_factorized_locked_model_attempt6/raw/sword2-rust/3zk9A"",""-j"",""1"",""--use-factorized-ranker""]","[""<binary>"",""-i"",""<input_structure>"",""-o"",""<process_output>"",""-j"",""1"",""--use-factorized-ranker""]",repository_root,2dbf3fbb4a70b50ace3aaf8b6cc787a171bf2478ee142282b75bcbb30c467af5,raw/sword2-rust/3zk9A/3zk9A_A/summary.json,394347d7e136af1f27771e2067107fe6021b8e7b99b3e08ca7acf3932af833e2,e3b0c44298fc1c149afbf4c8996fb92427ae41e4649b934ca495991b7852b855,ed7db9e1124c442035fcff47075e33ecd6a1e42f6ff1e1dcebeff7105f9abc3c,696355a5d230f7607fccf47600c3149601c3fe872aaebc65fde3ff9da7d61f28,factorized,factorized,False,,,0,0d9e5fdba57c30b9b0e238876011815027bab365040d0c605f74fba1987f67c5,b45f6d311a33a790cfe03615f347a4626e5c0a6412309c39e4d07882f98a09c0,770c3d348365b7f744f2eaee964b61cc57615c10f8ca9a47a061ac03ee1c343e
cath663,3zokA,3zok,A,sword2-rust,factorized,factorized-accuracy,,,False,0,0.6327007110230625,22016,"[""/home/chili/cretin/PROJECTS/SWORD2/target/release/sword2"",""-i"",""/home/chili/cretin/PROJECTS/SWORD2/benchmark/cache/chains/3zokA.pdb"",""-o"",""/home/chili/cretin/PROJECTS/SWORD2/benchmark/results_factorized_locked_model_attempt6/raw/sword2-rust/3zokA"",""-j"",""1"",""--use-factorized-ranker""]","[""<binary>"",""-i"",""<input_structure>"",""-o"",""<process_output>"",""-j"",""1"",""--use-factorized-ranker""]",repository_root,ec3b967c565f07d562dc8de6f0115098e7d7bac0e57ba66de2de7a12f132da96,raw/sword2-rust/3zokA/3zokA_A/summary.json,63dddbb753371a5e2cf80c78fbf27491003e457b747711b4317285232c229283,e3b0c44298fc1c149afbf4c8996fb92427ae41e4649b934ca495991b7852b855,ca132202b9af5e1d21954e694988b4bdc45fee7f2f9bc4010ac882850ca81fbf,696355a5d230f7607fccf47600c3149601c3fe872aaebc65fde3ff9da7d61f28,factorized,factorized,False,,,0,0d9e5fdba57c30b9b0e238876011815027bab365040d0c605f74fba1987f67c5,b45f6d311a33a790cfe03615f347a4626e5c0a6412309c39e4d07882f98a09c0,770c3d348365b7f744f2eaee964b61cc57615c10f8ca9a47a061ac03ee1c343e
cath663,4a8sC,4a8s,C,sword2-rust,factorized,factorized-accuracy,,,False,0,2.553625944070518,81388,"[""/home/chili/cretin/PROJECTS/SWORD2/target/release/sword2"",""-i"",""/home/chili/cretin/PROJECTS/SWORD2/benchmark/cache/chains/4a8sC.pdb"",""-o"",""/home/chili/cretin/PROJECTS/SWORD2/benchmark/results_factorized_locked_model_attempt6/raw/sword2-rust/4a8sC"",""-j"",""1"",""--use-factorized-ranker""]","[""<binary>"",""-i"",""<input_structure>"",""-o"",""<process_output>"",""-j"",""1"",""--use-factorized-ranker""]",repository_root,aa21e2b3fd10dcd095754fd139db0f73bee1f779dc05b9b82e4f7fc93c5b4296,raw/sword2-rust/4a8sC/4a8sC_C/summary.json,822e8063e76685adf398672195e431ee939ca826ff7e16bc8d298a8f17c70546,e3b0c44298fc1c149afbf4c8996fb92427ae41e4649b934ca495991b7852b855,c5465cdea4222ca5921f37e293d17c97b9664df35ecd57082e6b82af8a0aeca6,696355a5d230f7607fccf47600c3149601c3fe872aaebc65fde3ff9da7d61f28,factorized,factorized,False,,,0,0d9e5fdba57c30b9b0e238876011815027bab365040d0c605f74fba1987f67c5,b45f6d311a33a790cfe03615f347a4626e5c0a6412309c39e4d07882f98a09c0,770c3d348365b7f744f2eaee964b61cc57615c10f8ca9a47a061ac03ee1c343e
cath663,4acfA,4acf,A,sword2-rust,factorized,factorized-accuracy,,,False,0,1.3355424907058477,40944,"[""/home/chili/cretin/PROJECTS/SWORD2/target/release/sword2"",""-i"",""/home/chili/cretin/PROJECTS/SWORD2/benchmark/cache/chains/4acfA.pdb"",""-o"",""/home/chili/cretin/PROJECTS/SWORD2/benchmark/results_factorized_locked_model_attempt6/raw/sword2-rust/4acfA"",""-j"",""1"",""--use-factorized-ranker""]","[""<binary>"",""-i"",""<input_structure>"",""-o"",""<process_output>"",""-j"",""1"",""--use-factorized-ranker""]",repository_root,a003313e7c1e3974c30361f9f18ee41174d1880f8e035f2b60585aeea2c88650,raw/sword2-rust/4acfA/4acfA_A/summary.json,33b5592b8430c328f92a23e8f1a7665029877ab755fe0c0d84f1767d1ac859e3,e3b0c44298fc1c149afbf4c8996fb92427ae41e4649b934ca495991b7852b855,6b4628a96177f173f7dcab79e95c81f83d33e4085e91ca681be4285e532ae87b,696355a5d230f7607fccf47600c3149601c3fe872aaebc65fde3ff9da7d61f28,factorized,factorized,False,,,0,0d9e5fdba57c30b9b0e238876011815027bab365040d0c605f74fba1987f67c5,b45f6d311a33a790cfe03615f347a4626e5c0a6412309c39e4d07882f98a09c0,770c3d348365b7f744f2eaee964b61cc57615c10f8ca9a47a061ac03ee1c343e
cath663,4admA,4adm,A,sword2-rust,factorized,factorized-accuracy,,,False,0,0.9021126851439476,25972,"[""/home/chili/cretin/PROJECTS/SWORD2/target/release/sword2"",""-i"",""/home/chili/cretin/PROJECTS/SWORD2/benchmark/cache/chains/4admA.pdb"",""-o"",""/home/chili/cretin/PROJECTS/SWORD2/benchmark/results_factorized_locked_model_attempt6/raw/sword2-rust/4admA"",""-j"",""1"",""--use-factorized-ranker""]","[""<binary>"",""-i"",""<input_structure>"",""-o"",""<process_output>"",""-j"",""1"",""--use-factorized-ranker""]",repository_root,b51408049f48278fcb6a75c0400d71925b7d5ad91b3d57693ab033c6f61156ba,raw/sword2-rust/4admA/4admA_A/summary.json,a1af858101fe1488b059a0c23201921c129c4a5266b2917b690c7535a5c45425,e3b0c44298fc1c149afbf4c8996fb92427ae41e4649b934ca495991b7852b855,7ea2d7426c6f6c163aba42e46434bc5e03a398a5640d1a0ce991a8090045509e,696355a5d230f7607fccf47600c3149601c3fe872aaebc65fde3ff9da7d61f28,factorized,factorized,False,,,0,0d9e5fdba57c30b9b0e238876011815027bab365040d0c605f74fba1987f67c5,b45f6d311a33a790cfe03615f347a4626e5c0a6412309c39e4d07882f98a09c0,770c3d348365b7f744f2eaee964b61cc57615c10f8ca9a47a061ac03ee1c343e
cath663,4admC,4adm,C,sword2-rust,factorized,factorized-accuracy,,,False,0,1.1605064868927002,36688,"[""/home/chili/cretin/PROJECTS/SWORD2/target/release/sword2"",""-i"",""/home/chili/cretin/PROJECTS/SWORD2/benchmark/cache/chains/4admC.pdb"",""-o"",""/home/chili/cretin/PROJECTS/SWORD2/benchmark/results_factorized_locked_model_attempt6/raw/sword2-rust/4admC"",""-j"",""1"",""--use-factorized-ranker""]","[""<binary>"",""-i"",""<input_structure>"",""-o"",""<process_output>"",""-j"",""1"",""--use-factorized-ranker""]",repository_root,afc3fe89068dc801a56b86a87886a9dac1ee4fb38fdc6d226d0286df530616e3,raw/sword2-rust/4admC/4admC_C/summary.json,001652fb4a8e2839015c22df4bb5c2c0400e5359930271c75ea6565380fc6397,e3b0c44298fc1c149afbf4c8996fb92427ae41e4649b934ca495991b7852b855,f0fffbcb70b4621b506aabfb7bbc66ce67f5440349027c69d49d830fbdd89e61,696355a5d230f7607fccf47600c3149601c3fe872aaebc65fde3ff9da7d61f28,factorized,factorized,False,,,0,0d9e5fdba57c30b9b0e238876011815027bab365040d0c605f74fba1987f67c5,b45f6d311a33a790cfe03615f347a4626e5c0a6412309c39e4d07882f98a09c0,770c3d348365b7f744f2eaee964b61cc57615c10f8ca9a47a061ac03ee1c343e
cath663,4am1A,4am1,A,sword2-rust,factorized,factorized-accuracy,,,False,0,0.43469630600884557,16320,"[""/home/chili/cretin/PROJECTS/SWORD2/target/release/sword2"",""-i"",""/home/chili/cretin/PROJECTS/SWORD2/benchmark/cache/chains/4am1A.pdb"",""-o"",""/home/chili/cretin/PROJECTS/SWORD2/benchmark/results_factorized_locked_model_attempt6/raw/sword2-rust/4am1A"",""-j"",""1"",""--use-factorized-ranker""]","[""<binary>"",""-i"",""<input_structure>"",""-o"",""<process_output>"",""-j"",""1"",""--use-factorized-ranker""]",repository_root,a882c0a81623ea8e90ce6ba7592c082ab508b862cfe3eedd0a70263001f2b582,raw/sword2-rust/4am1A/4am1A_A/summary.json,011cbd33e2c5bb9ecf5e6b510f0749886dcc085a64768d1d676a6c91285eb119,e3b0c44298fc1c149afbf4c8996fb92427ae41e4649b934ca495991b7852b855,dc213211e9ed29685e7879b815a4bd84b185153c633649afc4f8e8f40bd77ee7,696355a5d230f7607fccf47600c3149601c3fe872aaebc65fde3ff9da7d61f28,factorized,factorized,False,,,0,0d9e5fdba57c30b9b0e238876011815027bab365040d0c605f74fba1987f67c5,b45f6d311a33a790cfe03615f347a4626e5c0a6412309c39e4d07882f98a09c0,770c3d348365b7f744f2eaee964b61cc57615c10f8ca9a47a061ac03ee1c343e
cath663,4ar9A,4ar9,A,sword2-rust,factorized,factorized-accuracy,,,False,0,0.9389413883909583,27176,"[""/home/chili/cretin/PROJECTS/SWORD2/target/release/sword2"",""-i"",""/home/chili/cretin/PROJECTS/SWORD2/benchmark/cache/chains/4ar9A.pdb"",""-o"",""/home/chili/cretin/PROJECTS/SWORD2/benchmark/results_factorized_locked_model_attempt6/raw/sword2-rust/4ar9A"",""-j"",""1"",""--use-factorized-ranker""]","[""<binary>"",""-i"",""<input_structure>"",""-o"",""<process_output>"",""-j"",""1"",""--use-factorized-ranker""]",repository_root,2ec16f16011a52e1769e31955ac2566157e72279a7a6e45c4b588ca103f6f8e3,raw/sword2-rust/4ar9A/4ar9A_A/summary.json,2bd0986e63212d9e93a165f2c8985000fbe3f0f65e852720ee185f0c0f3c4e6c,e3b0c44298fc1c149afbf4c8996fb92427ae41e4649b934ca495991b7852b855,e6687796f07b318d4e509a520f4e0dbf282890888d35485511a14eafa5ae1779,696355a5d230f7607fccf47600c3149601c3fe872aaebc65fde3ff9da7d61f28,factorized,factorized,False,,,0,0d9e5fdba57c30b9b0e238876011815027bab365040d0c605f74fba1987f67c5,b45f6d311a33a790cfe03615f347a4626e5c0a6412309c39e4d07882f98a09c0,770c3d348365b7f744f2eaee964b61cc57615c10f8ca9a47a061ac03ee1c343e
cath663,4arfA,4arf,A,sword2-rust,factorized,factorized-accuracy,,,False,0,0.6542844036594033,23500,"[""/home/chili/cretin/PROJECTS/SWORD2/target/release/sword2"",""-i"",""/home/chili/cretin/PROJECTS/SWORD2/benchmark/cache/chains/4arfA.pdb"",""-o"",""/home/chili/cretin/PROJECTS/SWORD2/benchmark/results_factorized_locked_model_attempt6/raw/sword2-rust/4arfA"",""-j"",""1"",""--use-factorized-ranker""]","[""<binary>"",""-i"",""<input_structure>"",""-o"",""<process_output>"",""-j"",""1"",""--use-factorized-ranker""]",repository_root,6ba4623003181bd30ec0f394595db7f11dd925bb7109eb056dc29cc9ed640bab,raw/sword2-rust/4arfA/4arfA_A/summary.json,609cb3fd84be007ae5690de54afedf4f30740be0dca010d88f83a285ad76b278,e3b0c44298fc1c149afbf4c8996fb92427ae41e4649b934ca495991b7852b855,ef20e83872cff6107a494162839479afba863777f5b3a868ab49cc74109aab8d,696355a5d230f7607fccf47600c3149601c3fe872aaebc65fde3ff9da7d61f28,factorized,factorized,False,,,0,0d9e5fdba57c30b9b0e238876011815027bab365040d0c605f74fba1987f67c5,b45f6d311a33a790cfe03615f347a4626e5c0a6412309c39e4d07882f98a09c0,770c3d348365b7f744f2eaee964b61cc57615c10f8ca9a47a061ac03ee1c343e
cath663,4baxA,4bax,A,sword2-rust,factorized,factorized-accuracy,,,False,0,0.6287294928915799,22816,"[""/home/chili/cretin/PROJECTS/SWORD2/target/release/sword2"",""-i"",""/home/chili/cretin/PROJECTS/SWORD2/benchmark/cache/chains/4baxA.pdb"",""-o"",""/home/chili/cretin/PROJECTS/SWORD2/benchmark/results_factorized_locked_model_attempt6/raw/sword2-rust/4baxA"",""-j"",""1"",""--use-factorized-ranker""]","[""<binary>"",""-i"",""<input_structure>"",""-o"",""<process_output>"",""-j"",""1"",""--use-factorized-ranker""]",repository_root,17160c0b41888b9e884a11dc29c6c719082b92e1a8f983fd31696aaa04be9c2a,raw/sword2-rust/4baxA/4baxA_A/summary.json,d36072a32256c706d579256b820c201a16028389f4b53ee355b4088d74fc990d,e3b0c44298fc1c149afbf4c8996fb92427ae41e4649b934ca495991b7852b855,dfe78e67e2e4293b05199ff391c48bb2e5c55fbf02b13c270ca7836cfa47c9ba,696355a5d230f7607fccf47600c3149601c3fe872aaebc65fde3ff9da7d61f28,factorized,factorized,False,,,0,0d9e5fdba57c30b9b0e238876011815027bab365040d0c605f74fba1987f67c5,b45f6d311a33a790cfe03615f347a4626e5c0a6412309c39e4d07882f98a09c0,770c3d348365b7f744f2eaee964b61cc57615c10f8ca9a47a061ac03ee1c343e
cath663,4bgfA,4bgf,A,sword2-rust,factorized,factorized-accuracy,,,False,0,0.37203234201297164,15456,"[""/home/chili/cretin/PROJECTS/SWORD2/target/release/sword2"",""-i"",""/home/chili/cretin/PROJECTS/SWORD2/benchmark/cache/chains/4bgfA.pdb"",""-o"",""/home/chili/cretin/PROJECTS/SWORD2/benchmark/results_factorized_locked_model_attempt6/raw/sword2-rust/4bgfA"",""-j"",""1"",""--use-factorized-ranker""]","[""<binary>"",""-i"",""<input_structure>"",""-o"",""<process_output>"",""-j"",""1"",""--use-factorized-ranker""]",repository_root,607e2f87941479f4a90ee40804e30b1bd318ed31952e743c9a110bd4f36bcb4a,raw/sword2-rust/4bgfA/4bgfA_A/summary.json,3d18e315b8700b63466c9be7a9709043038f213be0cc9059cf9542a07e308893,e3b0c44298fc1c149afbf4c8996fb92427ae41e4649b934ca495991b7852b855,dea1ae0e609e25158a69b2d3d6678316c9ac43d178cdfe6f015c8db0e7986932,696355a5d230f7607fccf47600c3149601c3fe872aaebc65fde3ff9da7d61f28,factorized,factorized,False,,,0,0d9e5fdba57c30b9b0e238876011815027bab365040d0c605f74fba1987f67c5,b45f6d311a33a790cfe03615f347a4626e5c0a6412309c39e4d07882f98a09c0,770c3d348365b7f744f2eaee964b61cc57615c10f8ca9a47a061ac03ee1c343e
cath663,4bgfF,4bgf,F,sword2-rust,factorized,factorized-accuracy,,,False,0,0.32783205807209015,15360,"[""/home/chili/cretin/PROJECTS/SWORD2/target/release/sword2"",""-i"",""/home/chili/cretin/PROJECTS/SWORD2/benchmark/cache/chains/4bgfF.pdb"",""-o"",""/home/chili/cretin/PROJECTS/SWORD2/benchmark/results_factorized_locked_model_attempt6/raw/sword2-rust/4bgfF"",""-j"",""1"",""--use-factorized-ranker""]","[""<binary>"",""-i"",""<input_structure>"",""-o"",""<process_output>"",""-j"",""1"",""--use-factorized-ranker""]",repository_root,3060899971245c55cccba070e48005764ca6fedcb6b0112d9a95ed747a1365e0,raw/sword2-rust/4bgfF/4bgfF_F/summary.json,d48e2c02c6e6d635e5814c977e8e9926fac3f53ca0f12e4a7e4e9e1cbf8c19c9,e3b0c44298fc1c149afbf4c8996fb92427ae41e4649b934ca495991b7852b855,d4f9da4c564642828dcc41868a35a80dda7986ec07542bbcd26c4a540ff43cda,696355a5d230f7607fccf47600c3149601c3fe872aaebc65fde3ff9da7d61f28,factorized,factorized,False,,,0,0d9e5fdba57c30b9b0e238876011815027bab365040d0c605f74fba1987f67c5,b45f6d311a33a790cfe03615f347a4626e5c0a6412309c39e4d07882f98a09c0,770c3d348365b7f744f2eaee964b61cc57615c10f8ca9a47a061ac03ee1c343e
cath663,4bkwA,4bkw,A,sword2-rust,factorized,factorized-accuracy,,,False,0,1.025921010877937,31792,"[""/home/chili/cretin/PROJECTS/SWORD2/target/release/sword2"",""-i"",""/home/chili/cretin/PROJECTS/SWORD2/benchmark/cache/chains/4bkwA.pdb"",""-o"",""/home/chili/cretin/PROJECTS/SWORD2/benchmark/results_factorized_locked_model_attempt6/raw/sword2-rust/4bkwA"",""-j"",""1"",""--use-factorized-ranker""]","[""<binary>"",""-i"",""<input_structure>"",""-o"",""<process_output>"",""-j"",""1"",""--use-factorized-ranker""]",repository_root,b97e31d44eb17b8adc543a9d3b10367a425a6a00f94f5016fb561707a47b0641,raw/sword2-rust/4bkwA/4bkwA_A/summary.json,3362c9522f4e1fab851061ae1965ad630b372c691c28188d3c1ed66b80220b3e,e3b0c44298fc1c149afbf4c8996fb92427ae41e4649b934ca495991b7852b855,3071054140c521ad3ee1f1105b651c2742ade4d6d64fbf53b58a947801a21bc0,696355a5d230f7607fccf47600c3149601c3fe872aaebc65fde3ff9da7d61f28,factorized,factorized,False,,,0,0d9e5fdba57c30b9b0e238876011815027bab365040d0c605f74fba1987f67c5,b45f6d311a33a790cfe03615f347a4626e5c0a6412309c39e4d07882f98a09c0,770c3d348365b7f744f2eaee964b61cc57615c10f8ca9a47a061ac03ee1c343e
cath663,4bqnA,4bqn,A,sword2-rust,factorized,factorized-accuracy,,,False,0,0.34757025772705674,14800,"[""/home/chili/cretin/PROJECTS/SWORD2/target/release/sword2"",""-i"",""/home/chili/cretin/PROJECTS/SWORD2/benchmark/cache/chains/4bqnA.pdb"",""-o"",""/home/chili/cretin/PROJECTS/SWORD2/benchmark/results_factorized_locked_model_attempt6/raw/sword2-rust/4bqnA"",""-j"",""1"",""--use-factorized-ranker""]","[""<binary>"",""-i"",""<input_structure>"",""-o"",""<process_output>"",""-j"",""1"",""--use-factorized-ranker""]",repository_root,5b20e54e0d7fa7ad62153738645debd90e9a008af2a8ae5a762833e8fbd4ec7c,raw/sword2-rust/4bqnA/4bqnA_A/summary.json,3a7e2c1ff2f2812fd68dd8a136ecb254b77942b4c77dcd08ba48dfdcfa25dcb0,e3b0c44298fc1c149afbf4c8996fb92427ae41e4649b934ca495991b7852b855,e6a9aa992e25f5b33aaf29628bec3b26173724d8a59209d6973ae2a03d8b5d97,58f1b0158d545f247ea44630c6af8bde6352f01b2f3c1ecfc50cddc45bccca86,factorized,legacy,True,structural_quality_abstention,factorized_fallback,0,0d9e5fdba57c30b9b0e238876011815027bab365040d0c605f74fba1987f67c5,b45f6d311a33a790cfe03615f347a4626e5c0a6412309c39e4d07882f98a09c0,770c3d348365b7f744f2eaee964b61cc57615c10f8ca9a47a061ac03ee1c343e
cath663,4bx8A,4bx8,A,sword2-rust,factorized,factorized-accuracy,,,False,0,1.2467640303075314,39624,"[""/home/chili/cretin/PROJECTS/SWORD2/target/release/sword2"",""-i"",""/home/chili/cretin/PROJECTS/SWORD2/benchmark/cache/chains/4bx8A.pdb"",""-o"",""/home/chili/cretin/PROJECTS/SWORD2/benchmark/results_factorized_locked_model_attempt6/raw/sword2-rust/4bx8A"",""-j"",""1"",""--use-factorized-ranker""]","[""<binary>"",""-i"",""<input_structure>"",""-o"",""<process_output>"",""-j"",""1"",""--use-factorized-ranker""]",repository_root,6651a9e85881f7455cda4253e4ea4adcf19b5a27ee30f18b142eb09aea260529,raw/sword2-rust/4bx8A/4bx8A_A/summary.json,217621cb6f28a66d5d7ff932d0989be232dadbb8e54d4131b7343adb57fcbc9e,e3b0c44298fc1c149afbf4c8996fb92427ae41e4649b934ca495991b7852b855,28bf6861bb4f18d5d9369bc6bb94fb1a0cc5cf832fddf905ad3208d23003df69,696355a5d230f7607fccf47600c3149601c3fe872aaebc65fde3ff9da7d61f28,factorized,factorized,False,,,0,0d9e5fdba57c30b9b0e238876011815027bab365040d0c605f74fba1987f67c5,b45f6d311a33a790cfe03615f347a4626e5c0a6412309c39e4d07882f98a09c0,770c3d348365b7f744f2eaee964b61cc57615c10f8ca9a47a061ac03ee1c343e
cath663,4bx8B,4bx8,B,sword2-rust,factorized,factorized-accuracy,,,False,0,1.2156564607284963,39636,"[""/home/chili/cretin/PROJECTS/SWORD2/target/release/sword2"",""-i"",""/home/chili/cretin/PROJECTS/SWORD2/benchmark/cache/chains/4bx8B.pdb"",""-o"",""/home/chili/cretin/PROJECTS/SWORD2/benchmark/results_factorized_locked_model_attempt6/raw/sword2-rust/4bx8B"",""-j"",""1"",""--use-factorized-ranker""]","[""<binary>"",""-i"",""<input_structure>"",""-o"",""<process_output>"",""-j"",""1"",""--use-factorized-ranker""]",repository_root,c66b7ccb6511ad3ae2daea710e9417f7c0b8cb2707ae1a451b07566af1d34816,raw/sword2-rust/4bx8B/4bx8B_B/summary.json,4b2e458617a1e3443e874c555053c2cff333e5b6fcc9e0f055047b3ce3e85eac,e3b0c44298fc1c149afbf4c8996fb92427ae41e4649b934ca495991b7852b855,ada9542e9ab24510abccc10a36f863284a103f35fcfddfbf5fc29543e4d011a1,696355a5d230f7607fccf47600c3149601c3fe872aaebc65fde3ff9da7d61f28,factorized,factorized,False,,,0,0d9e5fdba57c30b9b0e238876011815027bab365040d0c605f74fba1987f67c5,b45f6d311a33a790cfe03615f347a4626e5c0a6412309c39e4d07882f98a09c0,770c3d348365b7f744f2eaee964b61cc57615c10f8ca9a47a061ac03ee1c343e
cath663,4by6A,4by6,A,sword2-rust,factorized,factorized-accuracy,,,False,0,0.6744474126026034,25016,"[""/home/chili/cretin/PROJECTS/SWORD2/target/release/sword2"",""-i"",""/home/chili/cretin/PROJECTS/SWORD2/benchmark/cache/chains/4by6A.pdb"",""-o"",""/home/chili/cretin/PROJECTS/SWORD2/benchmark/results_factorized_locked_model_attempt6/raw/sword2-rust/4by6A"",""-j"",""1"",""--use-factorized-ranker""]","[""<binary>"",""-i"",""<input_structure>"",""-o"",""<process_output>"",""-j"",""1"",""--use-factorized-ranker""]",repository_root,0f3c515c65f68d36d045f9d14e96ed8df9c48f8906011bb457b99ebe8ae63a5a,raw/sword2-rust/4by6A/4by6A_A/summary.json,e5b64e5695c42ee1c61f661b8f5732fab6276e4be0e11c0da60108ad3b75ba46,e3b0c44298fc1c149afbf4c8996fb92427ae41e4649b934ca495991b7852b855,6a69b668d9f4f913072f576864da41042af61823d142255559cd29e0adefbd3a,696355a5d230f7607fccf47600c3149601c3fe872aaebc65fde3ff9da7d61f28,factorized,factorized,False,,,0,0d9e5fdba57c30b9b0e238876011815027bab365040d0c605f74fba1987f67c5,b45f6d311a33a790cfe03615f347a4626e5c0a6412309c39e4d07882f98a09c0,770c3d348365b7f744f2eaee964b61cc57615c10f8ca9a47a061ac03ee1c343e
cath663,4by6D,4by6,D,sword2-rust,factorized,factorized-accuracy,,,False,0,0.6450235121883452,24976,"[""/home/chili/cretin/PROJECTS/SWORD2/target/release/sword2"",""-i"",""/home/chili/cretin/PROJECTS/SWORD2/benchmark/cache/chains/4by6D.pdb"",""-o"",""/home/chili/cretin/PROJECTS/SWORD2/benchmark/results_factorized_locked_model_attempt6/raw/sword2-rust/4by6D"",""-j"",""1"",""--use-factorized-ranker""]","[""<binary>"",""-i"",""<input_structure>"",""-o"",""<process_output>"",""-j"",""1"",""--use-factorized-ranker""]",repository_root,e58b4378f049ab3271dc2a4c361e1e10b4fe29bba29cd1fc8e3a16abb172528f,raw/sword2-rust/4by6D/4by6D_D/summary.json,9fefcb7c89c7358a7da59266c4d49d7e354fc71c661d01ca8d61c3b43212d2f7,e3b0c44298fc1c149afbf4c8996fb92427ae41e4649b934ca495991b7852b855,ce0fb17091285ba1649814e24b66022c3e280538a55d89304319d473d2e498d5,696355a5d230f7607fccf47600c3149601c3fe872aaebc65fde3ff9da7d61f28,factorized,factorized,False,,,0,0d9e5fdba57c30b9b0e238876011815027bab365040d0c605f74fba1987f67c5,b45f6d311a33a790cfe03615f347a4626e5c0a6412309c39e4d07882f98a09c0,770c3d348365b7f744f2eaee964b61cc57615c10f8ca9a47a061ac03ee1c343e
cath663,4c1bA,4c1b,A,sword2-rust,factorized,factorized-accuracy,,,False,0,0.20127396192401648,11840,"[""/home/chili/cretin/PROJECTS/SWORD2/target/release/sword2"",""-i"",""/home/chili/cretin/PROJECTS/SWORD2/benchmark/cache/chains/4c1bA.pdb"",""-o"",""/home/chili/cretin/PROJECTS/SWORD2/benchmark/results_factorized_locked_model_attempt6/raw/sword2-rust/4c1bA"",""-j"",""1"",""--use-factorized-ranker""]","[""<binary>"",""-i"",""<input_structure>"",""-o"",""<process_output>"",""-j"",""1"",""--use-factorized-ranker""]",repository_root,c3f47c360ae46a60b1f1c0b70fbb1bf3a90b4416f6b4d39e2e9839ae7669e579,raw/sword2-rust/4c1bA/4c1bA_A/summary.json,e105d846d7f0225aedfecd98ce22bc1a28446ab829b762ae4b17b7ad2a771a40,e3b0c44298fc1c149afbf4c8996fb92427ae41e4649b934ca495991b7852b855,9eb5d74933f6f4ef4667e46380aab5de899e557b2af6e6d9cbbe558bff0cc55b,696355a5d230f7607fccf47600c3149601c3fe872aaebc65fde3ff9da7d61f28,factorized,factorized,False,,,0,0d9e5fdba57c30b9b0e238876011815027bab365040d0c605f74fba1987f67c5,b45f6d311a33a790cfe03615f347a4626e5c0a6412309c39e4d07882f98a09c0,770c3d348365b7f744f2eaee964b61cc57615c10f8ca9a47a061ac03ee1c343e
cath663,4c5pA,4c5p,A,sword2-rust,factorized,factorized-accuracy,,,False,0,0.4266025968827307,15480,"[""/home/chili/cretin/PROJECTS/SWORD2/target/release/sword2"",""-i"",""/home/chili/cretin/PROJECTS/SWORD2/benchmark/cache/chains/4c5pA.pdb"",""-o"",""/home/chili/cretin/PROJECTS/SWORD2/benchmark/results_factorized_locked_model_attempt6/raw/sword2-rust/4c5pA"",""-j"",""1"",""--use-factorized-ranker""]","[""<binary>"",""-i"",""<input_structure>"",""-o"",""<process_output>"",""-j"",""1"",""--use-factorized-ranker""]",repository_root,4bbfa7d2b8431137f962979590304014402afdcbf13fdbc1be54dc25d211f9ac,raw/sword2-rust/4c5pA/4c5pA_A/summary.json,ebaa2bc36735d9305d1a26e31a5cdd10b44beb7a323943c71e6614dd2a426c38,e3b0c44298fc1c149afbf4c8996fb92427ae41e4649b934ca495991b7852b855,862bbbac481e7053a2482c656576415af9b7b78e4ae6b7e9a12b33f3563b66cc,696355a5d230f7607fccf47600c3149601c3fe872aaebc65fde3ff9da7d61f28,factorized,factorized,False,,,0,0d9e5fdba57c30b9b0e238876011815027bab365040d0c605f74fba1987f67c5,b45f6d311a33a790cfe03615f347a4626e5c0a6412309c39e4d07882f98a09c0,770c3d348365b7f744f2eaee964b61cc57615c10f8ca9a47a061ac03ee1c343e
cath663,4c5sA,4c5s,A,sword2-rust,factorized,factorized-accuracy,,,False,0,1.450268303975463,46052,"[""/home/chili/cretin/PROJECTS/SWORD2/target/release/sword2"",""-i"",""/home/chili/cretin/PROJECTS/SWORD2/benchmark/cache/chains/4c5sA.pdb"",""-o"",""/home/chili/cretin/PROJECTS/SWORD2/benchmark/results_factorized_locked_model_attempt6/raw/sword2-rust/4c5sA"",""-j"",""1"",""--use-factorized-ranker""]","[""<binary>"",""-i"",""<input_structure>"",""-o"",""<process_output>"",""-j"",""1"",""--use-factorized-ranker""]",repository_root,d91da8b70c77ae52a2d6ea40933b5b102f3322afb55b52c511a910c56e20f4a7,raw/sword2-rust/4c5sA/4c5sA_A/summary.json,f547996fc0900fa02f21128ce150e2f07a07f7d2c292e4ecf7aadaa2af3b41f5,e3b0c44298fc1c149afbf4c8996fb92427ae41e4649b934ca495991b7852b855,dca620eeaee24f7871009962edd95ca3e89e37f73848cfe33df74027c574d14c,696355a5d230f7607fccf47600c3149601c3fe872aaebc65fde3ff9da7d61f28,factorized,factorized,False,,,0,0d9e5fdba57c30b9b0e238876011815027bab365040d0c605f74fba1987f67c5,b45f6d311a33a790cfe03615f347a4626e5c0a6412309c39e4d07882f98a09c0,770c3d348365b7f744f2eaee964b61cc57615c10f8ca9a47a061ac03ee1c343e
cath663,4c5sC,4c5s,C,sword2-rust,factorized,factorized-accuracy,,,False,0,1.294762812089175,46384,"[""/home/chili/cretin/PROJECTS/SWORD2/target/release/sword2"",""-i"",""/home/chili/cretin/PROJECTS/SWORD2/benchmark/cache/chains/4c5sC.pdb"",""-o"",""/home/chili/cretin/PROJECTS/SWORD2/benchmark/results_factorized_locked_model_attempt6/raw/sword2-rust/4c5sC"",""-j"",""1"",""--use-factorized-ranker""]","[""<binary>"",""-i"",""<input_structure>"",""-o"",""<process_output>"",""-j"",""1"",""--use-factorized-ranker""]",repository_root,9a30f943005970a282155e3dd172153b1ffe4b5439825cdf7ad53ab39cdebc62,raw/sword2-rust/4c5sC/4c5sC_C/summary.json,0242b9997ab528f01f80ffbb89f52574f19ddad65cbf81761f8ba59d670e33b7,e3b0c44298fc1c149afbf4c8996fb92427ae41e4649b934ca495991b7852b855,0db6bacf12c349ea2f602375a8dec9e868df2508f0b8659b9f7fb49af000970d,696355a5d230f7607fccf47600c3149601c3fe872aaebc65fde3ff9da7d61f28,factorized,factorized,False,,,0,0d9e5fdba57c30b9b0e238876011815027bab365040d0c605f74fba1987f67c5,b45f6d311a33a790cfe03615f347a4626e5c0a6412309c39e4d07882f98a09c0,770c3d348365b7f744f2eaee964b61cc57615c10f8ca9a47a061ac03ee1c343e
cath663,4ccaA,4cca,A,sword2-rust,factorized,factorized-accuracy,,,False,0,1.340754687320441,41068,"[""/home/chili/cretin/PROJECTS/SWORD2/target/release/sword2"",""-i"",""/home/chili/cretin/PROJECTS/SWORD2/benchmark/cache/chains/4ccaA.pdb"",""-o"",""/home/chili/cretin/PROJECTS/SWORD2/benchmark/results_factorized_locked_model_attempt6/raw/sword2-rust/4ccaA"",""-j"",""1"",""--use-factorized-ranker""]","[""<binary>"",""-i"",""<input_structure>"",""-o"",""<process_output>"",""-j"",""1"",""--use-factorized-ranker""]",repository_root,58830a3b86fb302416f98c6b8e335268455b3953222a655b3c203b51c0aca42c,raw/sword2-rust/4ccaA/4ccaA_A/summary.json,679338a3e7e441bfa98aa27739895ee19f2ee6a1b6c926345b875225034ec3ef,e3b0c44298fc1c149afbf4c8996fb92427ae41e4649b934ca495991b7852b855,4f420d6fb52b955f74b2c1662ac3a84c14a9ebb8c633eb04f5c9cd9d798be8b9,696355a5d230f7607fccf47600c3149601c3fe872aaebc65fde3ff9da7d61f28,factorized,factorized,False,,,0,0d9e5fdba57c30b9b0e238876011815027bab365040d0c605f74fba1987f67c5,b45f6d311a33a790cfe03615f347a4626e5c0a6412309c39e4d07882f98a09c0,770c3d348365b7f744f2eaee964b61cc57615c10f8ca9a47a061ac03ee1c343e
cath663,4cl2A,4cl2,A,sword2-rust,factorized,factorized-accuracy,,,False,0,0.5337493820115924,12576,"[""/home/chili/cretin/PROJECTS/SWORD2/target/release/sword2"",""-i"",""/home/chili/cretin/PROJECTS/SWORD2/benchmark/cache/chains/4cl2A.pdb"",""-o"",""/home/chili/cretin/PROJECTS/SWORD2/benchmark/results_factorized_locked_model_attempt6/raw/sword2-rust/4cl2A"",""-j"",""1"",""--use-factorized-ranker""]","[""<binary>"",""-i"",""<input_structure>"",""-o"",""<process_output>"",""-j"",""1"",""--use-factorized-ranker""]",repository_root,2948a11e944b051687660885eb57082be9a66456df25df9e6b6f8cc7959c8a26,raw/sword2-rust/4cl2A/4cl2A_A/summary.json,19e5073628cfebf41b7c2608b18c5f4519e5bf0e88febde54a79066653525f1e,e3b0c44298fc1c149afbf4c8996fb92427ae41e4649b934ca495991b7852b855,44787030d62fbb0bfec274af035edef1daf65f2308fdf9c3b232cbe9ee863789,696355a5d230f7607fccf47600c3149601c3fe872aaebc65fde3ff9da7d61f28,factorized,factorized,False,,,0,0d9e5fdba57c30b9b0e238876011815027bab365040d0c605f74fba1987f67c5,b45f6d311a33a790cfe03615f347a4626e5c0a6412309c39e4d07882f98a09c0,770c3d348365b7f744f2eaee964b61cc57615c10f8ca9a47a061ac03ee1c343e
cath663,4dbfA,4dbf,A,sword2-rust,factorized,factorized-accuracy,,,False,0,0.38607933977618814,11644,"[""/home/chili/cretin/PROJECTS/SWORD2/target/release/sword2"",""-i"",""/home/chili/cretin/PROJECTS/SWORD2/benchmark/cache/chains/4dbfA.pdb"",""-o"",""/home/chili/cretin/PROJECTS/SWORD2/benchmark/results_factorized_locked_model_attempt6/raw/sword2-rust/4dbfA"",""-j"",""1"",""--use-factorized-ranker""]","[""<binary>"",""-i"",""<input_structure>"",""-o"",""<process_output>"",""-j"",""1"",""--use-factorized-ranker""]",repository_root,9b33815b1a0bff31189b140c89756c07328bccae529ea0dbacc6a8cfb3944acc,raw/sword2-rust/4dbfA/4dbfA_A/summary.json,691cfbd2a998bd5e823ffbd0b78e069ca0c58971ee53be570fc567e7d2ace326,e3b0c44298fc1c149afbf4c8996fb92427ae41e4649b934ca495991b7852b855,4edf1bc5f96c6ec2e45116a21901ba5092b461b803ee8b36ca97f24c6b5a12ec,696355a5d230f7607fccf47600c3149601c3fe872aaebc65fde3ff9da7d61f28,factorized,factorized,False,,,0,0d9e5fdba57c30b9b0e238876011815027bab365040d0c605f74fba1987f67c5,b45f6d311a33a790cfe03615f347a4626e5c0a6412309c39e4d07882f98a09c0,770c3d348365b7f744f2eaee964b61cc57615c10f8ca9a47a061ac03ee1c343e
cath663,4dbhA,4dbh,A,sword2-rust,factorized,factorized-accuracy,,,False,0,0.32277088100090623,11764,"[""/home/chili/cretin/PROJECTS/SWORD2/target/release/sword2"",""-i"",""/home/chili/cretin/PROJECTS/SWORD2/benchmark/cache/chains/4dbhA.pdb"",""-o"",""/home/chili/cretin/PROJECTS/SWORD2/benchmark/results_factorized_locked_model_attempt6/raw/sword2-rust/4dbhA"",""-j"",""1"",""--use-factorized-ranker""]","[""<binary>"",""-i"",""<input_structure>"",""-o"",""<process_output>"",""-j"",""1"",""--use-factorized-ranker""]",repository_root,74abac8e83dea8c0ac335a0686eb37519800e7097d3696f7296bad3b1cb261e6,raw/sword2-rust/4dbhA/4dbhA_A/summary.json,7a536d72086f27ff32530729c34c0c6e15bde64bd599543a1c8e5ab2352f65be,e3b0c44298fc1c149afbf4c8996fb92427ae41e4649b934ca495991b7852b855,2664fd90ffd398645c6dce384ea137ace9fd46c616167486e89cab7ab3abb13c,696355a5d230f7607fccf47600c3149601c3fe872aaebc65fde3ff9da7d61f28,factorized,factorized,False,,,0,0d9e5fdba57c30b9b0e238876011815027bab365040d0c605f74fba1987f67c5,b45f6d311a33a790cfe03615f347a4626e5c0a6412309c39e4d07882f98a09c0,770c3d348365b7f744f2eaee964b61cc57615c10f8ca9a47a061ac03ee1c343e
cath663,4dk2A,4dk2,A,sword2-rust,factorized,factorized-accuracy,,,False,0,0.3041920019313693,12744,"[""/home/chili/cretin/PROJECTS/SWORD2/target/release/sword2"",""-i"",""/home/chili/cretin/PROJECTS/SWORD2/benchmark/cache/chains/4dk2A.pdb"",""-o"",""/home/chili/cretin/PROJECTS/SWORD2/benchmark/results_factorized_locked_model_attempt6/raw/sword2-rust/4dk2A"",""-j"",""1"",""--use-factorized-ranker""]","[""<binary>"",""-i"",""<input_structure>"",""-o"",""<process_output>"",""-j"",""1"",""--use-factorized-ranker""]",repository_root,5005db8727a8ce8f14535e895b37b0b0ee4e931883d90bdaf0c453d48edfb698,raw/sword2-rust/4dk2A/4dk2A_A/summary.json,135ac4b1b6024da3f401a572c430ee5f4888ccfb5855d936d93ea10d82a38fb0,e3b0c44298fc1c149afbf4c8996fb92427ae41e4649b934ca495991b7852b855,6c91cac6a8c97bb7efd892e25f99acd074babb1447a31129402bbbf528ad1424,696355a5d230f7607fccf47600c3149601c3fe872aaebc65fde3ff9da7d61f28,factorized,factorized,False,,,0,0d9e5fdba57c30b9b0e238876011815027bab365040d0c605f74fba1987f67c5,b45f6d311a33a790cfe03615f347a4626e5c0a6412309c39e4d07882f98a09c0,770c3d348365b7f744f2eaee964b61cc57615c10f8ca9a47a061ac03ee1c343e
cath663,4dunA,4dun,A,sword2-rust,factorized,factorized-accuracy,,,False,0,0.4356657466851175,12800,"[""/home/chili/cretin/PROJECTS/SWORD2/target/release/sword2"",""-i"",""/home/chili/cretin/PROJECTS/SWORD2/benchmark/cache/chains/4dunA.pdb"",""-o"",""/home/chili/cretin/PROJECTS/SWORD2/benchmark/results_factorized_locked_model_attempt6/raw/sword2-rust/4dunA"",""-j"",""1"",""--use-factorized-ranker""]","[""<binary>"",""-i"",""<input_structure>"",""-o"",""<process_output>"",""-j"",""1"",""--use-factorized-ranker""]",repository_root,a961c17a8b6d101f216abab55afb9efb2b64484d5f6fed12871dbeaa879b5792,raw/sword2-rust/4dunA/4dunA_A/summary.json,2fd9a2f360fbc560d2e3b21d7e6549b86b2ce4731c59d8dcfa2ed73988c0a245,e3b0c44298fc1c149afbf4c8996fb92427ae41e4649b934ca495991b7852b855,8468f6d92427d153a8e36acc90da230071075614ed7a0fac6a32ac3496fd67da,696355a5d230f7607fccf47600c3149601c3fe872aaebc65fde3ff9da7d61f28,factorized,factorized,False,,,0,0d9e5fdba57c30b9b0e238876011815027bab365040d0c605f74fba1987f67c5,b45f6d311a33a790cfe03615f347a4626e5c0a6412309c39e4d07882f98a09c0,770c3d348365b7f744f2eaee964b61cc57615c10f8ca9a47a061ac03ee1c343e
cath663,4e4rA,4e4r,A,sword2-rust,factorized,factorized-accuracy,,,False,0,0.5856165662407875,19484,"[""/home/chili/cretin/PROJECTS/SWORD2/target/release/sword2"",""-i"",""/home/chili/cretin/PROJECTS/SWORD2/benchmark/cache/chains/4e4rA.pdb"",""-o"",""/home/chili/cretin/PROJECTS/SWORD2/benchmark/results_factorized_locked_model_attempt6/raw/sword2-rust/4e4rA"",""-j"",""1"",""--use-factorized-ranker""]","[""<binary>"",""-i"",""<input_structure>"",""-o"",""<process_output>"",""-j"",""1"",""--use-factorized-ranker""]",repository_root,1a4d8c1dd691a57b2106b09f80e455662345c4ffc9501c4f6e1e298dbd9cfb6f,raw/sword2-rust/4e4rA/4e4rA_A/summary.json,0378cdc0a8bc2089278adf915fe9a915fba19f48f07878d2b1d295775f128df5,e3b0c44298fc1c149afbf4c8996fb92427ae41e4649b934ca495991b7852b855,a69f2ef35b448d4ccfe784de8ecbed836cb5bdfd6aeafad270471cb46a4b5a95,696355a5d230f7607fccf47600c3149601c3fe872aaebc65fde3ff9da7d61f28,factorized,factorized,False,,,0,0d9e5fdba57c30b9b0e238876011815027bab365040d0c605f74fba1987f67c5,b45f6d311a33a790cfe03615f347a4626e5c0a6412309c39e4d07882f98a09c0,770c3d348365b7f744f2eaee964b61cc57615c10f8ca9a47a061ac03ee1c343e
cath663,4e6yA,4e6y,A,sword2-rust,factorized,factorized-accuracy,,,False,0,0.8415652187541127,26288,"[""/home/chili/cretin/PROJECTS/SWORD2/target/release/sword2"",""-i"",""/home/chili/cretin/PROJECTS/SWORD2/benchmark/cache/chains/4e6yA.pdb"",""-o"",""/home/chili/cretin/PROJECTS/SWORD2/benchmark/results_factorized_locked_model_attempt6/raw/sword2-rust/4e6yA"",""-j"",""1"",""--use-factorized-ranker""]","[""<binary>"",""-i"",""<input_structure>"",""-o"",""<process_output>"",""-j"",""1"",""--use-factorized-ranker""]",repository_root,30766f2a38d8e4a86254d60d91f1c3325959f09e5020f69ce13de0d7998b5714,raw/sword2-rust/4e6yA/4e6yA_A/summary.json,b41714acb9226875c0143d51bc93f6db410ac67900fff417faae00c470475a9d,e3b0c44298fc1c149afbf4c8996fb92427ae41e4649b934ca495991b7852b855,4105a453e2d7baefe6372fb1add85558961ec60c2c372c4d59e77041cd76edb9,696355a5d230f7607fccf47600c3149601c3fe872aaebc65fde3ff9da7d61f28,factorized,factorized,False,,,0,0d9e5fdba57c30b9b0e238876011815027bab365040d0c605f74fba1987f67c5,b45f6d311a33a790cfe03615f347a4626e5c0a6412309c39e4d07882f98a09c0,770c3d348365b7f744f2eaee964b61cc57615c10f8ca9a47a061ac03ee1c343e
cath663,4eeiA,4eei,A,sword2-rust,factorized,factorized-accuracy,,,False,0,0.7366808159276843,22876,"[""/home/chili/cretin/PROJECTS/SWORD2/target/release/sword2"",""-i"",""/home/chili/cretin/PROJECTS/SWORD2/benchmark/cache/chains/4eeiA.pdb"",""-o"",""/home/chili/cretin/PROJECTS/SWORD2/benchmark/results_factorized_locked_model_attempt6/raw/sword2-rust/4eeiA"",""-j"",""1"",""--use-factorized-ranker""]","[""<binary>"",""-i"",""<input_structure>"",""-o"",""<process_output>"",""-j"",""1"",""--use-factorized-ranker""]",repository_root,a57cbc5b0f1ecc2018de3b901ea587955b8f6ca1b76598fc1a86e25328f9c8ba,raw/sword2-rust/4eeiA/4eeiA_A/summary.json,e7b4df7972cb9dcabbeafa776051e1c8fbe6c71438eb7b01fbb0b2787d21ce4e,e3b0c44298fc1c149afbf4c8996fb92427ae41e4649b934ca495991b7852b855,5e5f3dc1b30609e387ac8485aaf7b711750605402b84f78207616875ebfdc516,696355a5d230f7607fccf47600c3149601c3fe872aaebc65fde3ff9da7d61f28,factorized,factorized,False,,,0,0d9e5fdba57c30b9b0e238876011815027bab365040d0c605f74fba1987f67c5,b45f6d311a33a790cfe03615f347a4626e5c0a6412309c39e4d07882f98a09c0,770c3d348365b7f744f2eaee964b61cc57615c10f8ca9a47a061ac03ee1c343e
cath663,4efcA,4efc,A,sword2-rust,factorized,factorized-accuracy,,,False,0,0.9052209919318557,25712,"[""/home/chili/cretin/PROJECTS/SWORD2/target/release/sword2"",""-i"",""/home/chili/cretin/PROJECTS/SWORD2/benchmark/cache/chains/4efcA.pdb"",""-o"",""/home/chili/cretin/PROJECTS/SWORD2/benchmark/results_factorized_locked_model_attempt6/raw/sword2-rust/4efcA"",""-j"",""1"",""--use-factorized-ranker""]","[""<binary>"",""-i"",""<input_structure>"",""-o"",""<process_output>"",""-j"",""1"",""--use-factorized-ranker""]",repository_root,6b2a94fd4150a4bcc0ed5ef8b81fdf58fa0093432afe09521dba96419b099402,raw/sword2-rust/4efcA/4efcA_A/summary.json,9d7a99912efbb90f9c80dc52a405c21b63e39c185982b5a89c50bc900d9fc152,e3b0c44298fc1c149afbf4c8996fb92427ae41e4649b934ca495991b7852b855,90794276e55a4407a755d1e12a61f55a98ed7ed25b8406ff70ce4c673fe1257f,696355a5d230f7607fccf47600c3149601c3fe872aaebc65fde3ff9da7d61f28,factorized,factorized,False,,,0,0d9e5fdba57c30b9b0e238876011815027bab365040d0c605f74fba1987f67c5,b45f6d311a33a790cfe03615f347a4626e5c0a6412309c39e4d07882f98a09c0,770c3d348365b7f744f2eaee964b61cc57615c10f8ca9a47a061ac03ee1c343e
cath663,4efjA,4efj,A,sword2-rust,factorized,factorized-accuracy,,,False,0,0.5216063112020493,13572,"[""/home/chili/cretin/PROJECTS/SWORD2/target/release/sword2"",""-i"",""/home/chili/cretin/PROJECTS/SWORD2/benchmark/cache/chains/4efjA.pdb"",""-o"",""/home/chili/cretin/PROJECTS/SWORD2/benchmark/results_factorized_locked_model_attempt6/raw/sword2-rust/4efjA"",""-j"",""1"",""--use-factorized-ranker""]","[""<binary>"",""-i"",""<input_structure>"",""-o"",""<process_output>"",""-j"",""1"",""--use-factorized-ranker""]",repository_root,d9e388354e1bce42d56e2819e4b0332acf6126da9a3508e3d46ae5c134bdcc50,raw/sword2-rust/4efjA/4efjA_A/summary.json,dc73f6d934e4e34f54ac9f66796796b20f752199ce57de22b52f7917a74aa6f8,e3b0c44298fc1c149afbf4c8996fb92427ae41e4649b934ca495991b7852b855,a0c1e6a05327ac11cabdee8dcade76f38c009df1baa002a49fb0999657429839,696355a5d230f7607fccf47600c3149601c3fe872aaebc65fde3ff9da7d61f28,factorized,factorized,False,,,0,0d9e5fdba57c30b9b0e238876011815027bab365040d0c605f74fba1987f67c5,b45f6d311a33a790cfe03615f347a4626e5c0a6412309c39e4d07882f98a09c0,770c3d348365b7f744f2eaee964b61cc57615c10f8ca9a47a061ac03ee1c343e
cath663,4epuA,4epu,A,sword2-rust,factorized,factorized-accuracy,,,False,0,0.29677116917446256,11520,"[""/home/chili/cretin/PROJECTS/SWORD2/target/release/sword2"",""-i"",""/home/chili/cretin/PROJECTS/SWORD2/benchmark/cache/chains/4epuA.pdb"",""-o"",""/home/chili/cretin/PROJECTS/SWORD2/benchmark/results_factorized_locked_model_attempt6/raw/sword2-rust/4epuA"",""-j"",""1"",""--use-factorized-ranker""]","[""<binary>"",""-i"",""<input_structure>"",""-o"",""<process_output>"",""-j"",""1"",""--use-factorized-ranker""]",repository_root,817e9f08acef2f01d6ab5163a5881b1a55a96a1540ecabd837c34a86701061f7,raw/sword2-rust/4epuA/4epuA_A/summary.json,a50960d0563139f5363a5d25683625b4c873448f5c5b269b38b8ef3b593a0537,e3b0c44298fc1c149afbf4c8996fb92427ae41e4649b934ca495991b7852b855,8c6fe2a04c25ae77209b89e63e0cc962849fd2886e00d27c028dffba6f886f49,696355a5d230f7607fccf47600c3149601c3fe872aaebc65fde3ff9da7d61f28,factorized,factorized,False,,,0,0d9e5fdba57c30b9b0e238876011815027bab365040d0c605f74fba1987f67c5,b45f6d311a33a790cfe03615f347a4626e5c0a6412309c39e4d07882f98a09c0,770c3d348365b7f744f2eaee964b61cc57615c10f8ca9a47a061ac03ee1c343e
cath663,4evfA,4evf,A,sword2-rust,factorized,factorized-accuracy,,,False,0,0.2569196820259094,13236,"[""/home/chili/cretin/PROJECTS/SWORD2/target/release/sword2"",""-i"",""/home/chili/cretin/PROJECTS/SWORD2/benchmark/cache/chains/4evfA.pdb"",""-o"",""/home/chili/cretin/PROJECTS/SWORD2/benchmark/results_factorized_locked_model_attempt6/raw/sword2-rust/4evfA"",""-j"",""1"",""--use-factorized-ranker""]","[""<binary>"",""-i"",""<input_structure>"",""-o"",""<process_output>"",""-j"",""1"",""--use-factorized-ranker""]",repository_root,6864949997446aa7bbb6029bfa159c429e8829518e06aabfd761f1a967b92892,raw/sword2-rust/4evfA/4evfA_A/summary.json,20a1054f78efe215af525317b54e926529e7c29b8c8870998d5ac41a5b56af66,e3b0c44298fc1c149afbf4c8996fb92427ae41e4649b934ca495991b7852b855,1cbcac25b9c1434976b3ddfffb0e40a1dc4a4baa41f8110e6ee7b9a5ebedb57b,696355a5d230f7607fccf47600c3149601c3fe872aaebc65fde3ff9da7d61f28,factorized,factorized,False,,,0,0d9e5fdba57c30b9b0e238876011815027bab365040d0c605f74fba1987f67c5,b45f6d311a33a790cfe03615f347a4626e5c0a6412309c39e4d07882f98a09c0,770c3d348365b7f744f2eaee964b61cc57615c10f8ca9a47a061ac03ee1c343e
cath663,4exrA,4exr,A,sword2-rust,factorized,factorized-accuracy,,,False,0,0.18891194416210055,10240,"[""/home/chili/cretin/PROJECTS/SWORD2/target/release/sword2"",""-i"",""/home/chili/cretin/PROJECTS/SWORD2/benchmark/cache/chains/4exrA.pdb"",""-o"",""/home/chili/cretin/PROJECTS/SWORD2/benchmark/results_factorized_locked_model_attempt6/raw/sword2-rust/4exrA"",""-j"",""1"",""--use-factorized-ranker""]","[""<binary>"",""-i"",""<input_structure>"",""-o"",""<process_output>"",""-j"",""1"",""--use-factorized-ranker""]",repository_root,20692b1feed8f697cad5a5ec23364f1a5dea44b62fb30715d490ff4d93db031d,raw/sword2-rust/4exrA/4exrA_A/summary.json,2e12b2060fdbdd79683964c6d9220f98e231b53e1457d85f05c990bd9f5a5a36,e3b0c44298fc1c149afbf4c8996fb92427ae41e4649b934ca495991b7852b855,e5c9854700968372f0d2e3a78278ee096748eaedc88e8e32cba3a96852425339,696355a5d230f7607fccf47600c3149601c3fe872aaebc65fde3ff9da7d61f28,factorized,factorized,False,,,0,0d9e5fdba57c30b9b0e238876011815027bab365040d0c605f74fba1987f67c5,b45f6d311a33a790cfe03615f347a4626e5c0a6412309c39e4d07882f98a09c0,770c3d348365b7f744f2eaee964b61cc57615c10f8ca9a47a061ac03ee1c343e
cath663,4g07A,4g07,A,sword2-rust,factorized,factorized-accuracy,,,False,0,1.0356413889676332,29880,"[""/home/chili/cretin/PROJECTS/SWORD2/target/release/sword2"",""-i"",""/home/chili/cretin/PROJECTS/SWORD2/benchmark/cache/chains/4g07A.pdb"",""-o"",""/home/chili/cretin/PROJECTS/SWORD2/benchmark/results_factorized_locked_model_attempt6/raw/sword2-rust/4g07A"",""-j"",""1"",""--use-factorized-ranker""]","[""<binary>"",""-i"",""<input_structure>"",""-o"",""<process_output>"",""-j"",""1"",""--use-factorized-ranker""]",repository_root,098b97b4b04426583a09c4564228c4cf81c8fc0200059fcd242c625f4f2b2d0b,raw/sword2-rust/4g07A/4g07A_A/summary.json,a7715b6a2904efe371f58128dcd4e471b1c99d4e58f9d48d6384a59b9d417847,e3b0c44298fc1c149afbf4c8996fb92427ae41e4649b934ca495991b7852b855,b8ef18288a236511a091bafb533562dd16cc77fe25b23f05cbd74e7b7e38aa14,696355a5d230f7607fccf47600c3149601c3fe872aaebc65fde3ff9da7d61f28,factorized,factorized,False,,,0,0d9e5fdba57c30b9b0e238876011815027bab365040d0c605f74fba1987f67c5,b45f6d311a33a790cfe03615f347a4626e5c0a6412309c39e4d07882f98a09c0,770c3d348365b7f744f2eaee964b61cc57615c10f8ca9a47a061ac03ee1c343e
cath663,4g09A,4g09,A,sword2-rust,factorized,factorized-accuracy,,,False,0,0.9793835659511387,30468,"[""/home/chili/cretin/PROJECTS/SWORD2/target/release/sword2"",""-i"",""/home/chili/cretin/PROJECTS/SWORD2/benchmark/cache/chains/4g09A.pdb"",""-o"",""/home/chili/cretin/PROJECTS/SWORD2/benchmark/results_factorized_locked_model_attempt6/raw/sword2-rust/4g09A"",""-j"",""1"",""--use-factorized-ranker""]","[""<binary>"",""-i"",""<input_structure>"",""-o"",""<process_output>"",""-j"",""1"",""--use-factorized-ranker""]",repository_root,e7b32b58a8fd5b3c6ce3796c1973049596b6e50f63f1049d750e93b614a3dffc,raw/sword2-rust/4g09A/4g09A_A/summary.json,c43790df12b4ad26affefa9616c9f7f213f41d2af7fcd496302c868103cc6ed1,e3b0c44298fc1c149afbf4c8996fb92427ae41e4649b934ca495991b7852b855,3387d40f9098e73f751af429e8fecf19605d79eae9e56922ffbd415b9cf5e557,696355a5d230f7607fccf47600c3149601c3fe872aaebc65fde3ff9da7d61f28,factorized,factorized,False,,,0,0d9e5fdba57c30b9b0e238876011815027bab365040d0c605f74fba1987f67c5,b45f6d311a33a790cfe03615f347a4626e5c0a6412309c39e4d07882f98a09c0,770c3d348365b7f744f2eaee964b61cc57615c10f8ca9a47a061ac03ee1c343e
cath663,4g59C,4g59,C,sword2-rust,factorized,factorized-accuracy,,,False,0,0.3616625377908349,12604,"[""/home/chili/cretin/PROJECTS/SWORD2/target/release/sword2"",""-i"",""/home/chili/cretin/PROJECTS/SWORD2/benchmark/cache/chains/4g59C.pdb"",""-o"",""/home/chili/cretin/PROJECTS/SWORD2/benchmark/results_factorized_locked_model_attempt6/raw/sword2-rust/4g59C"",""-j"",""1"",""--use-factorized-ranker""]","[""<binary>"",""-i"",""<input_structure>"",""-o"",""<process_output>"",""-j"",""1"",""--use-factorized-ranker""]",repository_root,a17b92fa1e851abb1dc5efcde4e7cd03d3798859061594a7658a87244221deb1,raw/sword2-rust/4g59C/4g59C_C/summary.json,93b667cfa25ab89fee9e2a6b57234f65bc70501a3b44d872e0376bcc98a90921,e3b0c44298fc1c149afbf4c8996fb92427ae41e4649b934ca495991b7852b855,1f6f5f2b7b50ed877a8e564294f86e44891dca1c2c3c7fac057f1e8ef03a5dfb,696355a5d230f7607fccf47600c3149601c3fe872aaebc65fde3ff9da7d61f28,factorized,factorized,False,,,0,0d9e5fdba57c30b9b0e238876011815027bab365040d0c605f74fba1987f67c5,b45f6d311a33a790cfe03615f347a4626e5c0a6412309c39e4d07882f98a09c0,770c3d348365b7f744f2eaee964b61cc57615c10f8ca9a47a061ac03ee1c343e
cath663,4g7nA,4g7n,A,sword2-rust,factorized,factorized-accuracy,,,False,0,0.30052896216511726,11520,"[""/home/chili/cretin/PROJECTS/SWORD2/target/release/sword2"",""-i"",""/home/chili/cretin/PROJECTS/SWORD2/benchmark/cache/chains/4g7nA.pdb"",""-o"",""/home/chili/cretin/PROJECTS/SWORD2/benchmark/results_factorized_locked_model_attempt6/raw/sword2-rust/4g7nA"",""-j"",""1"",""--use-factorized-ranker""]","[""<binary>"",""-i"",""<input_structure>"",""-o"",""<process_output>"",""-j"",""1"",""--use-factorized-ranker""]",repository_root,5b043d5a494129f20ae97d2a532160b9935ad976803151565c4a843871e096d8,raw/sword2-rust/4g7nA/4g7nA_A/summary.json,67613bb6036315e10c9c449a3ed6e68a1b554eeb96ddc5c9a8ab438c27bf0017,e3b0c44298fc1c149afbf4c8996fb92427ae41e4649b934ca495991b7852b855,c98d2d21cedd84db0050981633db4074b10e92daa3986f861097e6fc0267eb4a,696355a5d230f7607fccf47600c3149601c3fe872aaebc65fde3ff9da7d61f28,factorized,factorized,False,,,0,0d9e5fdba57c30b9b0e238876011815027bab365040d0c605f74fba1987f67c5,b45f6d311a33a790cfe03615f347a4626e5c0a6412309c39e4d07882f98a09c0,770c3d348365b7f744f2eaee964b61cc57615c10f8ca9a47a061ac03ee1c343e
cath663,4gicA,4gic,A,sword2-rust,factorized,factorized-accuracy,,,False,0,0.7427813997492194,21816,"[""/home/chili/cretin/PROJECTS/SWORD2/target/release/sword2"",""-i"",""/home/chili/cretin/PROJECTS/SWORD2/benchmark/cache/chains/4gicA.pdb"",""-o"",""/home/chili/cretin/PROJECTS/SWORD2/benchmark/results_factorized_locked_model_attempt6/raw/sword2-rust/4gicA"",""-j"",""1"",""--use-factorized-ranker""]","[""<binary>"",""-i"",""<input_structure>"",""-o"",""<process_output>"",""-j"",""1"",""--use-factorized-ranker""]",repository_root,a07dbc2845c5efcd5bc72e696290fe736ea5e16368349f20686e85bd3f81d6ea,raw/sword2-rust/4gicA/4gicA_A/summary.json,6f7ac2c88febf33b4b421fe04e45a8d812f36704c5983000e2e5f3dca4c039b4,e3b0c44298fc1c149afbf4c8996fb92427ae41e4649b934ca495991b7852b855,9ec8a0ddf52f0a3ca14153b3311ba99f2729b7aa69dbd1614a3aee2b69546b32,696355a5d230f7607fccf47600c3149601c3fe872aaebc65fde3ff9da7d61f28,factorized,factorized,False,,,0,0d9e5fdba57c30b9b0e238876011815027bab365040d0c605f74fba1987f67c5,b45f6d311a33a790cfe03615f347a4626e5c0a6412309c39e4d07882f98a09c0,770c3d348365b7f744f2eaee964b61cc57615c10f8ca9a47a061ac03ee1c343e
cath663,4guzA,4guz,A,sword2-rust,factorized,factorized-accuracy,,,False,0,0.2793290759436786,13392,"[""/home/chili/cretin/PROJECTS/SWORD2/target/release/sword2"",""-i"",""/home/chili/cretin/PROJECTS/SWORD2/benchmark/cache/chains/4guzA.pdb"",""-o"",""/home/chili/cretin/PROJECTS/SWORD2/benchmark/results_factorized_locked_model_attempt6/raw/sword2-rust/4guzA"",""-j"",""1"",""--use-factorized-ranker""]","[""<binary>"",""-i"",""<input_structure>"",""-o"",""<process_output>"",""-j"",""1"",""--use-factorized-ranker""]",repository_root,d1411166ea2dac225cb5c044ee5bc53f556e531b1d2a3f18860385548152a117,raw/sword2-rust/4guzA/4guzA_A/summary.json,c13caf603fe62a5e6c0679487a0d24af817d54c2e11f49100907fc00821ecdd3,e3b0c44298fc1c149afbf4c8996fb92427ae41e4649b934ca495991b7852b855,1c132b532c6e04a3bd3189b4fd3c8cb75def6e9cd4e10641b3fd0bd67b652484,696355a5d230f7607fccf47600c3149601c3fe872aaebc65fde3ff9da7d61f28,factorized,factorized,False,,,0,0d9e5fdba57c30b9b0e238876011815027bab365040d0c605f74fba1987f67c5,b45f6d311a33a790cfe03615f347a4626e5c0a6412309c39e4d07882f98a09c0,770c3d348365b7f744f2eaee964b61cc57615c10f8ca9a47a061ac03ee1c343e
cath663,4h0fA,4h0f,A,sword2-rust,factorized,factorized-accuracy,,,False,0,0.4414194840937853,12900,"[""/home/chili/cretin/PROJECTS/SWORD2/target/release/sword2"",""-i"",""/home/chili/cretin/PROJECTS/SWORD2/benchmark/cache/chains/4h0fA.pdb"",""-o"",""/home/chili/cretin/PROJECTS/SWORD2/benchmark/results_factorized_locked_model_attempt6/raw/sword2-rust/4h0fA"",""-j"",""1"",""--use-factorized-ranker""]","[""<binary>"",""-i"",""<input_structure>"",""-o"",""<process_output>"",""-j"",""1"",""--use-factorized-ranker""]",repository_root,5e5cb4acde2955a9c5c0ab20f1d973cbb8728c2aa39fb0e8fbaa67b0a74175a3,raw/sword2-rust/4h0fA/4h0fA_A/summary.json,c5dcaf2ce53fa6d18df177fefd9e121c381bb480924f7d18d448d56bc966a2c9,e3b0c44298fc1c149afbf4c8996fb92427ae41e4649b934ca495991b7852b855,47d952425402c56afb37de7b82f0e8350637be71f690010a6fdee6c4717bcbe9,696355a5d230f7607fccf47600c3149601c3fe872aaebc65fde3ff9da7d61f28,factorized,factorized,False,,,0,0d9e5fdba57c30b9b0e238876011815027bab365040d0c605f74fba1987f67c5,b45f6d311a33a790cfe03615f347a4626e5c0a6412309c39e4d07882f98a09c0,770c3d348365b7f744f2eaee964b61cc57615c10f8ca9a47a061ac03ee1c343e
cath663,4h40A,4h40,A,sword2-rust,factorized,factorized-accuracy,,,False,0,0.4111020499840379,15668,"[""/home/chili/cretin/PROJECTS/SWORD2/target/release/sword2"",""-i"",""/home/chili/cretin/PROJECTS/SWORD2/benchmark/cache/chains/4h40A.pdb"",""-o"",""/home/chili/cretin/PROJECTS/SWORD2/benchmark/results_factorized_locked_model_attempt6/raw/sword2-rust/4h40A"",""-j"",""1"",""--use-factorized-ranker""]","[""<binary>"",""-i"",""<input_structure>"",""-o"",""<process_output>"",""-j"",""1"",""--use-factorized-ranker""]",repository_root,d75d8fb51a8d091939c3a99961a89de8a9114d54fa4d73642f5a0c1b71c3600c,raw/sword2-rust/4h40A/4h40A_A/summary.json,c76dc5fd74dd09a2d3a2037eecd35222a20631861223187564785855a5bf3620,e3b0c44298fc1c149afbf4c8996fb92427ae41e4649b934ca495991b7852b855,1dca316f9206af9d04502751dddbce676bb889a040c333e06bd6dcb72b3b9bde,696355a5d230f7607fccf47600c3149601c3fe872aaebc65fde3ff9da7d61f28,factorized,factorized,False,,,0,0d9e5fdba57c30b9b0e238876011815027bab365040d0c605f74fba1987f67c5,b45f6d311a33a790cfe03615f347a4626e5c0a6412309c39e4d07882f98a09c0,770c3d348365b7f744f2eaee964b61cc57615c10f8ca9a47a061ac03ee1c343e
cath663,4h59A,4h59,A,sword2-rust,factorized,factorized-accuracy,,,False,0,0.5048396391794086,13988,"[""/home/chili/cretin/PROJECTS/SWORD2/target/release/sword2"",""-i"",""/home/chili/cretin/PROJECTS/SWORD2/benchmark/cache/chains/4h59A.pdb"",""-o"",""/home/chili/cretin/PROJECTS/SWORD2/benchmark/results_factorized_locked_model_attempt6/raw/sword2-rust/4h59A"",""-j"",""1"",""--use-factorized-ranker""]","[""<binary>"",""-i"",""<input_structure>"",""-o"",""<process_output>"",""-j"",""1"",""--use-factorized-ranker""]",repository_root,2211804d910631d1654def9760b9643f57e3139fecbe673d234ad662808c5c04,raw/sword2-rust/4h59A/4h59A_A/summary.json,d11a36f1ed4f5d9e6026edc458649f0bce3ebd46728b231436684b3467ef7360,e3b0c44298fc1c149afbf4c8996fb92427ae41e4649b934ca495991b7852b855,fca9ab82a70af51d068abc61de2aa68b31ce9d53ae5bf20a00e136c9546a1cc6,696355a5d230f7607fccf47600c3149601c3fe872aaebc65fde3ff9da7d61f28,factorized,factorized,False,,,0,0d9e5fdba57c30b9b0e238876011815027bab365040d0c605f74fba1987f67c5,b45f6d311a33a790cfe03615f347a4626e5c0a6412309c39e4d07882f98a09c0,770c3d348365b7f744f2eaee964b61cc57615c10f8ca9a47a061ac03ee1c343e
cath663,4hgvA,4hgv,A,sword2-rust,factorized,factorized-accuracy,,,False,0,1.126302766148001,32280,"[""/home/chili/cretin/PROJECTS/SWORD2/target/release/sword2"",""-i"",""/home/chili/cretin/PROJECTS/SWORD2/benchmark/cache/chains/4hgvA.pdb"",""-o"",""/home/chili/cretin/PROJECTS/SWORD2/benchmark/results_factorized_locked_model_attempt6/raw/sword2-rust/4hgvA"",""-j"",""1"",""--use-factorized-ranker""]","[""<binary>"",""-i"",""<input_structure>"",""-o"",""<process_output>"",""-j"",""1"",""--use-factorized-ranker""]",repository_root,0ae4ba1b898cea697b518ef6b6ad2dc3c4836a23aa5c88a8ca16e5c801772092,raw/sword2-rust/4hgvA/4hgvA_A/summary.json,6d35fccc4ecba9249b2f3cb1b09fa15626c75df6363abfaa33fc6858afb89957,e3b0c44298fc1c149afbf4c8996fb92427ae41e4649b934ca495991b7852b855,10db6c91c22861bc92840e2fba64078ea7ba5bc7204713f36454232e7c2bef27,696355a5d230f7607fccf47600c3149601c3fe872aaebc65fde3ff9da7d61f28,factorized,factorized,False,,,0,0d9e5fdba57c30b9b0e238876011815027bab365040d0c605f74fba1987f67c5,b45f6d311a33a790cfe03615f347a4626e5c0a6412309c39e4d07882f98a09c0,770c3d348365b7f744f2eaee964b61cc57615c10f8ca9a47a061ac03ee1c343e
cath663,4hgvD,4hgv,D,sword2-rust,factorized,factorized-accuracy,,,False,0,0.9679461219348013,31612,"[""/home/chili/cretin/PROJECTS/SWORD2/target/release/sword2"",""-i"",""/home/chili/cretin/PROJECTS/SWORD2/benchmark/cache/chains/4hgvD.pdb"",""-o"",""/home/chili/cretin/PROJECTS/SWORD2/benchmark/results_factorized_locked_model_attempt6/raw/sword2-rust/4hgvD"",""-j"",""1"",""--use-factorized-ranker""]","[""<binary>"",""-i"",""<input_structure>"",""-o"",""<process_output>"",""-j"",""1"",""--use-factorized-ranker""]",repository_root,7cec85983059405c4725f18f82e0beba9bef5e09f6626be39565eaa4ec47acd2,raw/sword2-rust/4hgvD/4hgvD_D/summary.json,965d4ee10770ca99694d5e5ea5c22294b68bf6be2721af7613b97a7b0a953a5c,e3b0c44298fc1c149afbf4c8996fb92427ae41e4649b934ca495991b7852b855,092b6df41ec67f7868f0ed387ff816596328d5467b32177b071a50972d9923e7,696355a5d230f7607fccf47600c3149601c3fe872aaebc65fde3ff9da7d61f28,factorized,factorized,False,,,0,0d9e5fdba57c30b9b0e238876011815027bab365040d0c605f74fba1987f67c5,b45f6d311a33a790cfe03615f347a4626e5c0a6412309c39e4d07882f98a09c0,770c3d348365b7f744f2eaee964b61cc57615c10f8ca9a47a061ac03ee1c343e
cath663,4hheA,4hhe,A,sword2-rust,factorized,factorized-accuracy,,,False,0,0.3737331270240247,13560,"[""/home/chili/cretin/PROJECTS/SWORD2/target/release/sword2"",""-i"",""/home/chili/cretin/PROJECTS/SWORD2/benchmark/cache/chains/4hheA.pdb"",""-o"",""/home/chili/cretin/PROJECTS/SWORD2/benchmark/results_factorized_locked_model_attempt6/raw/sword2-rust/4hheA"",""-j"",""1"",""--use-factorized-ranker""]","[""<binary>"",""-i"",""<input_structure>"",""-o"",""<process_output>"",""-j"",""1"",""--use-factorized-ranker""]",repository_root,bba2e738063a94e0d2452c771af1272ac6cdfc76ed2d8e6a71528da72205137e,raw/sword2-rust/4hheA/4hheA_A/summary.json,7198a7a02441e81b638ce87e2965fe47cde869fa7d4c88de427e791003b702b7,e3b0c44298fc1c149afbf4c8996fb92427ae41e4649b934ca495991b7852b855,0caff1e6d68e8f9b812830382c5c39052fbdf15b5e6fc8cb4511fb5dc030e75b,696355a5d230f7607fccf47600c3149601c3fe872aaebc65fde3ff9da7d61f28,factorized,factorized,False,,,0,0d9e5fdba57c30b9b0e238876011815027bab365040d0c605f74fba1987f67c5,b45f6d311a33a790cfe03615f347a4626e5c0a6412309c39e4d07882f98a09c0,770c3d348365b7f744f2eaee964b61cc57615c10f8ca9a47a061ac03ee1c343e
cath663,4hn9A,4hn9,A,sword2-rust,factorized,factorized-accuracy,,,False,0,0.5214952025562525,15252,"[""/home/chili/cretin/PROJECTS/SWORD2/target/release/sword2"",""-i"",""/home/chili/cretin/PROJECTS/SWORD2/benchmark/cache/chains/4hn9A.pdb"",""-o"",""/home/chili/cretin/PROJECTS/SWORD2/benchmark/results_factorized_locked_model_attempt6/raw/sword2-rust/4hn9A"",""-j"",""1"",""--use-factorized-ranker""]","[""<binary>"",""-i"",""<input_structure>"",""-o"",""<process_output>"",""-j"",""1"",""--use-factorized-ranker""]",repository_root,85fa334515051f8a9df4ac76ac17e6ea8d5834ffb49ff7b308aa4581a4ad229d,raw/sword2-rust/4hn9A/4hn9A_A/summary.json,88936bd2ff323a7f297fdc6e5f275938a03c2917e8c1631ec53c69f6c3dc956d,e3b0c44298fc1c149afbf4c8996fb92427ae41e4649b934ca495991b7852b855,cb06c7c7257f419356e5670b01253fd1c0d64e0b6a7536f635452927c67e9582,696355a5d230f7607fccf47600c3149601c3fe872aaebc65fde3ff9da7d61f28,factorized,factorized,False,,,0,0d9e5fdba57c30b9b0e238876011815027bab365040d0c605f74fba1987f67c5,b45f6d311a33a790cfe03615f347a4626e5c0a6412309c39e4d07882f98a09c0,770c3d348365b7f744f2eaee964b61cc57615c10f8ca9a47a061ac03ee1c343e
cath663,4hppA,4hpp,A,sword2-rust,factorized,factorized-accuracy,,,False,0,0.9666104251518846,27988,"[""/home/chili/cretin/PROJECTS/SWORD2/target/release/sword2"",""-i"",""/home/chili/cretin/PROJECTS/SWORD2/benchmark/cache/chains/4hppA.pdb"",""-o"",""/home/chili/cretin/PROJECTS/SWORD2/benchmark/results_factorized_locked_model_attempt6/raw/sword2-rust/4hppA"",""-j"",""1"",""--use-factorized-ranker""]","[""<binary>"",""-i"",""<input_structure>"",""-o"",""<process_output>"",""-j"",""1"",""--use-factorized-ranker""]",repository_root,85deb53cb8694ea906aa2ac4f5561c3dd6ac551ec1975ff5d0362c297620cf2d,raw/sword2-rust/4hppA/4hppA_A/summary.json,6825b3626637bd18d4b632784b8cafdccd6b68c851d1d313fa7d4e092d8f6ad4,e3b0c44298fc1c149afbf4c8996fb92427ae41e4649b934ca495991b7852b855,d8d016ac443255635a20d70c34415ba97623a8e55d4539d779a73dd502db5030,696355a5d230f7607fccf47600c3149601c3fe872aaebc65fde3ff9da7d61f28,factorized,factorized,False,,,0,0d9e5fdba57c30b9b0e238876011815027bab365040d0c605f74fba1987f67c5,b45f6d311a33a790cfe03615f347a4626e5c0a6412309c39e4d07882f98a09c0,770c3d348365b7f744f2eaee964b61cc57615c10f8ca9a47a061ac03ee1c343e
cath663,4i8oA,4i8o,A,sword2-rust,factorized,factorized-accuracy,,,False,0,0.5727037228643894,15840,"[""/home/chili/cretin/PROJECTS/SWORD2/target/release/sword2"",""-i"",""/home/chili/cretin/PROJECTS/SWORD2/benchmark/cache/chains/4i8oA.pdb"",""-o"",""/home/chili/cretin/PROJECTS/SWORD2/benchmark/results_factorized_locked_model_attempt6/raw/sword2-rust/4i8oA"",""-j"",""1"",""--use-factorized-ranker""]","[""<binary>"",""-i"",""<input_structure>"",""-o"",""<process_output>"",""-j"",""1"",""--use-factorized-ranker""]",repository_root,ae6e5e0febd9d7fcf1b8d49b577df94ff8ca8ec915133bfb6f44b577cdefb1a9,raw/sword2-rust/4i8oA/4i8oA_A/summary.json,6c0de5d98a1507bf2b0af6a6994e8491acfb78cda2056d363e16097be96293f5,e3b0c44298fc1c149afbf4c8996fb92427ae41e4649b934ca495991b7852b855,9b4a84c51b409078ab2a14077812672fb7a513269c1f796aee45d28bb7f9b71c,696355a5d230f7607fccf47600c3149601c3fe872aaebc65fde3ff9da7d61f28,factorized,factorized,False,,,0,0d9e5fdba57c30b9b0e238876011815027bab365040d0c605f74fba1987f67c5,b45f6d311a33a790cfe03615f347a4626e5c0a6412309c39e4d07882f98a09c0,770c3d348365b7f744f2eaee964b61cc57615c10f8ca9a47a061ac03ee1c343e
cath663,4ilyA,4ily,A,sword2-rust,factorized,factorized-accuracy,,,False,0,0.32599471462890506,11824,"[""/home/chili/cretin/PROJECTS/SWORD2/target/release/sword2"",""-i"",""/home/chili/cretin/PROJECTS/SWORD2/benchmark/cache/chains/4ilyA.pdb"",""-o"",""/home/chili/cretin/PROJECTS/SWORD2/benchmark/results_factorized_locked_model_attempt6/raw/sword2-rust/4ilyA"",""-j"",""1"",""--use-factorized-ranker""]","[""<binary>"",""-i"",""<input_structure>"",""-o"",""<process_output>"",""-j"",""1"",""--use-factorized-ranker""]",repository_root,8f5660199e4235ceb648540fabed00a4e9f7d78ba987184644a18036ec700b4e,raw/sword2-rust/4ilyA/4ilyA_A/summary.json,e883fca9835369c0e4d055aff6f78cab23db50f67938c37b5acf78f0ad3f42ce,e3b0c44298fc1c149afbf4c8996fb92427ae41e4649b934ca495991b7852b855,58bf1ee96ec97fcb5d79ff0c4e598619e9e513fb58545e0cd45a3ccf93fe03ba,696355a5d230f7607fccf47600c3149601c3fe872aaebc65fde3ff9da7d61f28,factorized,factorized,False,,,0,0d9e5fdba57c30b9b0e238876011815027bab365040d0c605f74fba1987f67c5,b45f6d311a33a790cfe03615f347a4626e5c0a6412309c39e4d07882f98a09c0,770c3d348365b7f744f2eaee964b61cc57615c10f8ca9a47a061ac03ee1c343e
cath663,4inoA,4ino,A,sword2-rust,factorized,factorized-accuracy,,,False,0,0.5257696849294007,15284,"[""/home/chili/cretin/PROJECTS/SWORD2/target/release/sword2"",""-i"",""/home/chili/cretin/PROJECTS/SWORD2/benchmark/cache/chains/4inoA.pdb"",""-o"",""/home/chili/cretin/PROJECTS/SWORD2/benchmark/results_factorized_locked_model_attempt6/raw/sword2-rust/4inoA"",""-j"",""1"",""--use-factorized-ranker""]","[""<binary>"",""-i"",""<input_structure>"",""-o"",""<process_output>"",""-j"",""1"",""--use-factorized-ranker""]",repository_root,0d08d22e04ab383d45ffb376394330ee7968c101c80b252f8794322d4e402e8d,raw/sword2-rust/4inoA/4inoA_A/summary.json,02e02373ffc86c26846cc1e4a0c69fcf1a113f61c89b2513db45c605e693c8ab,e3b0c44298fc1c149afbf4c8996fb92427ae41e4649b934ca495991b7852b855,910f9a6410adc7ea2a70fbebd6dcefaafcefe0fbb8a057c8ace5bce51b291ba8,696355a5d230f7607fccf47600c3149601c3fe872aaebc65fde3ff9da7d61f28,factorized,factorized,False,,,0,0d9e5fdba57c30b9b0e238876011815027bab365040d0c605f74fba1987f67c5,b45f6d311a33a790cfe03615f347a4626e5c0a6412309c39e4d07882f98a09c0,770c3d348365b7f744f2eaee964b61cc57615c10f8ca9a47a061ac03ee1c343e
cath663,4is4A,4is4,A,sword2-rust,factorized,factorized-accuracy,,,False,0,0.687188524287194,18464,"[""/home/chili/cretin/PROJECTS/SWORD2/target/release/sword2"",""-i"",""/home/chili/cretin/PROJECTS/SWORD2/benchmark/cache/chains/4is4A.pdb"",""-o"",""/home/chili/cretin/PROJECTS/SWORD2/benchmark/results_factorized_locked_model_attempt6/raw/sword2-rust/4is4A"",""-j"",""1"",""--use-factorized-ranker""]","[""<binary>"",""-i"",""<input_structure>"",""-o"",""<process_output>"",""-j"",""1"",""--use-factorized-ranker""]",repository_root,50792f8679a042135ebb1cdfa91b26250239cab9995b9b62797dbc2a3989053a,raw/sword2-rust/4is4A/4is4A_A/summary.json,e14db0715e8669f4797b6e72bfc4a255280523b16289745064e23eeee2ab4f08,e3b0c44298fc1c149afbf4c8996fb92427ae41e4649b934ca495991b7852b855,e4836f804bfa4ca50c204b5d7d8369c868f6df4268b253d6292993c19d43e83d,696355a5d230f7607fccf47600c3149601c3fe872aaebc65fde3ff9da7d61f28,factorized,factorized,False,,,0,0d9e5fdba57c30b9b0e238876011815027bab365040d0c605f74fba1987f67c5,b45f6d311a33a790cfe03615f347a4626e5c0a6412309c39e4d07882f98a09c0,770c3d348365b7f744f2eaee964b61cc57615c10f8ca9a47a061ac03ee1c343e
cath663,4is4D,4is4,D,sword2-rust,factorized,factorized-accuracy,,,False,0,0.4912242698483169,14172,"[""/home/chili/cretin/PROJECTS/SWORD2/target/release/sword2"",""-i"",""/home/chili/cretin/PROJECTS/SWORD2/benchmark/cache/chains/4is4D.pdb"",""-o"",""/home/chili/cretin/PROJECTS/SWORD2/benchmark/results_factorized_locked_model_attempt6/raw/sword2-rust/4is4D"",""-j"",""1"",""--use-factorized-ranker""]","[""<binary>"",""-i"",""<input_structure>"",""-o"",""<process_output>"",""-j"",""1"",""--use-factorized-ranker""]",repository_root,80532a6c06fb2a3dd62731d05638c7ef3e4c72a5de91e7afc681fa3a6302b6e2,raw/sword2-rust/4is4D/4is4D_D/summary.json,bcf666e6d695cbcab3e22a4ad509278cca295a503cba162b3123d902532be3c5,e3b0c44298fc1c149afbf4c8996fb92427ae41e4649b934ca495991b7852b855,424c2c55ad9d0e5e904f8819d075afda5c5592409650080d1b3a013d244d9ff0,696355a5d230f7607fccf47600c3149601c3fe872aaebc65fde3ff9da7d61f28,factorized,factorized,False,,,0,0d9e5fdba57c30b9b0e238876011815027bab365040d0c605f74fba1987f67c5,b45f6d311a33a790cfe03615f347a4626e5c0a6412309c39e4d07882f98a09c0,770c3d348365b7f744f2eaee964b61cc57615c10f8ca9a47a061ac03ee1c343e
cath663,4j8qA,4j8q,A,sword2-rust,factorized,factorized-accuracy,,,False,0,0.3458618661388755,9920,"[""/home/chili/cretin/PROJECTS/SWORD2/target/release/sword2"",""-i"",""/home/chili/cretin/PROJECTS/SWORD2/benchmark/cache/chains/4j8qA.pdb"",""-o"",""/home/chili/cretin/PROJECTS/SWORD2/benchmark/results_factorized_locked_model_attempt6/raw/sword2-rust/4j8qA"",""-j"",""1"",""--use-factorized-ranker""]","[""<binary>"",""-i"",""<input_structure>"",""-o"",""<process_output>"",""-j"",""1"",""--use-factorized-ranker""]",repository_root,a16ffbb045d76858ee1294bf24f9de6ecd130aeba016d9dfb1c17be979047faa,raw/sword2-rust/4j8qA/4j8qA_A/summary.json,c1dffcf6c81392d6be3c818da019e21113cc74c58b2f4e868d19ab6281be6419,e3b0c44298fc1c149afbf4c8996fb92427ae41e4649b934ca495991b7852b855,5df99a60bc119236df57c4fa6ba0177cd64e33b82924be58ea4bf24698a81fe8,696355a5d230f7607fccf47600c3149601c3fe872aaebc65fde3ff9da7d61f28,factorized,factorized,False,,,0,0d9e5fdba57c30b9b0e238876011815027bab365040d0c605f74fba1987f67c5,b45f6d311a33a790cfe03615f347a4626e5c0a6412309c39e4d07882f98a09c0,770c3d348365b7f744f2eaee964b61cc57615c10f8ca9a47a061ac03ee1c343e
cath663,4j9wA,4j9w,A,sword2-rust,factorized,factorized-accuracy,,,False,0,0.8628398193977773,15260,"[""/home/chili/cretin/PROJECTS/SWORD2/target/release/sword2"",""-i"",""/home/chili/cretin/PROJECTS/SWORD2/benchmark/cache/chains/4j9wA.pdb"",""-o"",""/home/chili/cretin/PROJECTS/SWORD2/benchmark/results_factorized_locked_model_attempt6/raw/sword2-rust/4j9wA"",""-j"",""1"",""--use-factorized-ranker""]","[""<binary>"",""-i"",""<input_structure>"",""-o"",""<process_output>"",""-j"",""1"",""--use-factorized-ranker""]",repository_root,375a4851158b7b4ea4ecae1ed10501f73770ca98142db1799f5f410070d5e127,raw/sword2-rust/4j9wA/4j9wA_A/summary.json,998735ce8345499c472542a423867010892c4542ede7f13c139aa74e70d935d0,e3b0c44298fc1c149afbf4c8996fb92427ae41e4649b934ca495991b7852b855,c600d184f7f28c213b0efe7cdfef8411ca835cce92a8077eab89f5fbfc9a4e67,696355a5d230f7607fccf47600c3149601c3fe872aaebc65fde3ff9da7d61f28,factorized,factorized,False,,,0,0d9e5fdba57c30b9b0e238876011815027bab365040d0c605f74fba1987f67c5,b45f6d311a33a790cfe03615f347a4626e5c0a6412309c39e4d07882f98a09c0,770c3d348365b7f744f2eaee964b61cc57615c10f8ca9a47a061ac03ee1c343e
cath663,4jadA,4jad,A,sword2-rust,factorized,factorized-accuracy,,,False,0,1.1153844720683992,26660,"[""/home/chili/cretin/PROJECTS/SWORD2/target/release/sword2"",""-i"",""/home/chili/cretin/PROJECTS/SWORD2/benchmark/cache/chains/4jadA.pdb"",""-o"",""/home/chili/cretin/PROJECTS/SWORD2/benchmark/results_factorized_locked_model_attempt6/raw/sword2-rust/4jadA"",""-j"",""1"",""--use-factorized-ranker""]","[""<binary>"",""-i"",""<input_structure>"",""-o"",""<process_output>"",""-j"",""1"",""--use-factorized-ranker""]",repository_root,a0f16be72662d1e6899943db409ccc4d94fe0465cb3664b8f8d81d3682425664,raw/sword2-rust/4jadA/4jadA_A/summary.json,47450a846fb06598ac3031a7d842e0c7d58c4149f213393f5f01b1a3ab9259e8,e3b0c44298fc1c149afbf4c8996fb92427ae41e4649b934ca495991b7852b855,d0940588c4cbc01c4f09d28ac9a0874108b121c65065b08c250874df9c90e79e,696355a5d230f7607fccf47600c3149601c3fe872aaebc65fde3ff9da7d61f28,factorized,factorized,False,,,0,0d9e5fdba57c30b9b0e238876011815027bab365040d0c605f74fba1987f67c5,b45f6d311a33a790cfe03615f347a4626e5c0a6412309c39e4d07882f98a09c0,770c3d348365b7f744f2eaee964b61cc57615c10f8ca9a47a061ac03ee1c343e
cath663,4jbdA,4jbd,A,sword2-rust,factorized,factorized-accuracy,,,False,0,0.4463951652869582,17904,"[""/home/chili/cretin/PROJECTS/SWORD2/target/release/sword2"",""-i"",""/home/chili/cretin/PROJECTS/SWORD2/benchmark/cache/chains/4jbdA.pdb"",""-o"",""/home/chili/cretin/PROJECTS/SWORD2/benchmark/results_factorized_locked_model_attempt6/raw/sword2-rust/4jbdA"",""-j"",""1"",""--use-factorized-ranker""]","[""<binary>"",""-i"",""<input_structure>"",""-o"",""<process_output>"",""-j"",""1"",""--use-factorized-ranker""]",repository_root,b68ef5c4bc1c9cf1422cfffb3a599ae6efe3dc04cb88defa7c5f17a74a2882ad,raw/sword2-rust/4jbdA/4jbdA_A/summary.json,0211f1233354d2ec8354ba7336437496f7ac4f7956f65e17f12bf5eb40f8a617,e3b0c44298fc1c149afbf4c8996fb92427ae41e4649b934ca495991b7852b855,60239c68d56e3280fef33424c45ed9a3478edf71c025122aaf7a678857edf257,696355a5d230f7607fccf47600c3149601c3fe872aaebc65fde3ff9da7d61f28,factorized,factorized,False,,,0,0d9e5fdba57c30b9b0e238876011815027bab365040d0c605f74fba1987f67c5,b45f6d311a33a790cfe03615f347a4626e5c0a6412309c39e4d07882f98a09c0,770c3d348365b7f744f2eaee964b61cc57615c10f8ca9a47a061ac03ee1c343e
cath663,4jc8A,4jc8,A,sword2-rust,factorized,factorized-accuracy,,,False,0,1.245104637928307,33208,"[""/home/chili/cretin/PROJECTS/SWORD2/target/release/sword2"",""-i"",""/home/chili/cretin/PROJECTS/SWORD2/benchmark/cache/chains/4jc8A.pdb"",""-o"",""/home/chili/cretin/PROJECTS/SWORD2/benchmark/results_factorized_locked_model_attempt6/raw/sword2-rust/4jc8A"",""-j"",""1"",""--use-factorized-ranker""]","[""<binary>"",""-i"",""<input_structure>"",""-o"",""<process_output>"",""-j"",""1"",""--use-factorized-ranker""]",repository_root,e82d485227c07ccfc4e986d583475179f5574fef41057b4c5eacf775b4c76108,raw/sword2-rust/4jc8A/4jc8A_A/summary.json,6d824f3fe20a45c98f410ce888e800976b61323c2303ba7e78f4d2d7d68fa362,e3b0c44298fc1c149afbf4c8996fb92427ae41e4649b934ca495991b7852b855,a32cc0db1bba46243b2b9efe67e55cc8c0d9c0131489ff92745b47a683606c70,696355a5d230f7607fccf47600c3149601c3fe872aaebc65fde3ff9da7d61f28,factorized,factorized,False,,,0,0d9e5fdba57c30b9b0e238876011815027bab365040d0c605f74fba1987f67c5,b45f6d311a33a790cfe03615f347a4626e5c0a6412309c39e4d07882f98a09c0,770c3d348365b7f744f2eaee964b61cc57615c10f8ca9a47a061ac03ee1c343e
cath663,4jc8B,4jc8,B,sword2-rust,factorized,factorized-accuracy,,,False,0,0.8758798250928521,34828,"[""/home/chili/cretin/PROJECTS/SWORD2/target/release/sword2"",""-i"",""/home/chili/cretin/PROJECTS/SWORD2/benchmark/cache/chains/4jc8B.pdb"",""-o"",""/home/chili/cretin/PROJECTS/SWORD2/benchmark/results_factorized_locked_model_attempt6/raw/sword2-rust/4jc8B"",""-j"",""1"",""--use-factorized-ranker""]","[""<binary>"",""-i"",""<input_structure>"",""-o"",""<process_output>"",""-j"",""1"",""--use-factorized-ranker""]",repository_root,63890b928cd49640ffee969426721ab441cdffc17b9eea943070c21ef0e1ca85,raw/sword2-rust/4jc8B/4jc8B_B/summary.json,87e3d2508a7a2d25ccf7fd8b74527a3b7fd474c65628cba839df0af489512a5c,e3b0c44298fc1c149afbf4c8996fb92427ae41e4649b934ca495991b7852b855,d498d1c6ea08b15acc44b2805e79766c806321b398a010983109817473ad60c1,696355a5d230f7607fccf47600c3149601c3fe872aaebc65fde3ff9da7d61f28,factorized,factorized,False,,,0,0d9e5fdba57c30b9b0e238876011815027bab365040d0c605f74fba1987f67c5,b45f6d311a33a790cfe03615f347a4626e5c0a6412309c39e4d07882f98a09c0,770c3d348365b7f744f2eaee964b61cc57615c10f8ca9a47a061ac03ee1c343e
cath663,4jccA,4jcc,A,sword2-rust,factorized,factorized-accuracy,,,False,0,0.3680494041182101,14720,"[""/home/chili/cretin/PROJECTS/SWORD2/target/release/sword2"",""-i"",""/home/chili/cretin/PROJECTS/SWORD2/benchmark/cache/chains/4jccA.pdb"",""-o"",""/home/chili/cretin/PROJECTS/SWORD2/benchmark/results_factorized_locked_model_attempt6/raw/sword2-rust/4jccA"",""-j"",""1"",""--use-factorized-ranker""]","[""<binary>"",""-i"",""<input_structure>"",""-o"",""<process_output>"",""-j"",""1"",""--use-factorized-ranker""]",repository_root,43877695e882bf2d4f255397a88577c6dddfb08deea00e393117bf38512da1c6,raw/sword2-rust/4jccA/4jccA_A/summary.json,29aaefe3cc13bb4419dfda74f567db267583e26e90f0e5ce946e0e8fd649311c,e3b0c44298fc1c149afbf4c8996fb92427ae41e4649b934ca495991b7852b855,1f7de57f5e4bdd0f1675de45f2a5ddf51add433ea70d79b1fdae4d95f129991c,696355a5d230f7607fccf47600c3149601c3fe872aaebc65fde3ff9da7d61f28,factorized,factorized,False,,,0,0d9e5fdba57c30b9b0e238876011815027bab365040d0c605f74fba1987f67c5,b45f6d311a33a790cfe03615f347a4626e5c0a6412309c39e4d07882f98a09c0,770c3d348365b7f744f2eaee964b61cc57615c10f8ca9a47a061ac03ee1c343e
cath663,4jciA,4jci,A,sword2-rust,factorized,factorized-accuracy,,,False,0,0.5470754620619118,17960,"[""/home/chili/cretin/PROJECTS/SWORD2/target/release/sword2"",""-i"",""/home/chili/cretin/PROJECTS/SWORD2/benchmark/cache/chains/4jciA.pdb"",""-o"",""/home/chili/cretin/PROJECTS/SWORD2/benchmark/results_factorized_locked_model_attempt6/raw/sword2-rust/4jciA"",""-j"",""1"",""--use-factorized-ranker""]","[""<binary>"",""-i"",""<input_structure>"",""-o"",""<process_output>"",""-j"",""1"",""--use-factorized-ranker""]",repository_root,951281cf6ccf59ff2b11265f137e586684a15e22d8fccc312ff9cd0a6aa9f9ce,raw/sword2-rust/4jciA/4jciA_A/summary.json,f778388876b74e0fd2788f62a09c2e123ed31bb8a32bfd8e4ff9a7f05b6d616c,e3b0c44298fc1c149afbf4c8996fb92427ae41e4649b934ca495991b7852b855,ca964885b4ff1aab2d6800b0e69e0e8ba30d5b597187352573407bed31da29bd,696355a5d230f7607fccf47600c3149601c3fe872aaebc65fde3ff9da7d61f28,factorized,factorized,False,,,0,0d9e5fdba57c30b9b0e238876011815027bab365040d0c605f74fba1987f67c5,b45f6d311a33a790cfe03615f347a4626e5c0a6412309c39e4d07882f98a09c0,770c3d348365b7f744f2eaee964b61cc57615c10f8ca9a47a061ac03ee1c343e
cath663,4jciB,4jci,B,sword2-rust,factorized,factorized-accuracy,,,False,0,0.5211752960458398,17212,"[""/home/chili/cretin/PROJECTS/SWORD2/target/release/sword2"",""-i"",""/home/chili/cretin/PROJECTS/SWORD2/benchmark/cache/chains/4jciB.pdb"",""-o"",""/home/chili/cretin/PROJECTS/SWORD2/benchmark/results_factorized_locked_model_attempt6/raw/sword2-rust/4jciB"",""-j"",""1"",""--use-factorized-ranker""]","[""<binary>"",""-i"",""<input_structure>"",""-o"",""<process_output>"",""-j"",""1"",""--use-factorized-ranker""]",repository_root,9377034808accc02dafbd1b20d6fe36638c73a4ef7ebf493c4730a8eea1e2ffb,raw/sword2-rust/4jciB/4jciB_B/summary.json,54893380f1ad1fafd33f2e7aae07e2bc929739d7b4a51556de40e531b25271ff,e3b0c44298fc1c149afbf4c8996fb92427ae41e4649b934ca495991b7852b855,bc71ffd6146d49675840bb9131a8930076a41c25620c2d2b7313c84379ef0b8b,696355a5d230f7607fccf47600c3149601c3fe872aaebc65fde3ff9da7d61f28,factorized,factorized,False,,,0,0d9e5fdba57c30b9b0e238876011815027bab365040d0c605f74fba1987f67c5,b45f6d311a33a790cfe03615f347a4626e5c0a6412309c39e4d07882f98a09c0,770c3d348365b7f744f2eaee964b61cc57615c10f8ca9a47a061ac03ee1c343e
cath663,4jcwA,4jcw,A,sword2-rust,factorized,factorized-accuracy,,,False,0,0.23887814301997423,11200,"[""/home/chili/cretin/PROJECTS/SWORD2/target/release/sword2"",""-i"",""/home/chili/cretin/PROJECTS/SWORD2/benchmark/cache/chains/4jcwA.pdb"",""-o"",""/home/chili/cretin/PROJECTS/SWORD2/benchmark/results_factorized_locked_model_attempt6/raw/sword2-rust/4jcwA"",""-j"",""1"",""--use-factorized-ranker""]","[""<binary>"",""-i"",""<input_structure>"",""-o"",""<process_output>"",""-j"",""1"",""--use-factorized-ranker""]",repository_root,f303493fa3460efcf10fb4044df1280484ffc6d10f05463c08a72e8b8424865b,raw/sword2-rust/4jcwA/4jcwA_A/summary.json,267f935610a156a340b4425cab2487bb4cab2c8ca740a271a38050491bf4e8b4,e3b0c44298fc1c149afbf4c8996fb92427ae41e4649b934ca495991b7852b855,5ea045a8ff263c420836d64772ce5a6a2619299f332c137f18f49d9a066cc85f,696355a5d230f7607fccf47600c3149601c3fe872aaebc65fde3ff9da7d61f28,factorized,factorized,False,,,0,0d9e5fdba57c30b9b0e238876011815027bab365040d0c605f74fba1987f67c5,b45f6d311a33a790cfe03615f347a4626e5c0a6412309c39e4d07882f98a09c0,770c3d348365b7f744f2eaee964b61cc57615c10f8ca9a47a061ac03ee1c343e
cath663,4jehA,4jeh,A,sword2-rust,factorized,factorized-accuracy,,,False,0,1.071517847944051,34724,"[""/home/chili/cretin/PROJECTS/SWORD2/target/release/sword2"",""-i"",""/home/chili/cretin/PROJECTS/SWORD2/benchmark/cache/chains/4jehA.pdb"",""-o"",""/home/chili/cretin/PROJECTS/SWORD2/benchmark/results_factorized_locked_model_attempt6/raw/sword2-rust/4jehA"",""-j"",""1"",""--use-factorized-ranker""]","[""<binary>"",""-i"",""<input_structure>"",""-o"",""<process_output>"",""-j"",""1"",""--use-factorized-ranker""]",repository_root,b1be99f98f11e45222ae149e41c2183ecd754c1d70e4abab485c674b28074472,raw/sword2-rust/4jehA/4jehA_A/summary.json,87dea401465361cd9906c2f0b972d3a3e1d59d7f83caade8f4d24d95a4fcbba8,e3b0c44298fc1c149afbf4c8996fb92427ae41e4649b934ca495991b7852b855,782c67f263b914151bda5c80b4d457cd569bb0460aaf62bbe1b6aa02327a8758,696355a5d230f7607fccf47600c3149601c3fe872aaebc65fde3ff9da7d61f28,factorized,factorized,False,,,0,0d9e5fdba57c30b9b0e238876011815027bab365040d0c605f74fba1987f67c5,b45f6d311a33a790cfe03615f347a4626e5c0a6412309c39e4d07882f98a09c0,770c3d348365b7f744f2eaee964b61cc57615c10f8ca9a47a061ac03ee1c343e
cath663,4juuA,4juu,A,sword2-rust,factorized,factorized-accuracy,,,False,0,0.6504089529626071,17864,"[""/home/chili/cretin/PROJECTS/SWORD2/target/release/sword2"",""-i"",""/home/chili/cretin/PROJECTS/SWORD2/benchmark/cache/chains/4juuA.pdb"",""-o"",""/home/chili/cretin/PROJECTS/SWORD2/benchmark/results_factorized_locked_model_attempt6/raw/sword2-rust/4juuA"",""-j"",""1"",""--use-factorized-ranker""]","[""<binary>"",""-i"",""<input_structure>"",""-o"",""<process_output>"",""-j"",""1"",""--use-factorized-ranker""]",repository_root,53ff86dc64cb652bf7611848bb0805bce8523b533e4c05e67e99e46ca5931307,raw/sword2-rust/4juuA/4juuA_A/summary.json,f15129e341a6f6be657e25662270e93054638087d6364d2a6583800fdd70c80e,e3b0c44298fc1c149afbf4c8996fb92427ae41e4649b934ca495991b7852b855,dda9adf2c7dd282e4f31c4bc00c47e2f8a7937a602bfbeb999947dcd7d871c1b,696355a5d230f7607fccf47600c3149601c3fe872aaebc65fde3ff9da7d61f28,factorized,factorized,False,,,0,0d9e5fdba57c30b9b0e238876011815027bab365040d0c605f74fba1987f67c5,b45f6d311a33a790cfe03615f347a4626e5c0a6412309c39e4d07882f98a09c0,770c3d348365b7f744f2eaee964b61cc57615c10f8ca9a47a061ac03ee1c343e
cath663,4jzcA,4jzc,A,sword2-rust,factorized,factorized-accuracy,,,False,0,0.36011914163827896,11200,"[""/home/chili/cretin/PROJECTS/SWORD2/target/release/sword2"",""-i"",""/home/chili/cretin/PROJECTS/SWORD2/benchmark/cache/chains/4jzcA.pdb"",""-o"",""/home/chili/cretin/PROJECTS/SWORD2/benchmark/results_factorized_locked_model_attempt6/raw/sword2-rust/4jzcA"",""-j"",""1"",""--use-factorized-ranker""]","[""<binary>"",""-i"",""<input_structure>"",""-o"",""<process_output>"",""-j"",""1"",""--use-factorized-ranker""]",repository_root,8f17000360862da00a5ad8ca8125d94c314fa15a73d348e854987a51178283e7,raw/sword2-rust/4jzcA/4jzcA_A/summary.json,b368c99a6ada4d8c0801aff7d82a359ef8c3dc590511219ac54d68ceb6b290d8,e3b0c44298fc1c149afbf4c8996fb92427ae41e4649b934ca495991b7852b855,eb8eeb86e92480a18a4a43717cd507f01ecd9922cd7aaf0b3b7b4e3b0409feac,696355a5d230f7607fccf47600c3149601c3fe872aaebc65fde3ff9da7d61f28,factorized,factorized,False,,,0,0d9e5fdba57c30b9b0e238876011815027bab365040d0c605f74fba1987f67c5,b45f6d311a33a790cfe03615f347a4626e5c0a6412309c39e4d07882f98a09c0,770c3d348365b7f744f2eaee964b61cc57615c10f8ca9a47a061ac03ee1c343e
cath663,4k3vA,4k3v,A,sword2-rust,factorized,factorized-accuracy,,,False,0,0.4404373629949987,11376,"[""/home/chili/cretin/PROJECTS/SWORD2/target/release/sword2"",""-i"",""/home/chili/cretin/PROJECTS/SWORD2/benchmark/cache/chains/4k3vA.pdb"",""-o"",""/home/chili/cretin/PROJECTS/SWORD2/benchmark/results_factorized_locked_model_attempt6/raw/sword2-rust/4k3vA"",""-j"",""1"",""--use-factorized-ranker""]","[""<binary>"",""-i"",""<input_structure>"",""-o"",""<process_output>"",""-j"",""1"",""--use-factorized-ranker""]",repository_root,72c1f3b3780984f2edecc0ec2a944330385afe8aeddd224d3f2d5ed6f2309805,raw/sword2-rust/4k3vA/4k3vA_A/summary.json,645e16d61fd2b6685335935ade063b0335eb305ac7f63616adee66e53d33b3a7,e3b0c44298fc1c149afbf4c8996fb92427ae41e4649b934ca495991b7852b855,39cde5a402649fb793fde29383aec57976e66af1533fd5b59e35b353d0b6e0e0,696355a5d230f7607fccf47600c3149601c3fe872aaebc65fde3ff9da7d61f28,factorized,factorized,False,,,0,0d9e5fdba57c30b9b0e238876011815027bab365040d0c605f74fba1987f67c5,b45f6d311a33a790cfe03615f347a4626e5c0a6412309c39e4d07882f98a09c0,770c3d348365b7f744f2eaee964b61cc57615c10f8ca9a47a061ac03ee1c343e
cath663,4k7gB,4k7g,B,sword2-rust,factorized,factorized-accuracy,,,False,0,0.5620587831363082,20324,"[""/home/chili/cretin/PROJECTS/SWORD2/target/release/sword2"",""-i"",""/home/chili/cretin/PROJECTS/SWORD2/benchmark/cache/chains/4k7gB.pdb"",""-o"",""/home/chili/cretin/PROJECTS/SWORD2/benchmark/results_factorized_locked_model_attempt6/raw/sword2-rust/4k7gB"",""-j"",""1"",""--use-factorized-ranker""]","[""<binary>"",""-i"",""<input_structure>"",""-o"",""<process_output>"",""-j"",""1"",""--use-factorized-ranker""]",repository_root,3a08681dadc03fea02de812b3d3be87b0b6dae7d7b917f98887f47c52b9e5862,raw/sword2-rust/4k7gB/4k7gB_B/summary.json,7f098ed6f1c321734344b505bde872c1804c5a24dd13e7b77fba5f6879fae810,e3b0c44298fc1c149afbf4c8996fb92427ae41e4649b934ca495991b7852b855,98fe8495d4c4b67968564d32af6343451bf4a2294f42034ea05acbbe80b85c50,696355a5d230f7607fccf47600c3149601c3fe872aaebc65fde3ff9da7d61f28,factorized,factorized,False,,,0,0d9e5fdba57c30b9b0e238876011815027bab365040d0c605f74fba1987f67c5,b45f6d311a33a790cfe03615f347a4626e5c0a6412309c39e4d07882f98a09c0,770c3d348365b7f744f2eaee964b61cc57615c10f8ca9a47a061ac03ee1c343e
cath663,4k7xA,4k7x,A,sword2-rust,factorized,factorized-accuracy,,,False,0,0.49621610855683684,17660,"[""/home/chili/cretin/PROJECTS/SWORD2/target/release/sword2"",""-i"",""/home/chili/cretin/PROJECTS/SWORD2/benchmark/cache/chains/4k7xA.pdb"",""-o"",""/home/chili/cretin/PROJECTS/SWORD2/benchmark/results_factorized_locked_model_attempt6/raw/sword2-rust/4k7xA"",""-j"",""1"",""--use-factorized-ranker""]","[""<binary>"",""-i"",""<input_structure>"",""-o"",""<process_output>"",""-j"",""1"",""--use-factorized-ranker""]",repository_root,39efbe91d2b690c9ebf2cdb085e745caa5db3033b1a352392daeb5fd5339d355,raw/sword2-rust/4k7xA/4k7xA_A/summary.json,59461752a95dfcde0baa96f315c9cf7536190f65b2ac65be7097d2101bc5e2d8,e3b0c44298fc1c149afbf4c8996fb92427ae41e4649b934ca495991b7852b855,fecb92b108b5268df774d73358167832dac1b8c4f7971b85bd03639d469a740a,696355a5d230f7607fccf47600c3149601c3fe872aaebc65fde3ff9da7d61f28,factorized,factorized,False,,,0,0d9e5fdba57c30b9b0e238876011815027bab365040d0c605f74fba1987f67c5,b45f6d311a33a790cfe03615f347a4626e5c0a6412309c39e4d07882f98a09c0,770c3d348365b7f744f2eaee964b61cc57615c10f8ca9a47a061ac03ee1c343e
cath663,4k8lA,4k8l,A,sword2-rust,factorized,factorized-accuracy,,,False,0,0.43681805906817317,16696,"[""/home/chili/cretin/PROJECTS/SWORD2/target/release/sword2"",""-i"",""/home/chili/cretin/PROJECTS/SWORD2/benchmark/cache/chains/4k8lA.pdb"",""-o"",""/home/chili/cretin/PROJECTS/SWORD2/benchmark/results_factorized_locked_model_attempt6/raw/sword2-rust/4k8lA"",""-j"",""1"",""--use-factorized-ranker""]","[""<binary>"",""-i"",""<input_structure>"",""-o"",""<process_output>"",""-j"",""1"",""--use-factorized-ranker""]",repository_root,d0c49193550c709d5b3f08de64a64f47701e8615f203c0c26c405cb3df8c6c00,raw/sword2-rust/4k8lA/4k8lA_A/summary.json,9a86b0fe24e1a95aeda0198be776f22212136a880d1671c9d00ad3958009decf,e3b0c44298fc1c149afbf4c8996fb92427ae41e4649b934ca495991b7852b855,7bb61ea075bb09d5a04848b9ca7ac5fd7137f060e6c8fc6b6cd5607ead769e78,696355a5d230f7607fccf47600c3149601c3fe872aaebc65fde3ff9da7d61f28,factorized,factorized,False,,,0,0d9e5fdba57c30b9b0e238876011815027bab365040d0c605f74fba1987f67c5,b45f6d311a33a790cfe03615f347a4626e5c0a6412309c39e4d07882f98a09c0,770c3d348365b7f744f2eaee964b61cc57615c10f8ca9a47a061ac03ee1c343e
cath663,4kc0A,4kc0,A,sword2-rust,factorized,factorized-accuracy,,,False,0,0.16176600195467472,10240,"[""/home/chili/cretin/PROJECTS/SWORD2/target/release/sword2"",""-i"",""/home/chili/cretin/PROJECTS/SWORD2/benchmark/cache/chains/4kc0A.pdb"",""-o"",""/home/chili/cretin/PROJECTS/SWORD2/benchmark/results_factorized_locked_model_attempt6/raw/sword2-rust/4kc0A"",""-j"",""1"",""--use-factorized-ranker""]","[""<binary>"",""-i"",""<input_structure>"",""-o"",""<process_output>"",""-j"",""1"",""--use-factorized-ranker""]",repository_root,d959d1ea831d8153a6698193156cc9775fcf29e1326b19ba8e466e0e9357de99,raw/sword2-rust/4kc0A/4kc0A_A/summary.json,d4ceb7036e3305bebd9d34f46c375836f63beb9c44a2e0782d04df6b2d354b29,e3b0c44298fc1c149afbf4c8996fb92427ae41e4649b934ca495991b7852b855,0bf490921eb73361541b82a587d54ad48c39423f12badc6f460bfe96a5b0e229,696355a5d230f7607fccf47600c3149601c3fe872aaebc65fde3ff9da7d61f28,factorized,factorized,False,,,0,0d9e5fdba57c30b9b0e238876011815027bab365040d0c605f74fba1987f67c5,b45f6d311a33a790cfe03615f347a4626e5c0a6412309c39e4d07882f98a09c0,770c3d348365b7f744f2eaee964b61cc57615c10f8ca9a47a061ac03ee1c343e
cath663,4ksyA,4ksy,A,sword2-rust,factorized,factorized-accuracy,,,False,0,0.23354618903249502,10240,"[""/home/chili/cretin/PROJECTS/SWORD2/target/release/sword2"",""-i"",""/home/chili/cretin/PROJECTS/SWORD2/benchmark/cache/chains/4ksyA.pdb"",""-o"",""/home/chili/cretin/PROJECTS/SWORD2/benchmark/results_factorized_locked_model_attempt6/raw/sword2-rust/4ksyA"",""-j"",""1"",""--use-factorized-ranker""]","[""<binary>"",""-i"",""<input_structure>"",""-o"",""<process_output>"",""-j"",""1"",""--use-factorized-ranker""]",repository_root,567acf83d8691d4f51239a411a9db998c31866864bd6a78b0c32d1fcf3c9cf1b,raw/sword2-rust/4ksyA/4ksyA_A/summary.json,8fd241c1b6d7573c8f0fc0291d15056da4f2758e40db9552889abfd7a0634989,e3b0c44298fc1c149afbf4c8996fb92427ae41e4649b934ca495991b7852b855,f061dd2d9a9d2259cbc76ee034b87d1dd9ad9641a43dbdf6e077387e5ca060db,696355a5d230f7607fccf47600c3149601c3fe872aaebc65fde3ff9da7d61f28,factorized,factorized,False,,,0,0d9e5fdba57c30b9b0e238876011815027bab365040d0c605f74fba1987f67c5,b45f6d311a33a790cfe03615f347a4626e5c0a6412309c39e4d07882f98a09c0,770c3d348365b7f744f2eaee964b61cc57615c10f8ca9a47a061ac03ee1c343e
cath663,4lb0A,4lb0,A,sword2-rust,factorized,factorized-accuracy,,,False,0,0.5326620433479548,21896,"[""/home/chili/cretin/PROJECTS/SWORD2/target/release/sword2"",""-i"",""/home/chili/cretin/PROJECTS/SWORD2/benchmark/cache/chains/4lb0A.pdb"",""-o"",""/home/chili/cretin/PROJECTS/SWORD2/benchmark/results_factorized_locked_model_attempt6/raw/sword2-rust/4lb0A"",""-j"",""1"",""--use-factorized-ranker""]","[""<binary>"",""-i"",""<input_structure>"",""-o"",""<process_output>"",""-j"",""1"",""--use-factorized-ranker""]",repository_root,94860ac94fe20e073e9ccbb40c12f51f438ee2be966d022b0467c34c14a0b19d,raw/sword2-rust/4lb0A/4lb0A_A/summary.json,c5d7a28001a08e487e2e742e932317123f525e63809a2f930eefbc2ac903b2e3,e3b0c44298fc1c149afbf4c8996fb92427ae41e4649b934ca495991b7852b855,553315ed896e43b0e8f14f0ad6d08ab4729bfb1bbb4c253e8f58d482ba445751,696355a5d230f7607fccf47600c3149601c3fe872aaebc65fde3ff9da7d61f28,factorized,factorized,False,,,0,0d9e5fdba57c30b9b0e238876011815027bab365040d0c605f74fba1987f67c5,b45f6d311a33a790cfe03615f347a4626e5c0a6412309c39e4d07882f98a09c0,770c3d348365b7f744f2eaee964b61cc57615c10f8ca9a47a061ac03ee1c343e
cath663,4lduA,4ldu,A,sword2-rust,factorized,factorized-accuracy,,,False,0,0.661332496907562,14876,"[""/home/chili/cretin/PROJECTS/SWORD2/target/release/sword2"",""-i"",""/home/chili/cretin/PROJECTS/SWORD2/benchmark/cache/chains/4lduA.pdb"",""-o"",""/home/chili/cretin/PROJECTS/SWORD2/benchmark/results_factorized_locked_model_attempt6/raw/sword2-rust/4lduA"",""-j"",""1"",""--use-factorized-ranker""]","[""<binary>"",""-i"",""<input_structure>"",""-o"",""<process_output>"",""-j"",""1"",""--use-factorized-ranker""]",repository_root,85e598ad9af41b5c0b522b82be158ad791cb4b4caad14ac11b431a8b2fe8d72b,raw/sword2-rust/4lduA/4lduA_A/summary.json,055fae4319b5cb36210e5d334e1f4d4dc7fa51ebc6ec8486d275e5671da30d0d,e3b0c44298fc1c149afbf4c8996fb92427ae41e4649b934ca495991b7852b855,5aeebd5d50ae57cee7c5ac9222e3bb343e2052310aed669eaddacbd5f6354354,696355a5d230f7607fccf47600c3149601c3fe872aaebc65fde3ff9da7d61f28,factorized,factorized,False,,,0,0d9e5fdba57c30b9b0e238876011815027bab365040d0c605f74fba1987f67c5,b45f6d311a33a790cfe03615f347a4626e5c0a6412309c39e4d07882f98a09c0,770c3d348365b7f744f2eaee964b61cc57615c10f8ca9a47a061ac03ee1c343e
cath663,4ldvA,4ldv,A,sword2-rust,factorized,factorized-accuracy,,,False,0,0.44411833584308624,15664,"[""/home/chili/cretin/PROJECTS/SWORD2/target/release/sword2"",""-i"",""/home/chili/cretin/PROJECTS/SWORD2/benchmark/cache/chains/4ldvA.pdb"",""-o"",""/home/chili/cretin/PROJECTS/SWORD2/benchmark/results_factorized_locked_model_attempt6/raw/sword2-rust/4ldvA"",""-j"",""1"",""--use-factorized-ranker""]","[""<binary>"",""-i"",""<input_structure>"",""-o"",""<process_output>"",""-j"",""1"",""--use-factorized-ranker""]",repository_root,e31f75b51895eeae5874e1c625c27a3ab103148563ac0ad33cdd3c7c3a25a2c6,raw/sword2-rust/4ldvA/4ldvA_A/summary.json,46042244047a47d81df35d7106c8cfef7918415691f19adc49183f61cc210b48,e3b0c44298fc1c149afbf4c8996fb92427ae41e4649b934ca495991b7852b855,1bb80f4b85362fff1d99a328a4fb0c8bd851c3a94f0f18c65dbc06f1f3837691,696355a5d230f7607fccf47600c3149601c3fe872aaebc65fde3ff9da7d61f28,factorized,factorized,False,,,0,0d9e5fdba57c30b9b0e238876011815027bab365040d0c605f74fba1987f67c5,b45f6d311a33a790cfe03615f347a4626e5c0a6412309c39e4d07882f98a09c0,770c3d348365b7f744f2eaee964b61cc57615c10f8ca9a47a061ac03ee1c343e
cath663,4ljsA,4ljs,A,sword2-rust,factorized,factorized-accuracy,,,False,0,0.5909788571298122,15424,"[""/home/chili/cretin/PROJECTS/SWORD2/target/release/sword2"",""-i"",""/home/chili/cretin/PROJECTS/SWORD2/benchmark/cache/chains/4ljsA.pdb"",""-o"",""/home/chili/cretin/PROJECTS/SWORD2/benchmark/results_factorized_locked_model_attempt6/raw/sword2-rust/4ljsA"",""-j"",""1"",""--use-factorized-ranker""]","[""<binary>"",""-i"",""<input_structure>"",""-o"",""<process_output>"",""-j"",""1"",""--use-factorized-ranker""]",repository_root,c9821a9740bf01529cd3c42bd29ecb04042b54127e94626a3421181b2ea99310,raw/sword2-rust/4ljsA/4ljsA_A/summary.json,a72bf7a183a534e9648c00f1ebd9507d6d5d46badde05fa93597b3f635e89fde,e3b0c44298fc1c149afbf4c8996fb92427ae41e4649b934ca495991b7852b855,138a3b5b6caa6a747a1fbc46eb888197c405991e1112342f6eec1bc008be587d,696355a5d230f7607fccf47600c3149601c3fe872aaebc65fde3ff9da7d61f28,factorized,factorized,False,,,0,0d9e5fdba57c30b9b0e238876011815027bab365040d0c605f74fba1987f67c5,b45f6d311a33a790cfe03615f347a4626e5c0a6412309c39e4d07882f98a09c0,770c3d348365b7f744f2eaee964b61cc57615c10f8ca9a47a061ac03ee1c343e
cath663,4ll1C,4ll1,C,sword2-rust,factorized,factorized-accuracy,,,False,0,0.5241602151654661,14124,"[""/home/chili/cretin/PROJECTS/SWORD2/target/release/sword2"",""-i"",""/home/chili/cretin/PROJECTS/SWORD2/benchmark/cache/chains/4ll1C.pdb"",""-o"",""/home/chili/cretin/PROJECTS/SWORD2/benchmark/results_factorized_locked_model_attempt6/raw/sword2-rust/4ll1C"",""-j"",""1"",""--use-factorized-ranker""]","[""<binary>"",""-i"",""<input_structure>"",""-o"",""<process_output>"",""-j"",""1"",""--use-factorized-ranker""]",repository_root,a6789500e7bfd71607822295e81ad70988095e7c1f8753c5eeeac495cb675d27,raw/sword2-rust/4ll1C/4ll1C_C/summary.json,736e21486cfa8c9cc2186faed0fb04d7ad01c3fabfef6a1a37e7bc3787719296,e3b0c44298fc1c149afbf4c8996fb92427ae41e4649b934ca495991b7852b855,b24c0ff9732b305e9c1f9a9d80ab0135eba6c8961642aba949eb630ff9e2e104,696355a5d230f7607fccf47600c3149601c3fe872aaebc65fde3ff9da7d61f28,factorized,factorized,False,,,0,0d9e5fdba57c30b9b0e238876011815027bab365040d0c605f74fba1987f67c5,b45f6d311a33a790cfe03615f347a4626e5c0a6412309c39e4d07882f98a09c0,770c3d348365b7f744f2eaee964b61cc57615c10f8ca9a47a061ac03ee1c343e
cath663,4lniA,4lni,A,sword2-rust,factorized,factorized-accuracy,,,False,0,1.0435709548182786,32472,"[""/home/chili/cretin/PROJECTS/SWORD2/target/release/sword2"",""-i"",""/home/chili/cretin/PROJECTS/SWORD2/benchmark/cache/chains/4lniA.pdb"",""-o"",""/home/chili/cretin/PROJECTS/SWORD2/benchmark/results_factorized_locked_model_attempt6/raw/sword2-rust/4lniA"",""-j"",""1"",""--use-factorized-ranker""]","[""<binary>"",""-i"",""<input_structure>"",""-o"",""<process_output>"",""-j"",""1"",""--use-factorized-ranker""]",repository_root,2636ad58f970b7a6474a49ed38acc46cf85c7d92cfc6a1242829a23810721349,raw/sword2-rust/4lniA/4lniA_A/summary.json,2dbbe91e3221aa12b72525fa8c3c8e7b86c92ae0d7d4da0751d038171a179c27,e3b0c44298fc1c149afbf4c8996fb92427ae41e4649b934ca495991b7852b855,4859618e473187373d8adb16e2ba49f16a9cbf6fc4500b481854b240d042a337,696355a5d230f7607fccf47600c3149601c3fe872aaebc65fde3ff9da7d61f28,factorized,factorized,False,,,0,0d9e5fdba57c30b9b0e238876011815027bab365040d0c605f74fba1987f67c5,b45f6d311a33a790cfe03615f347a4626e5c0a6412309c39e4d07882f98a09c0,770c3d348365b7f744f2eaee964b61cc57615c10f8ca9a47a061ac03ee1c343e
cath663,4lojA,4loj,A,sword2-rust,factorized,factorized-accuracy,,,False,0,0.23882124107331038,10240,"[""/home/chili/cretin/PROJECTS/SWORD2/target/release/sword2"",""-i"",""/home/chili/cretin/PROJECTS/SWORD2/benchmark/cache/chains/4lojA.pdb"",""-o"",""/home/chili/cretin/PROJECTS/SWORD2/benchmark/results_factorized_locked_model_attempt6/raw/sword2-rust/4lojA"",""-j"",""1"",""--use-factorized-ranker""]","[""<binary>"",""-i"",""<input_structure>"",""-o"",""<process_output>"",""-j"",""1"",""--use-factorized-ranker""]",repository_root,79b70dfb49e99fc629e757fc06339a4b10afe3da646745bfea97c2f01463102b,raw/sword2-rust/4lojA/4lojA_A/summary.json,c9497f345eb3733f0b3e157e1cc1bc14bf7cbca35fb14fe55d158f6fe2531765,e3b0c44298fc1c149afbf4c8996fb92427ae41e4649b934ca495991b7852b855,02928c7b38e62e0fafe157d976c883e2605eb80656cb8a65ea91b14033bc0da1,696355a5d230f7607fccf47600c3149601c3fe872aaebc65fde3ff9da7d61f28,factorized,factorized,False,,,0,0d9e5fdba57c30b9b0e238876011815027bab365040d0c605f74fba1987f67c5,b45f6d311a33a790cfe03615f347a4626e5c0a6412309c39e4d07882f98a09c0,770c3d348365b7f744f2eaee964b61cc57615c10f8ca9a47a061ac03ee1c343e
cath663,4loxA,4lox,A,sword2-rust,factorized,factorized-accuracy,,,False,0,0.4232840440236032,13752,"[""/home/chili/cretin/PROJECTS/SWORD2/target/release/sword2"",""-i"",""/home/chili/cretin/PROJECTS/SWORD2/benchmark/cache/chains/4loxA.pdb"",""-o"",""/home/chili/cretin/PROJECTS/SWORD2/benchmark/results_factorized_locked_model_attempt6/raw/sword2-rust/4loxA"",""-j"",""1"",""--use-factorized-ranker""]","[""<binary>"",""-i"",""<input_structure>"",""-o"",""<process_output>"",""-j"",""1"",""--use-factorized-ranker""]",repository_root,dc60b0be302c0489b1ad94014acf1f66e46f5bdf90b6054e401073918863d566,raw/sword2-rust/4loxA/4loxA_A/summary.json,a73b9c7ff5217b072926de5d3a1d43bdcb8bd5fc73fa85ea6c1e31cfd791b47f,e3b0c44298fc1c149afbf4c8996fb92427ae41e4649b934ca495991b7852b855,1144981111f33c4f9fbca98ecf5e7f21de5131c3ca39c8567ddc96e8431dc18b,696355a5d230f7607fccf47600c3149601c3fe872aaebc65fde3ff9da7d61f28,factorized,factorized,False,,,0,0d9e5fdba57c30b9b0e238876011815027bab365040d0c605f74fba1987f67c5,b45f6d311a33a790cfe03615f347a4626e5c0a6412309c39e4d07882f98a09c0,770c3d348365b7f744f2eaee964b61cc57615c10f8ca9a47a061ac03ee1c343e
cath663,4lq0A,4lq0,A,sword2-rust,factorized,factorized-accuracy,,,False,0,0.5074161547236145,13092,"[""/home/chili/cretin/PROJECTS/SWORD2/target/release/sword2"",""-i"",""/home/chili/cretin/PROJECTS/SWORD2/benchmark/cache/chains/4lq0A.pdb"",""-o"",""/home/chili/cretin/PROJECTS/SWORD2/benchmark/results_factorized_locked_model_attempt6/raw/sword2-rust/4lq0A"",""-j"",""1"",""--use-factorized-ranker""]","[""<binary>"",""-i"",""<input_structure>"",""-o"",""<process_output>"",""-j"",""1"",""--use-factorized-ranker""]",repository_root,97dda1047c9cf5c10c19f59f72d97f1b33d93991414d3cb1331923c40eb268b2,raw/sword2-rust/4lq0A/4lq0A_A/summary.json,cc969167f1ef15d03fa810c26f5e037d5e6f0874d8fc4e61b01ec5314d3c3d44,e3b0c44298fc1c149afbf4c8996fb92427ae41e4649b934ca495991b7852b855,70cdb82f2b8c4d7a902a232d4676d9ce4aee9eb79d6321ce46c86f614dca7be3,696355a5d230f7607fccf47600c3149601c3fe872aaebc65fde3ff9da7d61f28,factorized,factorized,False,,,0,0d9e5fdba57c30b9b0e238876011815027bab365040d0c605f74fba1987f67c5,b45f6d311a33a790cfe03615f347a4626e5c0a6412309c39e4d07882f98a09c0,770c3d348365b7f744f2eaee964b61cc57615c10f8ca9a47a061ac03ee1c343e
cath663,4lr4A,4lr4,A,sword2-rust,factorized,factorized-accuracy,,,False,0,0.5360081070102751,16608,"[""/home/chili/cretin/PROJECTS/SWORD2/target/release/sword2"",""-i"",""/home/chili/cretin/PROJECTS/SWORD2/benchmark/cache/chains/4lr4A.pdb"",""-o"",""/home/chili/cretin/PROJECTS/SWORD2/benchmark/results_factorized_locked_model_attempt6/raw/sword2-rust/4lr4A"",""-j"",""1"",""--use-factorized-ranker""]","[""<binary>"",""-i"",""<input_structure>"",""-o"",""<process_output>"",""-j"",""1"",""--use-factorized-ranker""]",repository_root,d0f84f01fedf5eff0f88c3d9203655b993b3c4df794482ce578d6f3bbaf4765e,raw/sword2-rust/4lr4A/4lr4A_A/summary.json,4549ecced3b059eaee6f1ae2022b6f65c1217f7e1c65afb358cb4340da16d6e6,e3b0c44298fc1c149afbf4c8996fb92427ae41e4649b934ca495991b7852b855,79564f52817617b649194506658121d1e50752486bf4bc70772d2f3735d8a692,696355a5d230f7607fccf47600c3149601c3fe872aaebc65fde3ff9da7d61f28,factorized,factorized,False,,,0,0d9e5fdba57c30b9b0e238876011815027bab365040d0c605f74fba1987f67c5,b45f6d311a33a790cfe03615f347a4626e5c0a6412309c39e4d07882f98a09c0,770c3d348365b7f744f2eaee964b61cc57615c10f8ca9a47a061ac03ee1c343e
cath663,4m7hA,4m7h,A,sword2-rust,factorized,factorized-accuracy,,,False,0,0.4906661701388657,10560,"[""/home/chili/cretin/PROJECTS/SWORD2/target/release/sword2"",""-i"",""/home/chili/cretin/PROJECTS/SWORD2/benchmark/cache/chains/4m7hA.pdb"",""-o"",""/home/chili/cretin/PROJECTS/SWORD2/benchmark/results_factorized_locked_model_attempt6/raw/sword2-rust/4m7hA"",""-j"",""1"",""--use-factorized-ranker""]","[""<binary>"",""-i"",""<input_structure>"",""-o"",""<process_output>"",""-j"",""1"",""--use-factorized-ranker""]",repository_root,f22592fe09661717d132cc40e1f1847e571481878ab56ba5b1469760aa5c8f25,raw/sword2-rust/4m7hA/4m7hA_A/summary.json,c3bda41c171161c5c51f184c647a7362004030ee0f9a96498439f3663842e54b,e3b0c44298fc1c149afbf4c8996fb92427ae41e4649b934ca495991b7852b855,3e440eb86bb933de7f767b7cb828e635d2ea66b9040511de07e670c1d1303014,696355a5d230f7607fccf47600c3149601c3fe872aaebc65fde3ff9da7d61f28,factorized,factorized,False,,,0,0d9e5fdba57c30b9b0e238876011815027bab365040d0c605f74fba1987f67c5,b45f6d311a33a790cfe03615f347a4626e5c0a6412309c39e4d07882f98a09c0,770c3d348365b7f744f2eaee964b61cc57615c10f8ca9a47a061ac03ee1c343e
cath663,4m7oA,4m7o,A,sword2-rust,factorized,factorized-accuracy,,,False,0,0.38737026369199157,12632,"[""/home/chili/cretin/PROJECTS/SWORD2/target/release/sword2"",""-i"",""/home/chili/cretin/PROJECTS/SWORD2/benchmark/cache/chains/4m7oA.pdb"",""-o"",""/home/chili/cretin/PROJECTS/SWORD2/benchmark/results_factorized_locked_model_attempt6/raw/sword2-rust/4m7oA"",""-j"",""1"",""--use-factorized-ranker""]","[""<binary>"",""-i"",""<input_structure>"",""-o"",""<process_output>"",""-j"",""1"",""--use-factorized-ranker""]",repository_root,f6c4b16e8c57b5a566da6335942d4a7f4084578a44d26a6d1d2f199719b85155,raw/sword2-rust/4m7oA/4m7oA_A/summary.json,bd0b9ecb6057b8f588862e75cebb7cfa5f135a4012585276f99a27398fe3be72,e3b0c44298fc1c149afbf4c8996fb92427ae41e4649b934ca495991b7852b855,08554a48416fefd9bc806ea893c6d0ec53e6546d3e5b00b3babc55deb09dbca2,696355a5d230f7607fccf47600c3149601c3fe872aaebc65fde3ff9da7d61f28,factorized,factorized,False,,,0,0d9e5fdba57c30b9b0e238876011815027bab365040d0c605f74fba1987f67c5,b45f6d311a33a790cfe03615f347a4626e5c0a6412309c39e4d07882f98a09c0,770c3d348365b7f744f2eaee964b61cc57615c10f8ca9a47a061ac03ee1c343e
cath663,4mcaA,4mca,A,sword2-rust,factorized,factorized-accuracy,,,False,0,0.6018059179186821,19492,"[""/home/chili/cretin/PROJECTS/SWORD2/target/release/sword2"",""-i"",""/home/chili/cretin/PROJECTS/SWORD2/benchmark/cache/chains/4mcaA.pdb"",""-o"",""/home/chili/cretin/PROJECTS/SWORD2/benchmark/results_factorized_locked_model_attempt6/raw/sword2-rust/4mcaA"",""-j"",""1"",""--use-factorized-ranker""]","[""<binary>"",""-i"",""<input_structure>"",""-o"",""<process_output>"",""-j"",""1"",""--use-factorized-ranker""]",repository_root,37fc76793df21a7f4bf92cfb67426031548a2f7c079d17c9d2e6d4d33a87826a,raw/sword2-rust/4mcaA/4mcaA_A/summary.json,42cee35f50c68c91d22dd5bcd699fc51b544e1a7068dc99da8e09808fe2abc63,e3b0c44298fc1c149afbf4c8996fb92427ae41e4649b934ca495991b7852b855,6765688348b25b03620ebf618af899daed64cd15bb1e52701d5cbe722d603c8b,696355a5d230f7607fccf47600c3149601c3fe872aaebc65fde3ff9da7d61f28,factorized,factorized,False,,,0,0d9e5fdba57c30b9b0e238876011815027bab365040d0c605f74fba1987f67c5,b45f6d311a33a790cfe03615f347a4626e5c0a6412309c39e4d07882f98a09c0,770c3d348365b7f744f2eaee964b61cc57615c10f8ca9a47a061ac03ee1c343e
cath663,4mcaB,4mca,B,sword2-rust,factorized,factorized-accuracy,,,False,0,0.7593556330539286,22312,"[""/home/chili/cretin/PROJECTS/SWORD2/target/release/sword2"",""-i"",""/home/chili/cretin/PROJECTS/SWORD2/benchmark/cache/chains/4mcaB.pdb"",""-o"",""/home/chili/cretin/PROJECTS/SWORD2/benchmark/results_factorized_locked_model_attempt6/raw/sword2-rust/4mcaB"",""-j"",""1"",""--use-factorized-ranker""]","[""<binary>"",""-i"",""<input_structure>"",""-o"",""<process_output>"",""-j"",""1"",""--use-factorized-ranker""]",repository_root,c9d71d6508264f748924fcb7f7ac8ccdf7404fb0920093ee5a249caddc655c06,raw/sword2-rust/4mcaB/4mcaB_B/summary.json,ee3fa6278a7a462a48ff0dad206922a6332b7b50e48512a493097f46cc4b88be,e3b0c44298fc1c149afbf4c8996fb92427ae41e4649b934ca495991b7852b855,9dc842c3d83639fd223653ba9716fddaa7c904a79bccb0053e0338bf87036c51,696355a5d230f7607fccf47600c3149601c3fe872aaebc65fde3ff9da7d61f28,factorized,factorized,False,,,0,0d9e5fdba57c30b9b0e238876011815027bab365040d0c605f74fba1987f67c5,b45f6d311a33a790cfe03615f347a4626e5c0a6412309c39e4d07882f98a09c0,770c3d348365b7f744f2eaee964b61cc57615c10f8ca9a47a061ac03ee1c343e
cath663,4mduA,4mdu,A,sword2-rust,factorized,factorized-accuracy,,,False,0,0.7683091550134122,21396,"[""/home/chili/cretin/PROJECTS/SWORD2/target/release/sword2"",""-i"",""/home/chili/cretin/PROJECTS/SWORD2/benchmark/cache/chains/4mduA.pdb"",""-o"",""/home/chili/cretin/PROJECTS/SWORD2/benchmark/results_factorized_locked_model_attempt6/raw/sword2-rust/4mduA"",""-j"",""1"",""--use-factorized-ranker""]","[""<binary>"",""-i"",""<input_structure>"",""-o"",""<process_output>"",""-j"",""1"",""--use-factorized-ranker""]",repository_root,27408bb87e88d633d5a95ec9b326c1955003651656f2125d4dc77385e4b5adf5,raw/sword2-rust/4mduA/4mduA_A/summary.json,185b348a2cec3d0fc26557b5343df9e10f60cbb972179a87f8b34fdf28a3b7dd,e3b0c44298fc1c149afbf4c8996fb92427ae41e4649b934ca495991b7852b855,f8595901d70ecafc87aa9c47b5f11182a1e50b0daa0d6ff7ad8d6eac98c785ad,696355a5d230f7607fccf47600c3149601c3fe872aaebc65fde3ff9da7d61f28,factorized,factorized,False,,,0,0d9e5fdba57c30b9b0e238876011815027bab365040d0c605f74fba1987f67c5,b45f6d311a33a790cfe03615f347a4626e5c0a6412309c39e4d07882f98a09c0,770c3d348365b7f744f2eaee964b61cc57615c10f8ca9a47a061ac03ee1c343e
cath663,4mdvB,4mdv,B,sword2-rust,factorized,factorized-accuracy,,,False,0,0.6796292853541672,18800,"[""/home/chili/cretin/PROJECTS/SWORD2/target/release/sword2"",""-i"",""/home/chili/cretin/PROJECTS/SWORD2/benchmark/cache/chains/4mdvB.pdb"",""-o"",""/home/chili/cretin/PROJECTS/SWORD2/benchmark/results_factorized_locked_model_attempt6/raw/sword2-rust/4mdvB"",""-j"",""1"",""--use-factorized-ranker""]","[""<binary>"",""-i"",""<input_structure>"",""-o"",""<process_output>"",""-j"",""1"",""--use-factorized-ranker""]",repository_root,660212ed5fbeb3189d6128ab84359b16b9bf253077e1fd31e8cde87c20ffba65,raw/sword2-rust/4mdvB/4mdvB_B/summary.json,c5e68a11d8a6965eae2f56ce6c649250e3d7e840eb421e12db2d631fed56ea56,e3b0c44298fc1c149afbf4c8996fb92427ae41e4649b934ca495991b7852b855,c7b72d5b3b3991ff3612dce1f5a9e2b1a62bc527c03ceee783dc531f423b9c3e,696355a5d230f7607fccf47600c3149601c3fe872aaebc65fde3ff9da7d61f28,factorized,factorized,False,,,0,0d9e5fdba57c30b9b0e238876011815027bab365040d0c605f74fba1987f67c5,b45f6d311a33a790cfe03615f347a4626e5c0a6412309c39e4d07882f98a09c0,770c3d348365b7f744f2eaee964b61cc57615c10f8ca9a47a061ac03ee1c343e
cath663,4mdyA,4mdy,A,sword2-rust,factorized,factorized-accuracy,,,False,0,0.37292850809171796,13296,"[""/home/chili/cretin/PROJECTS/SWORD2/target/release/sword2"",""-i"",""/home/chili/cretin/PROJECTS/SWORD2/benchmark/cache/chains/4mdyA.pdb"",""-o"",""/home/chili/cretin/PROJECTS/SWORD2/benchmark/results_factorized_locked_model_attempt6/raw/sword2-rust/4mdyA"",""-j"",""1"",""--use-factorized-ranker""]","[""<binary>"",""-i"",""<input_structure>"",""-o"",""<process_output>"",""-j"",""1"",""--use-factorized-ranker""]",repository_root,07b8eef5ebe8260baa7cc62bcdb0b74f644a38f49dd7fa31bfbd413d19ebb01f,raw/sword2-rust/4mdyA/4mdyA_A/summary.json,3c6e32497d51a3de5e1af83c89edf570ca4c838b121be1889aab324792ba68d1,e3b0c44298fc1c149afbf4c8996fb92427ae41e4649b934ca495991b7852b855,31c8b3d82e10f86113c8db5359b7c45702d5772f2f91ecc59d3bf3bd3300e431,696355a5d230f7607fccf47600c3149601c3fe872aaebc65fde3ff9da7d61f28,factorized,factorized,False,,,0,0d9e5fdba57c30b9b0e238876011815027bab365040d0c605f74fba1987f67c5,b45f6d311a33a790cfe03615f347a4626e5c0a6412309c39e4d07882f98a09c0,770c3d348365b7f744f2eaee964b61cc57615c10f8ca9a47a061ac03ee1c343e
cath663,4mlzA,4mlz,A,sword2-rust,factorized,factorized-accuracy,,,False,0,0.44507696107029915,13424,"[""/home/chili/cretin/PROJECTS/SWORD2/target/release/sword2"",""-i"",""/home/chili/cretin/PROJECTS/SWORD2/benchmark/cache/chains/4mlzA.pdb"",""-o"",""/home/chili/cretin/PROJECTS/SWORD2/benchmark/results_factorized_locked_model_attempt6/raw/sword2-rust/4mlzA"",""-j"",""1"",""--use-factorized-ranker""]","[""<binary>"",""-i"",""<input_structure>"",""-o"",""<process_output>"",""-j"",""1"",""--use-factorized-ranker""]",repository_root,727e0c5973d24093c9315c5636a212deb0a7767f5ee854de344f1c16911a3ea2,raw/sword2-rust/4mlzA/4mlzA_A/summary.json,8a93771f54020d272430c05aefdcea6da66c80fee153ee3386bdbbba960c886f,e3b0c44298fc1c149afbf4c8996fb92427ae41e4649b934ca495991b7852b855,6042d9f26f875a0e0b25272ebd4f04b422ee406e30de30a7a01f7cadf5d056f0,696355a5d230f7607fccf47600c3149601c3fe872aaebc65fde3ff9da7d61f28,factorized,factorized,False,,,0,0d9e5fdba57c30b9b0e238876011815027bab365040d0c605f74fba1987f67c5,b45f6d311a33a790cfe03615f347a4626e5c0a6412309c39e4d07882f98a09c0,770c3d348365b7f744f2eaee964b61cc57615c10f8ca9a47a061ac03ee1c343e
cath663,4mx2A,4mx2,A,sword2-rust,factorized,factorized-accuracy,,,False,0,0.8416153737343848,25776,"[""/home/chili/cretin/PROJECTS/SWORD2/target/release/sword2"",""-i"",""/home/chili/cretin/PROJECTS/SWORD2/benchmark/cache/chains/4mx2A.pdb"",""-o"",""/home/chili/cretin/PROJECTS/SWORD2/benchmark/results_factorized_locked_model_attempt6/raw/sword2-rust/4mx2A"",""-j"",""1"",""--use-factorized-ranker""]","[""<binary>"",""-i"",""<input_structure>"",""-o"",""<process_output>"",""-j"",""1"",""--use-factorized-ranker""]",repository_root,f57dbfb25cbfd1ed4369649348fe22aa6301c14822cef776a93394e8191cf302,raw/sword2-rust/4mx2A/4mx2A_A/summary.json,57e289f391e7e13396701e4a9d72300f9a7984f64bdc9bb01376938e1ce6ce0e,e3b0c44298fc1c149afbf4c8996fb92427ae41e4649b934ca495991b7852b855,60cabd64e56abaeb5827b08dbdaecbf1d4fe78c89f2b9e2f8052712156be3174,696355a5d230f7607fccf47600c3149601c3fe872aaebc65fde3ff9da7d61f28,factorized,factorized,False,,,0,0d9e5fdba57c30b9b0e238876011815027bab365040d0c605f74fba1987f67c5,b45f6d311a33a790cfe03615f347a4626e5c0a6412309c39e4d07882f98a09c0,770c3d348365b7f744f2eaee964b61cc57615c10f8ca9a47a061ac03ee1c343e
cath663,4mx2B,4mx2,B,sword2-rust,factorized,factorized-accuracy,,,False,0,0.9492514687590301,30660,"[""/home/chili/cretin/PROJECTS/SWORD2/target/release/sword2"",""-i"",""/home/chili/cretin/PROJECTS/SWORD2/benchmark/cache/chains/4mx2B.pdb"",""-o"",""/home/chili/cretin/PROJECTS/SWORD2/benchmark/results_factorized_locked_model_attempt6/raw/sword2-rust/4mx2B"",""-j"",""1"",""--use-factorized-ranker""]","[""<binary>"",""-i"",""<input_structure>"",""-o"",""<process_output>"",""-j"",""1"",""--use-factorized-ranker""]",repository_root,f4c48b26042baae2661bb29fcbf6c7669a820c50f91bcc1c684541aecae7d351,raw/sword2-rust/4mx2B/4mx2B_B/summary.json,0dc0711002add125e70632e7542faa8bb7453f8a2e469a3adc83905aaf5793b8,e3b0c44298fc1c149afbf4c8996fb92427ae41e4649b934ca495991b7852b855,bfde98ddf10af5bbebdb58121721cd8ff6267973654a9f681c9989d269254468,696355a5d230f7607fccf47600c3149601c3fe872aaebc65fde3ff9da7d61f28,factorized,factorized,False,,,0,0d9e5fdba57c30b9b0e238876011815027bab365040d0c605f74fba1987f67c5,b45f6d311a33a790cfe03615f347a4626e5c0a6412309c39e4d07882f98a09c0,770c3d348365b7f744f2eaee964b61cc57615c10f8ca9a47a061ac03ee1c343e
cath663,4mx2D,4mx2,D,sword2-rust,factorized,factorized-accuracy,,,False,0,0.7769971648231149,27060,"[""/home/chili/cretin/PROJECTS/SWORD2/target/release/sword2"",""-i"",""/home/chili/cretin/PROJECTS/SWORD2/benchmark/cache/chains/4mx2D.pdb"",""-o"",""/home/chili/cretin/PROJECTS/SWORD2/benchmark/results_factorized_locked_model_attempt6/raw/sword2-rust/4mx2D"",""-j"",""1"",""--use-factorized-ranker""]","[""<binary>"",""-i"",""<input_structure>"",""-o"",""<process_output>"",""-j"",""1"",""--use-factorized-ranker""]",repository_root,ae2f02cc016e3a14c6ceb41465ee1429879e972170409586cfeb3be4b6a0b9ac,raw/sword2-rust/4mx2D/4mx2D_D/summary.json,330eb91badc671204fa6dd61875ea6f333a1b777b0f7993a37a33d9ea63d6abe,e3b0c44298fc1c149afbf4c8996fb92427ae41e4649b934ca495991b7852b855,b779ef5c74aec0f916761ea6834d5dfeb1c3a29f7691b997d987bd1dcf60661c,696355a5d230f7607fccf47600c3149601c3fe872aaebc65fde3ff9da7d61f28,factorized,factorized,False,,,0,0d9e5fdba57c30b9b0e238876011815027bab365040d0c605f74fba1987f67c5,b45f6d311a33a790cfe03615f347a4626e5c0a6412309c39e4d07882f98a09c0,770c3d348365b7f744f2eaee964b61cc57615c10f8ca9a47a061ac03ee1c343e
cath663,4mx8A,4mx8,A,sword2-rust,factorized,factorized-accuracy,,,False,0,0.5041634081862867,14500,"[""/home/chili/cretin/PROJECTS/SWORD2/target/release/sword2"",""-i"",""/home/chili/cretin/PROJECTS/SWORD2/benchmark/cache/chains/4mx8A.pdb"",""-o"",""/home/chili/cretin/PROJECTS/SWORD2/benchmark/results_factorized_locked_model_attempt6/raw/sword2-rust/4mx8A"",""-j"",""1"",""--use-factorized-ranker""]","[""<binary>"",""-i"",""<input_structure>"",""-o"",""<process_output>"",""-j"",""1"",""--use-factorized-ranker""]",repository_root,a4b6c9d761a82b6a1deb0c0f1ee0905a9f166589134771ac7de8149977413615,raw/sword2-rust/4mx8A/4mx8A_A/summary.json,f05c3f615eaa67b233cb7dacee6945e771e4fd9d20ccce6f95b09eb4a8a42a99,e3b0c44298fc1c149afbf4c8996fb92427ae41e4649b934ca495991b7852b855,7f707ae6e754b2e52f7d09689a0544aaa78ef68717765f44d596e75a020692e9,696355a5d230f7607fccf47600c3149601c3fe872aaebc65fde3ff9da7d61f28,factorized,factorized,False,,,0,0d9e5fdba57c30b9b0e238876011815027bab365040d0c605f74fba1987f67c5,b45f6d311a33a790cfe03615f347a4626e5c0a6412309c39e4d07882f98a09c0,770c3d348365b7f744f2eaee964b61cc57615c10f8ca9a47a061ac03ee1c343e
cath663,4n01A,4n01,A,sword2-rust,factorized,factorized-accuracy,,,False,0,0.4839897770434618,13344,"[""/home/chili/cretin/PROJECTS/SWORD2/target/release/sword2"",""-i"",""/home/chili/cretin/PROJECTS/SWORD2/benchmark/cache/chains/4n01A.pdb"",""-o"",""/home/chili/cretin/PROJECTS/SWORD2/benchmark/results_factorized_locked_model_attempt6/raw/sword2-rust/4n01A"",""-j"",""1"",""--use-factorized-ranker""]","[""<binary>"",""-i"",""<input_structure>"",""-o"",""<process_output>"",""-j"",""1"",""--use-factorized-ranker""]",repository_root,95aec19d4208ccb2659209fe271ac28cccc44143b905004e2f06cc14d15598e5,raw/sword2-rust/4n01A/4n01A_A/summary.json,9bf087f7449161616ed2823b642ad9fafc649eb50aed36784636bf4e2c7bb8a1,e3b0c44298fc1c149afbf4c8996fb92427ae41e4649b934ca495991b7852b855,036e6b3af210085610cb7a4713c410b6206f8039ebe678edbfb9ef280625d952,696355a5d230f7607fccf47600c3149601c3fe872aaebc65fde3ff9da7d61f28,factorized,factorized,False,,,0,0d9e5fdba57c30b9b0e238876011815027bab365040d0c605f74fba1987f67c5,b45f6d311a33a790cfe03615f347a4626e5c0a6412309c39e4d07882f98a09c0,770c3d348365b7f744f2eaee964b61cc57615c10f8ca9a47a061ac03ee1c343e
cath663,4n7qA,4n7q,A,sword2-rust,factorized,factorized-accuracy,,,False,0,1.1446738177910447,39300,"[""/home/chili/cretin/PROJECTS/SWORD2/target/release/sword2"",""-i"",""/home/chili/cretin/PROJECTS/SWORD2/benchmark/cache/chains/4n7qA.pdb"",""-o"",""/home/chili/cretin/PROJECTS/SWORD2/benchmark/results_factorized_locked_model_attempt6/raw/sword2-rust/4n7qA"",""-j"",""1"",""--use-factorized-ranker""]","[""<binary>"",""-i"",""<input_structure>"",""-o"",""<process_output>"",""-j"",""1"",""--use-factorized-ranker""]",repository_root,5900dad049c2d34c8fcb2c3d80f0d82d663960a31c36724d6ee2917b4e189edf,raw/sword2-rust/4n7qA/4n7qA_A/summary.json,285d229384107a8e7634cec09cc3bb06b8bb862831b1ff9dfd4dbd8831fbc4e9,e3b0c44298fc1c149afbf4c8996fb92427ae41e4649b934ca495991b7852b855,c7f344a24a418eb74e22d1c8755ca1b4bd49d3be565cb0c30afbf874035e59c8,696355a5d230f7607fccf47600c3149601c3fe872aaebc65fde3ff9da7d61f28,factorized,factorized,False,,,0,0d9e5fdba57c30b9b0e238876011815027bab365040d0c605f74fba1987f67c5,b45f6d311a33a790cfe03615f347a4626e5c0a6412309c39e4d07882f98a09c0,770c3d348365b7f744f2eaee964b61cc57615c10f8ca9a47a061ac03ee1c343e
cath663,4n9jA,4n9j,A,sword2-rust,factorized,factorized-accuracy,,,False,0,0.27820585388690233,11136,"[""/home/chili/cretin/PROJECTS/SWORD2/target/release/sword2"",""-i"",""/home/chili/cretin/PROJECTS/SWORD2/benchmark/cache/chains/4n9jA.pdb"",""-o"",""/home/chili/cretin/PROJECTS/SWORD2/benchmark/results_factorized_locked_model_attempt6/raw/sword2-rust/4n9jA"",""-j"",""1"",""--use-factorized-ranker""]","[""<binary>"",""-i"",""<input_structure>"",""-o"",""<process_output>"",""-j"",""1"",""--use-factorized-ranker""]",repository_root,adaa94553b80c1482bff7ed1207aefe20c1a805bbb0d12651f2fcda1f63ea6c3,raw/sword2-rust/4n9jA/4n9jA_A/summary.json,4ac3cb4e5ce937a00b89a09d22f10c1035c8caf9f53f69be8334021653ff58eb,e3b0c44298fc1c149afbf4c8996fb92427ae41e4649b934ca495991b7852b855,f34fceb96c7806e4286e9489fd618613843f591bc40a25bbd164873e46402e00,696355a5d230f7607fccf47600c3149601c3fe872aaebc65fde3ff9da7d61f28,factorized,factorized,False,,,0,0d9e5fdba57c30b9b0e238876011815027bab365040d0c605f74fba1987f67c5,b45f6d311a33a790cfe03615f347a4626e5c0a6412309c39e4d07882f98a09c0,770c3d348365b7f744f2eaee964b61cc57615c10f8ca9a47a061ac03ee1c343e
cath663,4nkbA,4nkb,A,sword2-rust,factorized,factorized-accuracy,,,False,0,0.3232865217141807,11520,"[""/home/chili/cretin/PROJECTS/SWORD2/target/release/sword2"",""-i"",""/home/chili/cretin/PROJECTS/SWORD2/benchmark/cache/chains/4nkbA.pdb"",""-o"",""/home/chili/cretin/PROJECTS/SWORD2/benchmark/results_factorized_locked_model_attempt6/raw/sword2-rust/4nkbA"",""-j"",""1"",""--use-factorized-ranker""]","[""<binary>"",""-i"",""<input_structure>"",""-o"",""<process_output>"",""-j"",""1"",""--use-factorized-ranker""]",repository_root,3995dc810b46778dcdc0127c2ec2c7b9268bbcea8d2b61077700b4b441ea3d3e,raw/sword2-rust/4nkbA/4nkbA_A/summary.json,e46943f1f9b782e7c82e9227ec489ad3a75e415faeedf0fe10d4c38505b2eb1a,e3b0c44298fc1c149afbf4c8996fb92427ae41e4649b934ca495991b7852b855,689d17ef1f1186eeea70b315d0ba63d8ef7577b79c0c648afc9e0fa41d9815c5,696355a5d230f7607fccf47600c3149601c3fe872aaebc65fde3ff9da7d61f28,factorized,factorized,False,,,0,0d9e5fdba57c30b9b0e238876011815027bab365040d0c605f74fba1987f67c5,b45f6d311a33a790cfe03615f347a4626e5c0a6412309c39e4d07882f98a09c0,770c3d348365b7f744f2eaee964b61cc57615c10f8ca9a47a061ac03ee1c343e
cath663,4nkbB,4nkb,B,sword2-rust,factorized,factorized-accuracy,,,False,0,0.37501154839992523,11520,"[""/home/chili/cretin/PROJECTS/SWORD2/target/release/sword2"",""-i"",""/home/chili/cretin/PROJECTS/SWORD2/benchmark/cache/chains/4nkbB.pdb"",""-o"",""/home/chili/cretin/PROJECTS/SWORD2/benchmark/results_factorized_locked_model_attempt6/raw/sword2-rust/4nkbB"",""-j"",""1"",""--use-factorized-ranker""]","[""<binary>"",""-i"",""<input_structure>"",""-o"",""<process_output>"",""-j"",""1"",""--use-factorized-ranker""]",repository_root,4411626e757e9a8ef37d2b0853d165291b02a5fdde7db981126e283aacd4db5c,raw/sword2-rust/4nkbB/4nkbB_B/summary.json,7c161fdbd60676022546291fb3f18b72009dc89ff50ff7fb3319f9b8dd3d2792,e3b0c44298fc1c149afbf4c8996fb92427ae41e4649b934ca495991b7852b855,e84598a19de4806d144c42494ca0e81db7ac5cbb17e5510f9d976ee7a25283e6,696355a5d230f7607fccf47600c3149601c3fe872aaebc65fde3ff9da7d61f28,factorized,factorized,False,,,0,0d9e5fdba57c30b9b0e238876011815027bab365040d0c605f74fba1987f67c5,b45f6d311a33a790cfe03615f347a4626e5c0a6412309c39e4d07882f98a09c0,770c3d348365b7f744f2eaee964b61cc57615c10f8ca9a47a061ac03ee1c343e
cath663,4nleA,4nle,A,sword2-rust,factorized,factorized-accuracy,,,False,0,1.2078493619337678,33452,"[""/home/chili/cretin/PROJECTS/SWORD2/target/release/sword2"",""-i"",""/home/chili/cretin/PROJECTS/SWORD2/benchmark/cache/chains/4nleA.pdb"",""-o"",""/home/chili/cretin/PROJECTS/SWORD2/benchmark/results_factorized_locked_model_attempt6/raw/sword2-rust/4nleA"",""-j"",""1"",""--use-factorized-ranker""]","[""<binary>"",""-i"",""<input_structure>"",""-o"",""<process_output>"",""-j"",""1"",""--use-factorized-ranker""]",repository_root,04a62d1b06834a8fa096ed6bd88e1d0447793e7cf52113c3b0fee39acf2120f5,raw/sword2-rust/4nleA/4nleA_A/summary.json,ddb6ab7fedd7630cf63c8d5016639f4ea8df40e3852eb2fe0f71ded611bba1e5,e3b0c44298fc1c149afbf4c8996fb92427ae41e4649b934ca495991b7852b855,7ef2753518ce570e35bdbe76069c3ac6562b1613daa6ae10e0226f0034d21810,696355a5d230f7607fccf47600c3149601c3fe872aaebc65fde3ff9da7d61f28,factorized,factorized,False,,,0,0d9e5fdba57c30b9b0e238876011815027bab365040d0c605f74fba1987f67c5,b45f6d311a33a790cfe03615f347a4626e5c0a6412309c39e4d07882f98a09c0,770c3d348365b7f744f2eaee964b61cc57615c10f8ca9a47a061ac03ee1c343e
cath663,4nnoA,4nno,A,sword2-rust,factorized,factorized-accuracy,,,False,0,0.26435312489047647,12480,"[""/home/chili/cretin/PROJECTS/SWORD2/target/release/sword2"",""-i"",""/home/chili/cretin/PROJECTS/SWORD2/benchmark/cache/chains/4nnoA.pdb"",""-o"",""/home/chili/cretin/PROJECTS/SWORD2/benchmark/results_factorized_locked_model_attempt6/raw/sword2-rust/4nnoA"",""-j"",""1"",""--use-factorized-ranker""]","[""<binary>"",""-i"",""<input_structure>"",""-o"",""<process_output>"",""-j"",""1"",""--use-factorized-ranker""]",repository_root,28ef0012a41fac83649a1a381149a18b2542370734c5c1d8c7c4a87e16a33047,raw/sword2-rust/4nnoA/4nnoA_A/summary.json,c29aae5f0a29e618ed3ce91c74a14bf0bc84aa621fca275f4bf35abc42559550,e3b0c44298fc1c149afbf4c8996fb92427ae41e4649b934ca495991b7852b855,22a48b2e2f4244a6e06b58e26ff73679cd40f00a9f45b53370b1e537e6c2eb49,696355a5d230f7607fccf47600c3149601c3fe872aaebc65fde3ff9da7d61f28,factorized,factorized,False,,,0,0d9e5fdba57c30b9b0e238876011815027bab365040d0c605f74fba1987f67c5,b45f6d311a33a790cfe03615f347a4626e5c0a6412309c39e4d07882f98a09c0,770c3d348365b7f744f2eaee964b61cc57615c10f8ca9a47a061ac03ee1c343e
cath663,4nslA,4nsl,A,sword2-rust,factorized,factorized-accuracy,,,False,0,0.8387904670089483,26508,"[""/home/chili/cretin/PROJECTS/SWORD2/target/release/sword2"",""-i"",""/home/chili/cretin/PROJECTS/SWORD2/benchmark/cache/chains/4nslA.pdb"",""-o"",""/home/chili/cretin/PROJECTS/SWORD2/benchmark/results_factorized_locked_model_attempt6/raw/sword2-rust/4nslA"",""-j"",""1"",""--use-factorized-ranker""]","[""<binary>"",""-i"",""<input_structure>"",""-o"",""<process_output>"",""-j"",""1"",""--use-factorized-ranker""]",repository_root,5609deb756810ae63f601aad52860adaac585b8916b126fa62f30f3fa77444bb,raw/sword2-rust/4nslA/4nslA_A/summary.json,dc771879595142307dc2e07fa5da5a452d8f45fa317aeeed6d3b8784029da965,e3b0c44298fc1c149afbf4c8996fb92427ae41e4649b934ca495991b7852b855,49dbe1b97224547caa938b1e2161fe7c942249237e61d877785727e1fe4db9d1,696355a5d230f7607fccf47600c3149601c3fe872aaebc65fde3ff9da7d61f28,factorized,factorized,False,,,0,0d9e5fdba57c30b9b0e238876011815027bab365040d0c605f74fba1987f67c5,b45f6d311a33a790cfe03615f347a4626e5c0a6412309c39e4d07882f98a09c0,770c3d348365b7f744f2eaee964b61cc57615c10f8ca9a47a061ac03ee1c343e
cath663,4nslB,4nsl,B,sword2-rust,factorized,factorized-accuracy,,,False,0,0.8550169509835541,26172,"[""/home/chili/cretin/PROJECTS/SWORD2/target/release/sword2"",""-i"",""/home/chili/cretin/PROJECTS/SWORD2/benchmark/cache/chains/4nslB.pdb"",""-o"",""/home/chili/cretin/PROJECTS/SWORD2/benchmark/results_factorized_locked_model_attempt6/raw/sword2-rust/4nslB"",""-j"",""1"",""--use-factorized-ranker""]","[""<binary>"",""-i"",""<input_structure>"",""-o"",""<process_output>"",""-j"",""1"",""--use-factorized-ranker""]",repository_root,90d395bc6a5f9b1ab9a503e127b4f6df929babd374f6f4feb806db94a1c85585,raw/sword2-rust/4nslB/4nslB_B/summary.json,90edf74e24550e6a8b94242111dc748b661622d9b62522d897ff058eabb7fe23,e3b0c44298fc1c149afbf4c8996fb92427ae41e4649b934ca495991b7852b855,c426d6aab57484b81af4d1ae44d9f80679d013264e174ca9270c6c46a1a4e655,696355a5d230f7607fccf47600c3149601c3fe872aaebc65fde3ff9da7d61f28,factorized,factorized,False,,,0,0d9e5fdba57c30b9b0e238876011815027bab365040d0c605f74fba1987f67c5,b45f6d311a33a790cfe03615f347a4626e5c0a6412309c39e4d07882f98a09c0,770c3d348365b7f744f2eaee964b61cc57615c10f8ca9a47a061ac03ee1c343e
cath663,4nv8A,4nv8,A,sword2-rust,factorized,factorized-accuracy,,,False,0,0.4170828452333808,13240,"[""/home/chili/cretin/PROJECTS/SWORD2/target/release/sword2"",""-i"",""/home/chili/cretin/PROJECTS/SWORD2/benchmark/cache/chains/4nv8A.pdb"",""-o"",""/home/chili/cretin/PROJECTS/SWORD2/benchmark/results_factorized_locked_model_attempt6/raw/sword2-rust/4nv8A"",""-j"",""1"",""--use-factorized-ranker""]","[""<binary>"",""-i"",""<input_structure>"",""-o"",""<process_output>"",""-j"",""1"",""--use-factorized-ranker""]",repository_root,217379870e68bc734ac025709ea374cfe9c5316d5f6f0ccf517c48af22e1f917,raw/sword2-rust/4nv8A/4nv8A_A/summary.json,4510a493301633b57133cd3504a6e19aaf5dbf73ddcc999b39cf78c4b0968b2d,e3b0c44298fc1c149afbf4c8996fb92427ae41e4649b934ca495991b7852b855,09c690d394ecbeab826e5b6a71971828c3e1abfd4f70565d819d8cb23db8e323,696355a5d230f7607fccf47600c3149601c3fe872aaebc65fde3ff9da7d61f28,factorized,factorized,False,,,0,0d9e5fdba57c30b9b0e238876011815027bab365040d0c605f74fba1987f67c5,b45f6d311a33a790cfe03615f347a4626e5c0a6412309c39e4d07882f98a09c0,770c3d348365b7f744f2eaee964b61cc57615c10f8ca9a47a061ac03ee1c343e
cath663,4nzrM,4nzr,M,sword2-rust,factorized,factorized-accuracy,,,False,0,0.5232601999305189,22128,"[""/home/chili/cretin/PROJECTS/SWORD2/target/release/sword2"",""-i"",""/home/chili/cretin/PROJECTS/SWORD2/benchmark/cache/chains/4nzrM.pdb"",""-o"",""/home/chili/cretin/PROJECTS/SWORD2/benchmark/results_factorized_locked_model_attempt6/raw/sword2-rust/4nzrM"",""-j"",""1"",""--use-factorized-ranker""]","[""<binary>"",""-i"",""<input_structure>"",""-o"",""<process_output>"",""-j"",""1"",""--use-factorized-ranker""]",repository_root,6809e9b9e83440e29c5588d70ca5ed410f81099a0449580e31bebf717edaeab2,raw/sword2-rust/4nzrM/4nzrM_M/summary.json,678071bc008c482e38306b5a8e0338c70ad78a5a3e60c4b1780b5582d39d0cc5,e3b0c44298fc1c149afbf4c8996fb92427ae41e4649b934ca495991b7852b855,1e939cb856fbfa65b5f4574bf7d6eb6aa3909f831dde2fb50b7b6822bc0ab710,696355a5d230f7607fccf47600c3149601c3fe872aaebc65fde3ff9da7d61f28,factorized,factorized,False,,,0,0d9e5fdba57c30b9b0e238876011815027bab365040d0c605f74fba1987f67c5,b45f6d311a33a790cfe03615f347a4626e5c0a6412309c39e4d07882f98a09c0,770c3d348365b7f744f2eaee964b61cc57615c10f8ca9a47a061ac03ee1c343e
cath663,4oltB,4olt,B,sword2-rust,factorized,factorized-accuracy,,,False,0,0.29278686456382275,12160,"[""/home/chili/cretin/PROJECTS/SWORD2/target/release/sword2"",""-i"",""/home/chili/cretin/PROJECTS/SWORD2/benchmark/cache/chains/4oltB.pdb"",""-o"",""/home/chili/cretin/PROJECTS/SWORD2/benchmark/results_factorized_locked_model_attempt6/raw/sword2-rust/4oltB"",""-j"",""1"",""--use-factorized-ranker""]","[""<binary>"",""-i"",""<input_structure>"",""-o"",""<process_output>"",""-j"",""1"",""--use-factorized-ranker""]",repository_root,8704d7573608bfa7fcd19a879c21f8de01744fa1c5e6954dceea7d6d4b7421dd,raw/sword2-rust/4oltB/4oltB_B/summary.json,a16b6cdccaa0b934c847fa5363569d8434202c3324e84c07fb13a5bf6cf1755e,e3b0c44298fc1c149afbf4c8996fb92427ae41e4649b934ca495991b7852b855,7e16895c4c6ed039881876c694ec7e199d714cb23c88ffc8db645095caae0334,696355a5d230f7607fccf47600c3149601c3fe872aaebc65fde3ff9da7d61f28,factorized,factorized,False,,,0,0d9e5fdba57c30b9b0e238876011815027bab365040d0c605f74fba1987f67c5,b45f6d311a33a790cfe03615f347a4626e5c0a6412309c39e4d07882f98a09c0,770c3d348365b7f744f2eaee964b61cc57615c10f8ca9a47a061ac03ee1c343e
cath663,4oxrA,4oxr,A,sword2-rust,factorized,factorized-accuracy,,,False,0,0.4471092186868191,13228,"[""/home/chili/cretin/PROJECTS/SWORD2/target/release/sword2"",""-i"",""/home/chili/cretin/PROJECTS/SWORD2/benchmark/cache/chains/4oxrA.pdb"",""-o"",""/home/chili/cretin/PROJECTS/SWORD2/benchmark/results_factorized_locked_model_attempt6/raw/sword2-rust/4oxrA"",""-j"",""1"",""--use-factorized-ranker""]","[""<binary>"",""-i"",""<input_structure>"",""-o"",""<process_output>"",""-j"",""1"",""--use-factorized-ranker""]",repository_root,efa62fe49467c54d2e87fc5daa76c754446f90d3492eb9ffb07be668f4a94a7a,raw/sword2-rust/4oxrA/4oxrA_A/summary.json,ff39bdd17cf24371b1f81b1fe32f66f438073a663ba5f40020cb619bc0091837,e3b0c44298fc1c149afbf4c8996fb92427ae41e4649b934ca495991b7852b855,7142df2b145d8b5f11d0acd6c8e9aba315af1d9a559c1a4c2d5140789043dfa4,696355a5d230f7607fccf47600c3149601c3fe872aaebc65fde3ff9da7d61f28,factorized,factorized,False,,,0,0d9e5fdba57c30b9b0e238876011815027bab365040d0c605f74fba1987f67c5,b45f6d311a33a790cfe03615f347a4626e5c0a6412309c39e4d07882f98a09c0,770c3d348365b7f744f2eaee964b61cc57615c10f8ca9a47a061ac03ee1c343e
cath663,4p2aA,4p2a,A,sword2-rust,factorized,factorized-accuracy,,,False,0,0.46929385187104344,15804,"[""/home/chili/cretin/PROJECTS/SWORD2/target/release/sword2"",""-i"",""/home/chili/cretin/PROJECTS/SWORD2/benchmark/cache/chains/4p2aA.pdb"",""-o"",""/home/chili/cretin/PROJECTS/SWORD2/benchmark/results_factorized_locked_model_attempt6/raw/sword2-rust/4p2aA"",""-j"",""1"",""--use-factorized-ranker""]","[""<binary>"",""-i"",""<input_structure>"",""-o"",""<process_output>"",""-j"",""1"",""--use-factorized-ranker""]",repository_root,2d02862ac915f558825a1e991bad92b6b51f213cb06d766a5d66aaabb3c173a0,raw/sword2-rust/4p2aA/4p2aA_A/summary.json,ec2c541bdecc805465303b3a166a1f849048da6ee76ac6a9e415b094a0784c33,e3b0c44298fc1c149afbf4c8996fb92427ae41e4649b934ca495991b7852b855,65949802a4135995ce7336a0b35a7268ac517db09605ca5505a681cecdd1a13c,696355a5d230f7607fccf47600c3149601c3fe872aaebc65fde3ff9da7d61f28,factorized,factorized,False,,,0,0d9e5fdba57c30b9b0e238876011815027bab365040d0c605f74fba1987f67c5,b45f6d311a33a790cfe03615f347a4626e5c0a6412309c39e4d07882f98a09c0,770c3d348365b7f744f2eaee964b61cc57615c10f8ca9a47a061ac03ee1c343e
cath663,4p53A,4p53,A,sword2-rust,factorized,factorized-accuracy,,,False,0,0.5461176568642259,18456,"[""/home/chili/cretin/PROJECTS/SWORD2/target/release/sword2"",""-i"",""/home/chili/cretin/PROJECTS/SWORD2/benchmark/cache/chains/4p53A.pdb"",""-o"",""/home/chili/cretin/PROJECTS/SWORD2/benchmark/results_factorized_locked_model_attempt6/raw/sword2-rust/4p53A"",""-j"",""1"",""--use-factorized-ranker""]","[""<binary>"",""-i"",""<input_structure>"",""-o"",""<process_output>"",""-j"",""1"",""--use-factorized-ranker""]",repository_root,1e14fc9461f3a179d23db44efa94e1a1834e239168494bb34dd5a6c0806c41a4,raw/sword2-rust/4p53A/4p53A_A/summary.json,c562dbc21bb1391b382369a8ab15031119c5501118133a8aa6873e197c59fd4d,e3b0c44298fc1c149afbf4c8996fb92427ae41e4649b934ca495991b7852b855,d6134b7d0e8f3253e4a21f263577028f9af3a25225991e9661677548e02955cf,696355a5d230f7607fccf47600c3149601c3fe872aaebc65fde3ff9da7d61f28,factorized,factorized,False,,,0,0d9e5fdba57c30b9b0e238876011815027bab365040d0c605f74fba1987f67c5,b45f6d311a33a790cfe03615f347a4626e5c0a6412309c39e4d07882f98a09c0,770c3d348365b7f744f2eaee964b61cc57615c10f8ca9a47a061ac03ee1c343e
cath663,4pagA,4pag,A,sword2-rust,factorized,factorized-accuracy,,,False,0,0.553594556171447,18304,"[""/home/chili/cretin/PROJECTS/SWORD2/target/release/sword2"",""-i"",""/home/chili/cretin/PROJECTS/SWORD2/benchmark/cache/chains/4pagA.pdb"",""-o"",""/home/chili/cretin/PROJECTS/SWORD2/benchmark/results_factorized_locked_model_attempt6/raw/sword2-rust/4pagA"",""-j"",""1"",""--use-factorized-ranker""]","[""<binary>"",""-i"",""<input_structure>"",""-o"",""<process_output>"",""-j"",""1"",""--use-factorized-ranker""]",repository_root,f0da7438dea88402881077f1c17f715dee065ea63b11a9c6c372d2c8ca76c86f,raw/sword2-rust/4pagA/4pagA_A/summary.json,6b3bd925a9e86eeb188543d08220cbb73b782f1193d1d19fef5b4c9ca6e620f3,e3b0c44298fc1c149afbf4c8996fb92427ae41e4649b934ca495991b7852b855,fc153d2d4c51d5366bad152b7d528c12035c119801606ca0e6e285efd4a3768a,696355a5d230f7607fccf47600c3149601c3fe872aaebc65fde3ff9da7d61f28,factorized,factorized,False,,,0,0d9e5fdba57c30b9b0e238876011815027bab365040d0c605f74fba1987f67c5,b45f6d311a33a790cfe03615f347a4626e5c0a6412309c39e4d07882f98a09c0,770c3d348365b7f744f2eaee964b61cc57615c10f8ca9a47a061ac03ee1c343e
cath663,4pfzB,4pfz,B,sword2-rust,factorized,factorized-accuracy,,,False,0,0.38385875429958105,11520,"[""/home/chili/cretin/PROJECTS/SWORD2/target/release/sword2"",""-i"",""/home/chili/cretin/PROJECTS/SWORD2/benchmark/cache/chains/4pfzB.pdb"",""-o"",""/home/chili/cretin/PROJECTS/SWORD2/benchmark/results_factorized_locked_model_attempt6/raw/sword2-rust/4pfzB"",""-j"",""1"",""--use-factorized-ranker""]","[""<binary>"",""-i"",""<input_structure>"",""-o"",""<process_output>"",""-j"",""1"",""--use-factorized-ranker""]",repository_root,1fb1c979411ed5e4f9805939ff3508de3913b353ce3531ca148725d99b08083a,raw/sword2-rust/4pfzB/4pfzB_B/summary.json,8e030455d6bbc7b7a02df31a3428bae0962ebd27aee21c3d05cc005b54e01f1b,e3b0c44298fc1c149afbf4c8996fb92427ae41e4649b934ca495991b7852b855,6cea73d9a4e3fbfc64b86a219950ce84b0bbcc7ecee45fcaf538aaabd7c52ad4,696355a5d230f7607fccf47600c3149601c3fe872aaebc65fde3ff9da7d61f28,factorized,factorized,False,,,0,0d9e5fdba57c30b9b0e238876011815027bab365040d0c605f74fba1987f67c5,b45f6d311a33a790cfe03615f347a4626e5c0a6412309c39e4d07882f98a09c0,770c3d348365b7f744f2eaee964b61cc57615c10f8ca9a47a061ac03ee1c343e
cath663,4pm4A,4pm4,A,sword2-rust,factorized,factorized-accuracy,,,False,0,0.45709840999916196,15272,"[""/home/chili/cretin/PROJECTS/SWORD2/target/release/sword2"",""-i"",""/home/chili/cretin/PROJECTS/SWORD2/benchmark/cache/chains/4pm4A.pdb"",""-o"",""/home/chili/cretin/PROJECTS/SWORD2/benchmark/results_factorized_locked_model_attempt6/raw/sword2-rust/4pm4A"",""-j"",""1"",""--use-factorized-ranker""]","[""<binary>"",""-i"",""<input_structure>"",""-o"",""<process_output>"",""-j"",""1"",""--use-factorized-ranker""]",repository_root,551ea1ed0c47a6987515b269bee3524ad3f2dec38dbe214271a13afc1be70a7b,raw/sword2-rust/4pm4A/4pm4A_A/summary.json,ab2bd55986ec2c3075173a75c24b7fcc3d5a243dcbc18300dc0afd7e0980c474,e3b0c44298fc1c149afbf4c8996fb92427ae41e4649b934ca495991b7852b855,e511ee403a4995b41aa2eec7e91dc87dad78d396f6c165a88e4c1b90421a6752,696355a5d230f7607fccf47600c3149601c3fe872aaebc65fde3ff9da7d61f28,factorized,factorized,False,,,0,0d9e5fdba57c30b9b0e238876011815027bab365040d0c605f74fba1987f67c5,b45f6d311a33a790cfe03615f347a4626e5c0a6412309c39e4d07882f98a09c0,770c3d348365b7f744f2eaee964b61cc57615c10f8ca9a47a061ac03ee1c343e
cath663,4pqxA,4pqx,A,sword2-rust,factorized,factorized-accuracy,,,False,0,0.16785419126972556,11200,"[""/home/chili/cretin/PROJECTS/SWORD2/target/release/sword2"",""-i"",""/home/chili/cretin/PROJECTS/SWORD2/benchmark/cache/chains/4pqxA.pdb"",""-o"",""/home/chili/cretin/PROJECTS/SWORD2/benchmark/results_factorized_locked_model_attempt6/raw/sword2-rust/4pqxA"",""-j"",""1"",""--use-factorized-ranker""]","[""<binary>"",""-i"",""<input_structure>"",""-o"",""<process_output>"",""-j"",""1"",""--use-factorized-ranker""]",repository_root,ba44362c6aad5046f1957cf9ce7fcd41e2f8377c8bf0b0ec99e4129b3918014a,raw/sword2-rust/4pqxA/4pqxA_A/summary.json,887006cab155f7bddbb7fdc3fdd460bc7970052b4e01b73eccedb4ff8de2da88,e3b0c44298fc1c149afbf4c8996fb92427ae41e4649b934ca495991b7852b855,72bd8886d3201f6539ee0d939c2c375f112bac9748b30fe31fd4e23c872bfbc1,696355a5d230f7607fccf47600c3149601c3fe872aaebc65fde3ff9da7d61f28,factorized,factorized,False,,,0,0d9e5fdba57c30b9b0e238876011815027bab365040d0c605f74fba1987f67c5,b45f6d311a33a790cfe03615f347a4626e5c0a6412309c39e4d07882f98a09c0,770c3d348365b7f744f2eaee964b61cc57615c10f8ca9a47a061ac03ee1c343e
cath663,4q2hA,4q2h,A,sword2-rust,factorized,factorized-accuracy,,,False,0,0.5760298883542418,20800,"[""/home/chili/cretin/PROJECTS/SWORD2/target/release/sword2"",""-i"",""/home/chili/cretin/PROJECTS/SWORD2/benchmark/cache/chains/4q2hA.pdb"",""-o"",""/home/chili/cretin/PROJECTS/SWORD2/benchmark/results_factorized_locked_model_attempt6/raw/sword2-rust/4q2hA"",""-j"",""1"",""--use-factorized-ranker""]","[""<binary>"",""-i"",""<input_structure>"",""-o"",""<process_output>"",""-j"",""1"",""--use-factorized-ranker""]",repository_root,d4e25adfa7c74ba450f1a6325f2d8a53dd23bed21201d921b8c1ad460f245200,raw/sword2-rust/4q2hA/4q2hA_A/summary.json,b654e702ba3d346d5309f378420a74aa80715a7bd199bfab6a41b2cfc40cdc8c,e3b0c44298fc1c149afbf4c8996fb92427ae41e4649b934ca495991b7852b855,f67b7ed619a3fa686d424e3f66540a7d19bc76f5e1a5abd0a87c00722e5652d4,696355a5d230f7607fccf47600c3149601c3fe872aaebc65fde3ff9da7d61f28,factorized,factorized,False,,,0,0d9e5fdba57c30b9b0e238876011815027bab365040d0c605f74fba1987f67c5,b45f6d311a33a790cfe03615f347a4626e5c0a6412309c39e4d07882f98a09c0,770c3d348365b7f744f2eaee964b61cc57615c10f8ca9a47a061ac03ee1c343e
cath663,4q2rA,4q2r,A,sword2-rust,factorized,factorized-accuracy,,,False,0,0.6869324841536582,22780,"[""/home/chili/cretin/PROJECTS/SWORD2/target/release/sword2"",""-i"",""/home/chili/cretin/PROJECTS/SWORD2/benchmark/cache/chains/4q2rA.pdb"",""-o"",""/home/chili/cretin/PROJECTS/SWORD2/benchmark/results_factorized_locked_model_attempt6/raw/sword2-rust/4q2rA"",""-j"",""1"",""--use-factorized-ranker""]","[""<binary>"",""-i"",""<input_structure>"",""-o"",""<process_output>"",""-j"",""1"",""--use-factorized-ranker""]",repository_root,cfb4b61183f8af198077eb129287e46c065bf1eca4e3145e26956973a451f12a,raw/sword2-rust/4q2rA/4q2rA_A/summary.json,55625f62431e90f57fbf036147452f0f56a1cf049ef07245a58479b617102980,e3b0c44298fc1c149afbf4c8996fb92427ae41e4649b934ca495991b7852b855,c776ee8e8fdfe930fefa6f92472ba30fffb21ab3330acc94b0072aae555a0897,696355a5d230f7607fccf47600c3149601c3fe872aaebc65fde3ff9da7d61f28,factorized,factorized,False,,,0,0d9e5fdba57c30b9b0e238876011815027bab365040d0c605f74fba1987f67c5,b45f6d311a33a790cfe03615f347a4626e5c0a6412309c39e4d07882f98a09c0,770c3d348365b7f744f2eaee964b61cc57615c10f8ca9a47a061ac03ee1c343e
cath663,4q68A,4q68,A,sword2-rust,factorized,factorized-accuracy,,,False,0,0.2776566441170871,11008,"[""/home/chili/cretin/PROJECTS/SWORD2/target/release/sword2"",""-i"",""/home/chili/cretin/PROJECTS/SWORD2/benchmark/cache/chains/4q68A.pdb"",""-o"",""/home/chili/cretin/PROJECTS/SWORD2/benchmark/results_factorized_locked_model_attempt6/raw/sword2-rust/4q68A"",""-j"",""1"",""--use-factorized-ranker""]","[""<binary>"",""-i"",""<input_structure>"",""-o"",""<process_output>"",""-j"",""1"",""--use-factorized-ranker""]",repository_root,15d1c9452390e62e10c2047a7d8f870c4a24c64f2e3cf2748bcc6e2c650b2fe6,raw/sword2-rust/4q68A/4q68A_A/summary.json,e16af47fa423c435a75ee0370067a3567ef47a1a8d212870f8b8765997cc2b56,e3b0c44298fc1c149afbf4c8996fb92427ae41e4649b934ca495991b7852b855,c18b8d243975f65b1adc6c91d42bc36a7d8afa482a5008f6080fc50e872c0a7a,696355a5d230f7607fccf47600c3149601c3fe872aaebc65fde3ff9da7d61f28,factorized,factorized,False,,,0,0d9e5fdba57c30b9b0e238876011815027bab365040d0c605f74fba1987f67c5,b45f6d311a33a790cfe03615f347a4626e5c0a6412309c39e4d07882f98a09c0,770c3d348365b7f744f2eaee964b61cc57615c10f8ca9a47a061ac03ee1c343e
cath663,4qgsA,4qgs,A,sword2-rust,factorized,factorized-accuracy,,,False,0,0.6842743037268519,22104,"[""/home/chili/cretin/PROJECTS/SWORD2/target/release/sword2"",""-i"",""/home/chili/cretin/PROJECTS/SWORD2/benchmark/cache/chains/4qgsA.pdb"",""-o"",""/home/chili/cretin/PROJECTS/SWORD2/benchmark/results_factorized_locked_model_attempt6/raw/sword2-rust/4qgsA"",""-j"",""1"",""--use-factorized-ranker""]","[""<binary>"",""-i"",""<input_structure>"",""-o"",""<process_output>"",""-j"",""1"",""--use-factorized-ranker""]",repository_root,190dbcdaac4a396034b8a07ac1d5e00686167fe4a6f2db203a4e484de9aa74b2,raw/sword2-rust/4qgsA/4qgsA_A/summary.json,eec30a0e82e4bbcd9e4e1d34c428a490a601e81f2f6c97b7e26262e98402dbbf,e3b0c44298fc1c149afbf4c8996fb92427ae41e4649b934ca495991b7852b855,924ea3d5e99dc3b09237d05da69ae32e48d4b80b0a8f6955a691ca015f1ae8b8,696355a5d230f7607fccf47600c3149601c3fe872aaebc65fde3ff9da7d61f28,factorized,factorized,False,,,0,0d9e5fdba57c30b9b0e238876011815027bab365040d0c605f74fba1987f67c5,b45f6d311a33a790cfe03615f347a4626e5c0a6412309c39e4d07882f98a09c0,770c3d348365b7f744f2eaee964b61cc57615c10f8ca9a47a061ac03ee1c343e
cath663,4qkuA,4qku,A,sword2-rust,factorized,factorized-accuracy,,,False,0,1.1145416111685336,30684,"[""/home/chili/cretin/PROJECTS/SWORD2/target/release/sword2"",""-i"",""/home/chili/cretin/PROJECTS/SWORD2/benchmark/cache/chains/4qkuA.pdb"",""-o"",""/home/chili/cretin/PROJECTS/SWORD2/benchmark/results_factorized_locked_model_attempt6/raw/sword2-rust/4qkuA"",""-j"",""1"",""--use-factorized-ranker""]","[""<binary>"",""-i"",""<input_structure>"",""-o"",""<process_output>"",""-j"",""1"",""--use-factorized-ranker""]",repository_root,60a1925105d8a4c9f1d3a7a4f674218f7d11c79e64519b9367533ade6133468c,raw/sword2-rust/4qkuA/4qkuA_A/summary.json,da7cd3334967ed2ac8c1c952d0e890a3dd08c7441e9bf15050fa7c9f1cc221ad,e3b0c44298fc1c149afbf4c8996fb92427ae41e4649b934ca495991b7852b855,fe9becd162d8fbda6cc9e07e393c59241509eeafd6c03a8077f29a847092573d,696355a5d230f7607fccf47600c3149601c3fe872aaebc65fde3ff9da7d61f28,factorized,factorized,False,,,0,0d9e5fdba57c30b9b0e238876011815027bab365040d0c605f74fba1987f67c5,b45f6d311a33a790cfe03615f347a4626e5c0a6412309c39e4d07882f98a09c0,770c3d348365b7f744f2eaee964b61cc57615c10f8ca9a47a061ac03ee1c343e
cath663,4qkuC,4qku,C,sword2-rust,factorized,factorized-accuracy,,,False,0,1.0619701109826565,30476,"[""/home/chili/cretin/PROJECTS/SWORD2/target/release/sword2"",""-i"",""/home/chili/cretin/PROJECTS/SWORD2/benchmark/cache/chains/4qkuC.pdb"",""-o"",""/home/chili/cretin/PROJECTS/SWORD2/benchmark/results_factorized_locked_model_attempt6/raw/sword2-rust/4qkuC"",""-j"",""1"",""--use-factorized-ranker""]","[""<binary>"",""-i"",""<input_structure>"",""-o"",""<process_output>"",""-j"",""1"",""--use-factorized-ranker""]",repository_root,25ede5e5470893d29aec0abd310db80fe89794b00e63077033de751447ac5da8,raw/sword2-rust/4qkuC/4qkuC_C/summary.json,be5f3028bedb49a7857ba69f08e94989e48662e5c802881e5644a8286f3edd4e,e3b0c44298fc1c149afbf4c8996fb92427ae41e4649b934ca495991b7852b855,f8511a763d624b31f8497393ca779c73f5ce3c3a06b7f0558323544f96e39834,696355a5d230f7607fccf47600c3149601c3fe872aaebc65fde3ff9da7d61f28,factorized,factorized,False,,,0,0d9e5fdba57c30b9b0e238876011815027bab365040d0c605f74fba1987f67c5,b45f6d311a33a790cfe03615f347a4626e5c0a6412309c39e4d07882f98a09c0,770c3d348365b7f744f2eaee964b61cc57615c10f8ca9a47a061ac03ee1c343e
cath663,4qxoA,4qxo,A,sword2-rust,factorized,factorized-accuracy,,,False,0,0.24475634610280395,10560,"[""/home/chili/cretin/PROJECTS/SWORD2/target/release/sword2"",""-i"",""/home/chili/cretin/PROJECTS/SWORD2/benchmark/cache/chains/4qxoA.pdb"",""-o"",""/home/chili/cretin/PROJECTS/SWORD2/benchmark/results_factorized_locked_model_attempt6/raw/sword2-rust/4qxoA"",""-j"",""1"",""--use-factorized-ranker""]","[""<binary>"",""-i"",""<input_structure>"",""-o"",""<process_output>"",""-j"",""1"",""--use-factorized-ranker""]",repository_root,851ad191d174c2cdffcb84d5bc14958891a02b6dc163ef4fd7d4d2c21bed7131,raw/sword2-rust/4qxoA/4qxoA_A/summary.json,3dddbb771f234525e7a3663ab70df640d8f9b99470611912a5eb18117f1d5221,e3b0c44298fc1c149afbf4c8996fb92427ae41e4649b934ca495991b7852b855,876744355a6919090be05c9421ea296f5727f826213bbff7a1e8f5c4d97c7ef7,696355a5d230f7607fccf47600c3149601c3fe872aaebc65fde3ff9da7d61f28,factorized,factorized,False,,,0,0d9e5fdba57c30b9b0e238876011815027bab365040d0c605f74fba1987f67c5,b45f6d311a33a790cfe03615f347a4626e5c0a6412309c39e4d07882f98a09c0,770c3d348365b7f744f2eaee964b61cc57615c10f8ca9a47a061ac03ee1c343e
cath663,4rf6A,4rf6,A,sword2-rust,factorized,factorized-accuracy,,,False,0,1.157848241738975,41000,"[""/home/chili/cretin/PROJECTS/SWORD2/target/release/sword2"",""-i"",""/home/chili/cretin/PROJECTS/SWORD2/benchmark/cache/chains/4rf6A.pdb"",""-o"",""/home/chili/cretin/PROJECTS/SWORD2/benchmark/results_factorized_locked_model_attempt6/raw/sword2-rust/4rf6A"",""-j"",""1"",""--use-factorized-ranker""]","[""<binary>"",""-i"",""<input_structure>"",""-o"",""<process_output>"",""-j"",""1"",""--use-factorized-ranker""]",repository_root,4f5c17d3969f13cabc6c37309f655de01eefaa14acf98f7be9ed1050da3b44a9,raw/sword2-rust/4rf6A/4rf6A_A/summary.json,87c3419151a145ddc17c7b78c78b80d874da2e82c08c65f3ddbee16d2a45b612,e3b0c44298fc1c149afbf4c8996fb92427ae41e4649b934ca495991b7852b855,254f5c9b2010eba45f3beefebb6297504abc0ce92dd3ae3db98968f816522023,696355a5d230f7607fccf47600c3149601c3fe872aaebc65fde3ff9da7d61f28,factorized,factorized,False,,,0,0d9e5fdba57c30b9b0e238876011815027bab365040d0c605f74fba1987f67c5,b45f6d311a33a790cfe03615f347a4626e5c0a6412309c39e4d07882f98a09c0,770c3d348365b7f744f2eaee964b61cc57615c10f8ca9a47a061ac03ee1c343e
cath663,4rf6B,4rf6,B,sword2-rust,factorized,factorized-accuracy,,,False,0,1.0792118120007217,41776,"[""/home/chili/cretin/PROJECTS/SWORD2/target/release/sword2"",""-i"",""/home/chili/cretin/PROJECTS/SWORD2/benchmark/cache/chains/4rf6B.pdb"",""-o"",""/home/chili/cretin/PROJECTS/SWORD2/benchmark/results_factorized_locked_model_attempt6/raw/sword2-rust/4rf6B"",""-j"",""1"",""--use-factorized-ranker""]","[""<binary>"",""-i"",""<input_structure>"",""-o"",""<process_output>"",""-j"",""1"",""--use-factorized-ranker""]",repository_root,4e24cae6197d58b988f6072ccc733dbe8db26d2ba7019137a513d3d698ce79ac,raw/sword2-rust/4rf6B/4rf6B_B/summary.json,1afea6bfa833ebad6f7dbda38b4678d733075495badc46fc516c2ba5bab09103,e3b0c44298fc1c149afbf4c8996fb92427ae41e4649b934ca495991b7852b855,f775da57562ce80fa6438a7ffdda3b1ef2cd0fe1013b2c3560958789f60fab06,696355a5d230f7607fccf47600c3149601c3fe872aaebc65fde3ff9da7d61f28,factorized,factorized,False,,,0,0d9e5fdba57c30b9b0e238876011815027bab365040d0c605f74fba1987f67c5,b45f6d311a33a790cfe03615f347a4626e5c0a6412309c39e4d07882f98a09c0,770c3d348365b7f744f2eaee964b61cc57615c10f8ca9a47a061ac03ee1c343e
cath663,4rflA,4rfl,A,sword2-rust,factorized,factorized-accuracy,,,False,0,0.4631686322391033,17884,"[""/home/chili/cretin/PROJECTS/SWORD2/target/release/sword2"",""-i"",""/home/chili/cretin/PROJECTS/SWORD2/benchmark/cache/chains/4rflA.pdb"",""-o"",""/home/chili/cretin/PROJECTS/SWORD2/benchmark/results_factorized_locked_model_attempt6/raw/sword2-rust/4rflA"",""-j"",""1"",""--use-factorized-ranker""]","[""<binary>"",""-i"",""<input_structure>"",""-o"",""<process_output>"",""-j"",""1"",""--use-factorized-ranker""]",repository_root,75ab422d9a42bd76525720a459a062ae98dd45b5523df7d0714112159d3a0c48,raw/sword2-rust/4rflA/4rflA_A/summary.json,b7257f04429ac7746fc7fd39b3cef4faa6ff1d62440c8d743f264a748242201d,e3b0c44298fc1c149afbf4c8996fb92427ae41e4649b934ca495991b7852b855,3425457b6ce9f7a5a1a6a8b3255eb320e742d466330a815da42faa33d89935d3,696355a5d230f7607fccf47600c3149601c3fe872aaebc65fde3ff9da7d61f28,factorized,factorized,False,,,0,0d9e5fdba57c30b9b0e238876011815027bab365040d0c605f74fba1987f67c5,b45f6d311a33a790cfe03615f347a4626e5c0a6412309c39e4d07882f98a09c0,770c3d348365b7f744f2eaee964b61cc57615c10f8ca9a47a061ac03ee1c343e
cath663,4s17A,4s17,A,sword2-rust,factorized,factorized-accuracy,,,False,0,1.2521087350323796,35536,"[""/home/chili/cretin/PROJECTS/SWORD2/target/release/sword2"",""-i"",""/home/chili/cretin/PROJECTS/SWORD2/benchmark/cache/chains/4s17A.pdb"",""-o"",""/home/chili/cretin/PROJECTS/SWORD2/benchmark/results_factorized_locked_model_attempt6/raw/sword2-rust/4s17A"",""-j"",""1"",""--use-factorized-ranker""]","[""<binary>"",""-i"",""<input_structure>"",""-o"",""<process_output>"",""-j"",""1"",""--use-factorized-ranker""]",repository_root,57175aba0d8dee724d86dd58bd144aa78b56edd0b9197f18343d9def100e7e16,raw/sword2-rust/4s17A/4s17A_A/summary.json,15aab9819c4d25a2927b97986a8cce9669f41c1b109b10cf611e09e34281adc7,e3b0c44298fc1c149afbf4c8996fb92427ae41e4649b934ca495991b7852b855,c2e0faf70d59d3ef0b11817111a1ff625da7ae3aff92acd87fb69a7c2b6086f3,696355a5d230f7607fccf47600c3149601c3fe872aaebc65fde3ff9da7d61f28,factorized,factorized,False,,,0,0d9e5fdba57c30b9b0e238876011815027bab365040d0c605f74fba1987f67c5,b45f6d311a33a790cfe03615f347a4626e5c0a6412309c39e4d07882f98a09c0,770c3d348365b7f744f2eaee964b61cc57615c10f8ca9a47a061ac03ee1c343e
cath663,4s17C,4s17,C,sword2-rust,factorized,factorized-accuracy,,,False,0,0.9136788640171289,36124,"[""/home/chili/cretin/PROJECTS/SWORD2/target/release/sword2"",""-i"",""/home/chili/cretin/PROJECTS/SWORD2/benchmark/cache/chains/4s17C.pdb"",""-o"",""/home/chili/cretin/PROJECTS/SWORD2/benchmark/results_factorized_locked_model_attempt6/raw/sword2-rust/4s17C"",""-j"",""1"",""--use-factorized-ranker""]","[""<binary>"",""-i"",""<input_structure>"",""-o"",""<process_output>"",""-j"",""1"",""--use-factorized-ranker""]",repository_root,e57e2b92226d7637f8820fa23b668a830548807ab658f5eb9b505a4147cc36b1,raw/sword2-rust/4s17C/4s17C_C/summary.json,57e199f68b1804e3045c73bf4348392cec33de2629aaafc25762634bbfc5dc6b,e3b0c44298fc1c149afbf4c8996fb92427ae41e4649b934ca495991b7852b855,11faf1be923a0a2846a959838e5733dc685da3e6629b8c4e37cf68f870191f88,696355a5d230f7607fccf47600c3149601c3fe872aaebc65fde3ff9da7d61f28,factorized,factorized,False,,,0,0d9e5fdba57c30b9b0e238876011815027bab365040d0c605f74fba1987f67c5,b45f6d311a33a790cfe03615f347a4626e5c0a6412309c39e4d07882f98a09c0,770c3d348365b7f744f2eaee964b61cc57615c10f8ca9a47a061ac03ee1c343e
cath663,4tvmA,4tvm,A,sword2-rust,factorized,factorized-accuracy,,,False,0,0.7263690740801394,21652,"[""/home/chili/cretin/PROJECTS/SWORD2/target/release/sword2"",""-i"",""/home/chili/cretin/PROJECTS/SWORD2/benchmark/cache/chains/4tvmA.pdb"",""-o"",""/home/chili/cretin/PROJECTS/SWORD2/benchmark/results_factorized_locked_model_attempt6/raw/sword2-rust/4tvmA"",""-j"",""1"",""--use-factorized-ranker""]","[""<binary>"",""-i"",""<input_structure>"",""-o"",""<process_output>"",""-j"",""1"",""--use-factorized-ranker""]",repository_root,0b1f098d95c4aa39d9d1b7075f5a6c05ac66595bebf5f0cac442d7512b2edd89,raw/sword2-rust/4tvmA/4tvmA_A/summary.json,6b7bdd55cdd633892851e5081fb9c969e34864dd6f0008ab5c980877f314f70e,e3b0c44298fc1c149afbf4c8996fb92427ae41e4649b934ca495991b7852b855,da39985adfcd53115607bcd4454f14f19b0810f354004add8ae34334ed8e7b60,696355a5d230f7607fccf47600c3149601c3fe872aaebc65fde3ff9da7d61f28,factorized,factorized,False,,,0,0d9e5fdba57c30b9b0e238876011815027bab365040d0c605f74fba1987f67c5,b45f6d311a33a790cfe03615f347a4626e5c0a6412309c39e4d07882f98a09c0,770c3d348365b7f744f2eaee964b61cc57615c10f8ca9a47a061ac03ee1c343e
cath663,4v2qB,4v2q,B,sword2-rust,factorized,factorized-accuracy,,,False,0,1.3761139777489007,46240,"[""/home/chili/cretin/PROJECTS/SWORD2/target/release/sword2"",""-i"",""/home/chili/cretin/PROJECTS/SWORD2/benchmark/cache/chains/4v2qB.pdb"",""-o"",""/home/chili/cretin/PROJECTS/SWORD2/benchmark/results_factorized_locked_model_attempt6/raw/sword2-rust/4v2qB"",""-j"",""1"",""--use-factorized-ranker""]","[""<binary>"",""-i"",""<input_structure>"",""-o"",""<process_output>"",""-j"",""1"",""--use-factorized-ranker""]",repository_root,393bebab674349f356ea8a5400b27ddca8d1b168d06f057dc9754e7d40997085,raw/sword2-rust/4v2qB/4v2qB_B/summary.json,cd563c6db0be2475b08b0104dedafa96dc5d968bf02f1295d5ba3e65a2453c94,e3b0c44298fc1c149afbf4c8996fb92427ae41e4649b934ca495991b7852b855,a857f617841946861c8b628e893329d63da2748ba2001bde0b6aeb910d48ee8b,696355a5d230f7607fccf47600c3149601c3fe872aaebc65fde3ff9da7d61f28,factorized,factorized,False,,,0,0d9e5fdba57c30b9b0e238876011815027bab365040d0c605f74fba1987f67c5,b45f6d311a33a790cfe03615f347a4626e5c0a6412309c39e4d07882f98a09c0,770c3d348365b7f744f2eaee964b61cc57615c10f8ca9a47a061ac03ee1c343e
cath663,4wesA,4wes,A,sword2-rust,factorized,factorized-accuracy,,,False,0,1.1816657041199505,48984,"[""/home/chili/cretin/PROJECTS/SWORD2/target/release/sword2"",""-i"",""/home/chili/cretin/PROJECTS/SWORD2/benchmark/cache/chains/4wesA.pdb"",""-o"",""/home/chili/cretin/PROJECTS/SWORD2/benchmark/results_factorized_locked_model_attempt6/raw/sword2-rust/4wesA"",""-j"",""1"",""--use-factorized-ranker""]","[""<binary>"",""-i"",""<input_structure>"",""-o"",""<process_output>"",""-j"",""1"",""--use-factorized-ranker""]",repository_root,afb03308aa825e696a77271fd44a47da3b4dacb9b62741c7702b138f8be09ddc,raw/sword2-rust/4wesA/4wesA_A/summary.json,a015c41e71b5f94a483cd2d7c1dc6ad0c615df7ab51d3fc0290e47922017c760,e3b0c44298fc1c149afbf4c8996fb92427ae41e4649b934ca495991b7852b855,002a0d82df7eaba63b4fecaefbc689d821022ed3f40c55eef5cad1926663b955,58f1b0158d545f247ea44630c6af8bde6352f01b2f3c1ecfc50cddc45bccca86,factorized,legacy,True,structural_quality_abstention,factorized_fallback,0,0d9e5fdba57c30b9b0e238876011815027bab365040d0c605f74fba1987f67c5,b45f6d311a33a790cfe03615f347a4626e5c0a6412309c39e4d07882f98a09c0,770c3d348365b7f744f2eaee964b61cc57615c10f8ca9a47a061ac03ee1c343e
cath663,4wesB,4wes,B,sword2-rust,factorized,factorized-accuracy,,,False,0,1.018573444802314,36876,"[""/home/chili/cretin/PROJECTS/SWORD2/target/release/sword2"",""-i"",""/home/chili/cretin/PROJECTS/SWORD2/benchmark/cache/chains/4wesB.pdb"",""-o"",""/home/chili/cretin/PROJECTS/SWORD2/benchmark/results_factorized_locked_model_attempt6/raw/sword2-rust/4wesB"",""-j"",""1"",""--use-factorized-ranker""]","[""<binary>"",""-i"",""<input_structure>"",""-o"",""<process_output>"",""-j"",""1"",""--use-factorized-ranker""]",repository_root,f33a375aac642d04912489ff743a7f99e8f858a40f48f208e5ef679be428c60c,raw/sword2-rust/4wesB/4wesB_B/summary.json,807944dcedcd624f25ce9648af48857cedbf6fc63c3054e90b87c6068c0c774a,e3b0c44298fc1c149afbf4c8996fb92427ae41e4649b934ca495991b7852b855,4df27506dd93d880460fec95c1bd51cc05d453e84c9b2bf408f495a07c10b28e,696355a5d230f7607fccf47600c3149601c3fe872aaebc65fde3ff9da7d61f28,factorized,factorized,False,,,0,0d9e5fdba57c30b9b0e238876011815027bab365040d0c605f74fba1987f67c5,b45f6d311a33a790cfe03615f347a4626e5c0a6412309c39e4d07882f98a09c0,770c3d348365b7f744f2eaee964b61cc57615c10f8ca9a47a061ac03ee1c343e
cath663,4xghA,4xgh,A,sword2-rust,factorized,factorized-accuracy,,,False,0,0.6177578759379685,21520,"[""/home/chili/cretin/PROJECTS/SWORD2/target/release/sword2"",""-i"",""/home/chili/cretin/PROJECTS/SWORD2/benchmark/cache/chains/4xghA.pdb"",""-o"",""/home/chili/cretin/PROJECTS/SWORD2/benchmark/results_factorized_locked_model_attempt6/raw/sword2-rust/4xghA"",""-j"",""1"",""--use-factorized-ranker""]","[""<binary>"",""-i"",""<input_structure>"",""-o"",""<process_output>"",""-j"",""1"",""--use-factorized-ranker""]",repository_root,21e810c4092d9e186540f563b86ca0539f3d1271656a42fc8fc6bcdcc5cae384,raw/sword2-rust/4xghA/4xghA_A/summary.json,72b29ccdfc1a8c88b7b5e5edc9fad17e24ac7708c99ad1b217d7c3bad2d77b10,e3b0c44298fc1c149afbf4c8996fb92427ae41e4649b934ca495991b7852b855,289a29174fef025b94ad5fa01dda3ec5b47d1d4f8b8fc5100bc28d1ec91fe6d6,696355a5d230f7607fccf47600c3149601c3fe872aaebc65fde3ff9da7d61f28,factorized,factorized,False,,,0,0d9e5fdba57c30b9b0e238876011815027bab365040d0c605f74fba1987f67c5,b45f6d311a33a790cfe03615f347a4626e5c0a6412309c39e4d07882f98a09c0,770c3d348365b7f744f2eaee964b61cc57615c10f8ca9a47a061ac03ee1c343e
cath663,4yhxA,4yhx,A,sword2-rust,factorized,factorized-accuracy,,,False,0,0.5480532245710492,15768,"[""/home/chili/cretin/PROJECTS/SWORD2/target/release/sword2"",""-i"",""/home/chili/cretin/PROJECTS/SWORD2/benchmark/cache/chains/4yhxA.pdb"",""-o"",""/home/chili/cretin/PROJECTS/SWORD2/benchmark/results_factorized_locked_model_attempt6/raw/sword2-rust/4yhxA"",""-j"",""1"",""--use-factorized-ranker""]","[""<binary>"",""-i"",""<input_structure>"",""-o"",""<process_output>"",""-j"",""1"",""--use-factorized-ranker""]",repository_root,179f1a7bb3493e9827491d604966ae9eb976091c373d87ffd1933bd724f3c14d,raw/sword2-rust/4yhxA/4yhxA_A/summary.json,3fea5e8d9dfe78908574e3cc7625ed222781c6f2485d353aee74149d173640d3,e3b0c44298fc1c149afbf4c8996fb92427ae41e4649b934ca495991b7852b855,b87d8706d108cf4dcd3a2a902018a9376b61c83482c242cb65050a7ceb3a7667,696355a5d230f7607fccf47600c3149601c3fe872aaebc65fde3ff9da7d61f28,factorized,factorized,False,,,0,0d9e5fdba57c30b9b0e238876011815027bab365040d0c605f74fba1987f67c5,b45f6d311a33a790cfe03615f347a4626e5c0a6412309c39e4d07882f98a09c0,770c3d348365b7f744f2eaee964b61cc57615c10f8ca9a47a061ac03ee1c343e
cath663,4yisA,4yis,A,sword2-rust,factorized,factorized-accuracy,,,False,0,0.4444415089674294,14220,"[""/home/chili/cretin/PROJECTS/SWORD2/target/release/sword2"",""-i"",""/home/chili/cretin/PROJECTS/SWORD2/benchmark/cache/chains/4yisA.pdb"",""-o"",""/home/chili/cretin/PROJECTS/SWORD2/benchmark/results_factorized_locked_model_attempt6/raw/sword2-rust/4yisA"",""-j"",""1"",""--use-factorized-ranker""]","[""<binary>"",""-i"",""<input_structure>"",""-o"",""<process_output>"",""-j"",""1"",""--use-factorized-ranker""]",repository_root,968814af043fe68aec7df8c8098b16886e00e7402969b6be579ed36c9aa8929e,raw/sword2-rust/4yisA/4yisA_A/summary.json,705d52fbd2ee20d238b2d2d0bd58c73bb3909d196fc49cc368d0bf43ef213407,e3b0c44298fc1c149afbf4c8996fb92427ae41e4649b934ca495991b7852b855,aa4b29266a47352a609451a9032837743ce0378bbd7ba55cf1dec6a7110f83d6,696355a5d230f7607fccf47600c3149601c3fe872aaebc65fde3ff9da7d61f28,factorized,factorized,False,,,0,0d9e5fdba57c30b9b0e238876011815027bab365040d0c605f74fba1987f67c5,b45f6d311a33a790cfe03615f347a4626e5c0a6412309c39e4d07882f98a09c0,770c3d348365b7f744f2eaee964b61cc57615c10f8ca9a47a061ac03ee1c343e
cath663,4yisB,4yis,B,sword2-rust,factorized,factorized-accuracy,,,False,0,0.4458185820840299,13428,"[""/home/chili/cretin/PROJECTS/SWORD2/target/release/sword2"",""-i"",""/home/chili/cretin/PROJECTS/SWORD2/benchmark/cache/chains/4yisB.pdb"",""-o"",""/home/chili/cretin/PROJECTS/SWORD2/benchmark/results_factorized_locked_model_attempt6/raw/sword2-rust/4yisB"",""-j"",""1"",""--use-factorized-ranker""]","[""<binary>"",""-i"",""<input_structure>"",""-o"",""<process_output>"",""-j"",""1"",""--use-factorized-ranker""]",repository_root,3161bfbac275edb0ad616779d8f22159c5f5a729b544fdd2597ee728ee84826f,raw/sword2-rust/4yisB/4yisB_B/summary.json,7b1cafa7a70dc612c4955ffa0bd744b1cd9358508af9b268a77cf28a7c4b27ae,e3b0c44298fc1c149afbf4c8996fb92427ae41e4649b934ca495991b7852b855,9c675da676586cd469238938931fc3a7b78790a66e0bf078d8a3b6a4ce8cee40,696355a5d230f7607fccf47600c3149601c3fe872aaebc65fde3ff9da7d61f28,factorized,factorized,False,,,0,0d9e5fdba57c30b9b0e238876011815027bab365040d0c605f74fba1987f67c5,b45f6d311a33a790cfe03615f347a4626e5c0a6412309c39e4d07882f98a09c0,770c3d348365b7f744f2eaee964b61cc57615c10f8ca9a47a061ac03ee1c343e
cath663,4z9mB,4z9m,B,sword2-rust,factorized,factorized-accuracy,,,False,0,0.4275632840581238,15592,"[""/home/chili/cretin/PROJECTS/SWORD2/target/release/sword2"",""-i"",""/home/chili/cretin/PROJECTS/SWORD2/benchmark/cache/chains/4z9mB.pdb"",""-o"",""/home/chili/cretin/PROJECTS/SWORD2/benchmark/results_factorized_locked_model_attempt6/raw/sword2-rust/4z9mB"",""-j"",""1"",""--use-factorized-ranker""]","[""<binary>"",""-i"",""<input_structure>"",""-o"",""<process_output>"",""-j"",""1"",""--use-factorized-ranker""]",repository_root,03eb7704ba393aa171296810d42401bae86f3ff4ad5bfffad9bd69f258aaba3f,raw/sword2-rust/4z9mB/4z9mB_B/summary.json,bdc243b43e7d61ab7761b090e1f61d0c0cd417574c84f5c35306f6cab3132b3f,e3b0c44298fc1c149afbf4c8996fb92427ae41e4649b934ca495991b7852b855,78eeb60b924c8e73e1095625f04d3f8621090c98beb1c9c1310246e7c9f18dcd,696355a5d230f7607fccf47600c3149601c3fe872aaebc65fde3ff9da7d61f28,factorized,factorized,False,,,0,0d9e5fdba57c30b9b0e238876011815027bab365040d0c605f74fba1987f67c5,b45f6d311a33a790cfe03615f347a4626e5c0a6412309c39e4d07882f98a09c0,770c3d348365b7f744f2eaee964b61cc57615c10f8ca9a47a061ac03ee1c343e
cath663,4z9mC,4z9m,C,sword2-rust,factorized,factorized-accuracy,,,False,0,0.7375004664063454,25536,"[""/home/chili/cretin/PROJECTS/SWORD2/target/release/sword2"",""-i"",""/home/chili/cretin/PROJECTS/SWORD2/benchmark/cache/chains/4z9mC.pdb"",""-o"",""/home/chili/cretin/PROJECTS/SWORD2/benchmark/results_factorized_locked_model_attempt6/raw/sword2-rust/4z9mC"",""-j"",""1"",""--use-factorized-ranker""]","[""<binary>"",""-i"",""<input_structure>"",""-o"",""<process_output>"",""-j"",""1"",""--use-factorized-ranker""]",repository_root,373a11ba587cc761278aa6bcc45138d7fa5cae51c2a6964f2d00d8dcb988d3bf,raw/sword2-rust/4z9mC/4z9mC_C/summary.json,fddcdc89589ad6d088db33c87416c4a76fe51ad5155b67e74fcde51ead8eff4e,e3b0c44298fc1c149afbf4c8996fb92427ae41e4649b934ca495991b7852b855,981898c85bdadd4f89f4ddf12965744631e67ee02ede78db98001966e29dff87,58f1b0158d545f247ea44630c6af8bde6352f01b2f3c1ecfc50cddc45bccca86,factorized,legacy,True,structural_quality_abstention,factorized_fallback,0,0d9e5fdba57c30b9b0e238876011815027bab365040d0c605f74fba1987f67c5,b45f6d311a33a790cfe03615f347a4626e5c0a6412309c39e4d07882f98a09c0,770c3d348365b7f744f2eaee964b61cc57615c10f8ca9a47a061ac03ee1c343e
cath663,5ad1A,5ad1,A,sword2-rust,factorized,factorized-accuracy,,,False,0,0.45851864060387015,12948,"[""/home/chili/cretin/PROJECTS/SWORD2/target/release/sword2"",""-i"",""/home/chili/cretin/PROJECTS/SWORD2/benchmark/cache/chains/5ad1A.pdb"",""-o"",""/home/chili/cretin/PROJECTS/SWORD2/benchmark/results_factorized_locked_model_attempt6/raw/sword2-rust/5ad1A"",""-j"",""1"",""--use-factorized-ranker""]","[""<binary>"",""-i"",""<input_structure>"",""-o"",""<process_output>"",""-j"",""1"",""--use-factorized-ranker""]",repository_root,8543bc4c4c0fa90084bec154e4a33580dc309b6a27dfcd006c4c3ca4cdc25cd2,raw/sword2-rust/5ad1A/5ad1A_A/summary.json,1f443d7bf71ed3ae2df333c85b845c7a3a4a5a2e2b9826844f35b4b57ba7a922,e3b0c44298fc1c149afbf4c8996fb92427ae41e4649b934ca495991b7852b855,de5e8318babe66b9a1b7569ee725dc72645bfadbdf01ad7e42c9be4fb15009e7,696355a5d230f7607fccf47600c3149601c3fe872aaebc65fde3ff9da7d61f28,factorized,factorized,False,,,0,0d9e5fdba57c30b9b0e238876011815027bab365040d0c605f74fba1987f67c5,b45f6d311a33a790cfe03615f347a4626e5c0a6412309c39e4d07882f98a09c0,770c3d348365b7f744f2eaee964b61cc57615c10f8ca9a47a061ac03ee1c343e
cath663,5br4A,5br4,A,sword2-rust,factorized,factorized-accuracy,,,False,0,0.8862327849492431,26596,"[""/home/chili/cretin/PROJECTS/SWORD2/target/release/sword2"",""-i"",""/home/chili/cretin/PROJECTS/SWORD2/benchmark/cache/chains/5br4A.pdb"",""-o"",""/home/chili/cretin/PROJECTS/SWORD2/benchmark/results_factorized_locked_model_attempt6/raw/sword2-rust/5br4A"",""-j"",""1"",""--use-factorized-ranker""]","[""<binary>"",""-i"",""<input_structure>"",""-o"",""<process_output>"",""-j"",""1"",""--use-factorized-ranker""]",repository_root,a74ebd0edb7be249ba1830c3e72248fea92a4f30186b952b50ad2a56792e1f46,raw/sword2-rust/5br4A/5br4A_A/summary.json,a979e990a403c2338295677d6efee45db4afc541fb4f63cf58537238ec7d610b,e3b0c44298fc1c149afbf4c8996fb92427ae41e4649b934ca495991b7852b855,90c32d3f86e8b86dd68d145619b1822a81427a5110b19ad1e32aad24d20f3d02,696355a5d230f7607fccf47600c3149601c3fe872aaebc65fde3ff9da7d61f28,factorized,factorized,False,,,0,0d9e5fdba57c30b9b0e238876011815027bab365040d0c605f74fba1987f67c5,b45f6d311a33a790cfe03615f347a4626e5c0a6412309c39e4d07882f98a09c0,770c3d348365b7f744f2eaee964b61cc57615c10f8ca9a47a061ac03ee1c343e
cath663,5cflA,5cfl,A,sword2-rust,factorized,factorized-accuracy,,,False,0,0.13758328091353178,10240,"[""/home/chili/cretin/PROJECTS/SWORD2/target/release/sword2"",""-i"",""/home/chili/cretin/PROJECTS/SWORD2/benchmark/cache/chains/5cflA.pdb"",""-o"",""/home/chili/cretin/PROJECTS/SWORD2/benchmark/results_factorized_locked_model_attempt6/raw/sword2-rust/5cflA"",""-j"",""1"",""--use-factorized-ranker""]","[""<binary>"",""-i"",""<input_structure>"",""-o"",""<process_output>"",""-j"",""1"",""--use-factorized-ranker""]",repository_root,0e125b6637f2174b857a7abf5061dad2fd9dde2f035cd78522264096840dbea9,raw/sword2-rust/5cflA/5cflA_A/summary.json,060cddd5a006cb1421047164de4e4dc09921cee65a5f4253263180dbb5b0756e,e3b0c44298fc1c149afbf4c8996fb92427ae41e4649b934ca495991b7852b855,55922f5ec181d1385eb5a165c4f41df28e8478e11a6c2839c8838209be951e0d,696355a5d230f7607fccf47600c3149601c3fe872aaebc65fde3ff9da7d61f28,factorized,factorized,False,,,0,0d9e5fdba57c30b9b0e238876011815027bab365040d0c605f74fba1987f67c5,b45f6d311a33a790cfe03615f347a4626e5c0a6412309c39e4d07882f98a09c0,770c3d348365b7f744f2eaee964b61cc57615c10f8ca9a47a061ac03ee1c343e
cath663,5cr9A,5cr9,A,sword2-rust,factorized,factorized-accuracy,,,False,0,0.44069730397313833,16012,"[""/home/chili/cretin/PROJECTS/SWORD2/target/release/sword2"",""-i"",""/home/chili/cretin/PROJECTS/SWORD2/benchmark/cache/chains/5cr9A.pdb"",""-o"",""/home/chili/cretin/PROJECTS/SWORD2/benchmark/results_factorized_locked_model_attempt6/raw/sword2-rust/5cr9A"",""-j"",""1"",""--use-factorized-ranker""]","[""<binary>"",""-i"",""<input_structure>"",""-o"",""<process_output>"",""-j"",""1"",""--use-factorized-ranker""]",repository_root,61d12d5d7125e88108689140c82f5b5e619b18e52211b992a393a933f0f635b1,raw/sword2-rust/5cr9A/5cr9A_A/summary.json,d036c5e712a1609f21200ce2eecc5112fa94ca8b544a70382c769ed274a3d3f1,e3b0c44298fc1c149afbf4c8996fb92427ae41e4649b934ca495991b7852b855,d487fbe07607e3e1460191d2cd611c6103f7dc1833f3be836bd7049275527b1f,696355a5d230f7607fccf47600c3149601c3fe872aaebc65fde3ff9da7d61f28,factorized,factorized,False,,,0,0d9e5fdba57c30b9b0e238876011815027bab365040d0c605f74fba1987f67c5,b45f6d311a33a790cfe03615f347a4626e5c0a6412309c39e4d07882f98a09c0,770c3d348365b7f744f2eaee964b61cc57615c10f8ca9a47a061ac03ee1c343e
cath663,5czxA,5czx,A,sword2-rust,factorized,factorized-accuracy,,,False,0,0.27541651111096144,11840,"[""/home/chili/cretin/PROJECTS/SWORD2/target/release/sword2"",""-i"",""/home/chili/cretin/PROJECTS/SWORD2/benchmark/cache/chains/5czxA.pdb"",""-o"",""/home/chili/cretin/PROJECTS/SWORD2/benchmark/results_factorized_locked_model_attempt6/raw/sword2-rust/5czxA"",""-j"",""1"",""--use-factorized-ranker""]","[""<binary>"",""-i"",""<input_structure>"",""-o"",""<process_output>"",""-j"",""1"",""--use-factorized-ranker""]",repository_root,577c7306af45aca8b5ef92aef8ea75cf1a4cf9fbdaf894d698cc6e8d2bbb5387,raw/sword2-rust/5czxA/5czxA_A/summary.json,f6a66e788e47e93a5a890e57cdfa4a9c6897007bbfe21a9d2a0836c791fb389a,e3b0c44298fc1c149afbf4c8996fb92427ae41e4649b934ca495991b7852b855,1ed5ca81088720a37ec400d156a70284f13dfd074f7bc18f66ce102e51a399e1,696355a5d230f7607fccf47600c3149601c3fe872aaebc65fde3ff9da7d61f28,factorized,factorized,False,,,0,0d9e5fdba57c30b9b0e238876011815027bab365040d0c605f74fba1987f67c5,b45f6d311a33a790cfe03615f347a4626e5c0a6412309c39e4d07882f98a09c0,770c3d348365b7f744f2eaee964b61cc57615c10f8ca9a47a061ac03ee1c343e
cath663,5eksA,5eks,A,sword2-rust,factorized,factorized-accuracy,,,False,0,0.7610921412706375,21088,"[""/home/chili/cretin/PROJECTS/SWORD2/target/release/sword2"",""-i"",""/home/chili/cretin/PROJECTS/SWORD2/benchmark/cache/chains/5eksA.pdb"",""-o"",""/home/chili/cretin/PROJECTS/SWORD2/benchmark/results_factorized_locked_model_attempt6/raw/sword2-rust/5eksA"",""-j"",""1"",""--use-factorized-ranker""]","[""<binary>"",""-i"",""<input_structure>"",""-o"",""<process_output>"",""-j"",""1"",""--use-factorized-ranker""]",repository_root,adab16b667641e3017f390a23a9fa0cc75a39e73655fa64e3f0a04c5de2f0bfb,raw/sword2-rust/5eksA/5eksA_A/summary.json,c6e914a8daee6a533e4150c40c6bd9837d26272d1aac6ff2007d939cca0d9c64,e3b0c44298fc1c149afbf4c8996fb92427ae41e4649b934ca495991b7852b855,58837625e9b366edc68f8a07d33c461841c5c659482cbe4bad3b57090ed3304b,696355a5d230f7607fccf47600c3149601c3fe872aaebc65fde3ff9da7d61f28,factorized,factorized,False,,,0,0d9e5fdba57c30b9b0e238876011815027bab365040d0c605f74fba1987f67c5,b45f6d311a33a790cfe03615f347a4626e5c0a6412309c39e4d07882f98a09c0,770c3d348365b7f744f2eaee964b61cc57615c10f8ca9a47a061ac03ee1c343e
cath663,5eksB,5eks,B,sword2-rust,factorized,factorized-accuracy,,,False,0,0.7440375778824091,21268,"[""/home/chili/cretin/PROJECTS/SWORD2/target/release/sword2"",""-i"",""/home/chili/cretin/PROJECTS/SWORD2/benchmark/cache/chains/5eksB.pdb"",""-o"",""/home/chili/cretin/PROJECTS/SWORD2/benchmark/results_factorized_locked_model_attempt6/raw/sword2-rust/5eksB"",""-j"",""1"",""--use-factorized-ranker""]","[""<binary>"",""-i"",""<input_structure>"",""-o"",""<process_output>"",""-j"",""1"",""--use-factorized-ranker""]",repository_root,8d25ea54260d99ee819d8a9ff5cea4973cdb72f864506e0f180df7dc64a58b77,raw/sword2-rust/5eksB/5eksB_B/summary.json,9e12d2850a85e77f0ed15b6ac1f0fc9a24f3f7c76bfdf4eb95252a5c3eaa0b02,e3b0c44298fc1c149afbf4c8996fb92427ae41e4649b934ca495991b7852b855,86d2e62c89b35ee388a31c76c8e87de50dcb8bd67e3a2ce456b2ec1817a8babf,696355a5d230f7607fccf47600c3149601c3fe872aaebc65fde3ff9da7d61f28,factorized,factorized,False,,,0,0d9e5fdba57c30b9b0e238876011815027bab365040d0c605f74fba1987f67c5,b45f6d311a33a790cfe03615f347a4626e5c0a6412309c39e4d07882f98a09c0,770c3d348365b7f744f2eaee964b61cc57615c10f8ca9a47a061ac03ee1c343e
cath663,5eytA,5eyt,A,sword2-rust,factorized,factorized-accuracy,,,False,0,1.0917347110807896,32000,"[""/home/chili/cretin/PROJECTS/SWORD2/target/release/sword2"",""-i"",""/home/chili/cretin/PROJECTS/SWORD2/benchmark/cache/chains/5eytA.pdb"",""-o"",""/home/chili/cretin/PROJECTS/SWORD2/benchmark/results_factorized_locked_model_attempt6/raw/sword2-rust/5eytA"",""-j"",""1"",""--use-factorized-ranker""]","[""<binary>"",""-i"",""<input_structure>"",""-o"",""<process_output>"",""-j"",""1"",""--use-factorized-ranker""]",repository_root,715ac6c879d93bec65dd12f41c4595f02aa2a2c5867b07340dbdc4718c37d1d4,raw/sword2-rust/5eytA/5eytA_A/summary.json,3453317c7892a8bdd595cfede263010eb16652e7f49c3e22bc867a19372bcb4b,e3b0c44298fc1c149afbf4c8996fb92427ae41e4649b934ca495991b7852b855,64012adef48b97ea339c7c2e42573e4a2b550f2b3b6610fd05d5971fe399fd56,696355a5d230f7607fccf47600c3149601c3fe872aaebc65fde3ff9da7d61f28,factorized,factorized,False,,,0,0d9e5fdba57c30b9b0e238876011815027bab365040d0c605f74fba1987f67c5,b45f6d311a33a790cfe03615f347a4626e5c0a6412309c39e4d07882f98a09c0,770c3d348365b7f744f2eaee964b61cc57615c10f8ca9a47a061ac03ee1c343e
cath663,5eyvA,5eyv,A,sword2-rust,factorized,factorized-accuracy,,,False,0,1.0399166690185666,33192,"[""/home/chili/cretin/PROJECTS/SWORD2/target/release/sword2"",""-i"",""/home/chili/cretin/PROJECTS/SWORD2/benchmark/cache/chains/5eyvA.pdb"",""-o"",""/home/chili/cretin/PROJECTS/SWORD2/benchmark/results_factorized_locked_model_attempt6/raw/sword2-rust/5eyvA"",""-j"",""1"",""--use-factorized-ranker""]","[""<binary>"",""-i"",""<input_structure>"",""-o"",""<process_output>"",""-j"",""1"",""--use-factorized-ranker""]",repository_root,568cf26d874e546dcb6de0855a00e73e45363f3ebfe5e2b5fd80fc2cd8fe8414,raw/sword2-rust/5eyvA/5eyvA_A/summary.json,88aa42fb48d4940fa8f2c7c2cf22508c554951372963adfcb044752b9abc42ca,e3b0c44298fc1c149afbf4c8996fb92427ae41e4649b934ca495991b7852b855,906e59c7ad06bbd5703df23fae50e956b603a3b682d808172098e5a5baf50456,696355a5d230f7607fccf47600c3149601c3fe872aaebc65fde3ff9da7d61f28,factorized,factorized,False,,,0,0d9e5fdba57c30b9b0e238876011815027bab365040d0c605f74fba1987f67c5,b45f6d311a33a790cfe03615f347a4626e5c0a6412309c39e4d07882f98a09c0,770c3d348365b7f744f2eaee964b61cc57615c10f8ca9a47a061ac03ee1c343e
cath663,5eyvB,5eyv,B,sword2-rust,factorized,factorized-accuracy,,,False,0,0.9087869371287525,24964,"[""/home/chili/cretin/PROJECTS/SWORD2/target/release/sword2"",""-i"",""/home/chili/cretin/PROJECTS/SWORD2/benchmark/cache/chains/5eyvB.pdb"",""-o"",""/home/chili/cretin/PROJECTS/SWORD2/benchmark/results_factorized_locked_model_attempt6/raw/sword2-rust/5eyvB"",""-j"",""1"",""--use-factorized-ranker""]","[""<binary>"",""-i"",""<input_structure>"",""-o"",""<process_output>"",""-j"",""1"",""--use-factorized-ranker""]",repository_root,9f1b7d41767193b7bc03e91fc3e978634079acd915f8250f5df925fad92ddb31,raw/sword2-rust/5eyvB/5eyvB_B/summary.json,952876db41ace4bffed6478f1ca94ae6721d99cc5996fa73416871b8721c4224,e3b0c44298fc1c149afbf4c8996fb92427ae41e4649b934ca495991b7852b855,0db52ea8f0f54a392f1563565f27b423f45ed2a0e4b305d5fbc4faeab0555591,696355a5d230f7607fccf47600c3149601c3fe872aaebc65fde3ff9da7d61f28,factorized,factorized,False,,,0,0d9e5fdba57c30b9b0e238876011815027bab365040d0c605f74fba1987f67c5,b45f6d311a33a790cfe03615f347a4626e5c0a6412309c39e4d07882f98a09c0,770c3d348365b7f744f2eaee964b61cc57615c10f8ca9a47a061ac03ee1c343e
cath663,5f0jB,5f0j,B,sword2-rust,factorized,factorized-accuracy,,,False,0,0.40610668808221817,14036,"[""/home/chili/cretin/PROJECTS/SWORD2/target/release/sword2"",""-i"",""/home/chili/cretin/PROJECTS/SWORD2/benchmark/cache/chains/5f0jB.pdb"",""-o"",""/home/chili/cretin/PROJECTS/SWORD2/benchmark/results_factorized_locked_model_attempt6/raw/sword2-rust/5f0jB"",""-j"",""1"",""--use-factorized-ranker""]","[""<binary>"",""-i"",""<input_structure>"",""-o"",""<process_output>"",""-j"",""1"",""--use-factorized-ranker""]",repository_root,cc48ba4b1237aca0f0ef6c073d2eead440b0ceaadaac34fa451c6d38bb72a236,raw/sword2-rust/5f0jB/5f0jB_B/summary.json,d66ab5f978529fe0d38f615b6e2e5810e3488c56dcfd5d8466fbe13c24edddb6,e3b0c44298fc1c149afbf4c8996fb92427ae41e4649b934ca495991b7852b855,cd79845d76bcc97f75ebff53a1392be871eebf20bf055a13ae083a63c20132e9,696355a5d230f7607fccf47600c3149601c3fe872aaebc65fde3ff9da7d61f28,factorized,factorized,False,,,0,0d9e5fdba57c30b9b0e238876011815027bab365040d0c605f74fba1987f67c5,b45f6d311a33a790cfe03615f347a4626e5c0a6412309c39e4d07882f98a09c0,770c3d348365b7f744f2eaee964b61cc57615c10f8ca9a47a061ac03ee1c343e
cath663,5f33A,5f33,A,sword2-rust,factorized,factorized-accuracy,,,False,0,0.4297143300063908,13984,"[""/home/chili/cretin/PROJECTS/SWORD2/target/release/sword2"",""-i"",""/home/chili/cretin/PROJECTS/SWORD2/benchmark/cache/chains/5f33A.pdb"",""-o"",""/home/chili/cretin/PROJECTS/SWORD2/benchmark/results_factorized_locked_model_attempt6/raw/sword2-rust/5f33A"",""-j"",""1"",""--use-factorized-ranker""]","[""<binary>"",""-i"",""<input_structure>"",""-o"",""<process_output>"",""-j"",""1"",""--use-factorized-ranker""]",repository_root,20575917cc32c201dd6ec66ed98dd9f73ffa48046e155e2a106ccc6e43bba079,raw/sword2-rust/5f33A/5f33A_A/summary.json,0d0cfbb896b2cd27b96e2c8dbc1ce4e55929032e4dbcad21f102990b45c07bac,e3b0c44298fc1c149afbf4c8996fb92427ae41e4649b934ca495991b7852b855,393ac451da0f2c67d5ea290b40a2776f03ff90a9b83ff2b84155685f1663b05e,696355a5d230f7607fccf47600c3149601c3fe872aaebc65fde3ff9da7d61f28,factorized,factorized,False,,,0,0d9e5fdba57c30b9b0e238876011815027bab365040d0c605f74fba1987f67c5,b45f6d311a33a790cfe03615f347a4626e5c0a6412309c39e4d07882f98a09c0,770c3d348365b7f744f2eaee964b61cc57615c10f8ca9a47a061ac03ee1c343e
cath663,5fb3A,5fb3,A,sword2-rust,factorized,factorized-accuracy,,,False,0,0.43343498511239886,15332,"[""/home/chili/cretin/PROJECTS/SWORD2/target/release/sword2"",""-i"",""/home/chili/cretin/PROJECTS/SWORD2/benchmark/cache/chains/5fb3A.pdb"",""-o"",""/home/chili/cretin/PROJECTS/SWORD2/benchmark/results_factorized_locked_model_attempt6/raw/sword2-rust/5fb3A"",""-j"",""1"",""--use-factorized-ranker""]","[""<binary>"",""-i"",""<input_structure>"",""-o"",""<process_output>"",""-j"",""1"",""--use-factorized-ranker""]",repository_root,3d5d7e4be1b1bae4f3b994b4945cbdc89c1aa45c2ba0a6bbe8dc89d94391f605,raw/sword2-rust/5fb3A/5fb3A_A/summary.json,9c575c9ae74baf615706065cafac77d2445f1f704d1934aded8412d37b14b90a,e3b0c44298fc1c149afbf4c8996fb92427ae41e4649b934ca495991b7852b855,8619d8840cfa44da3ac285c81c9510585cf0e76b3f8bb37e57c8886ecd5ac6c3,696355a5d230f7607fccf47600c3149601c3fe872aaebc65fde3ff9da7d61f28,factorized,factorized,False,,,0,0d9e5fdba57c30b9b0e238876011815027bab365040d0c605f74fba1987f67c5,b45f6d311a33a790cfe03615f347a4626e5c0a6412309c39e4d07882f98a09c0,770c3d348365b7f744f2eaee964b61cc57615c10f8ca9a47a061ac03ee1c343e
cath663,5fb3E,5fb3,E,sword2-rust,factorized,factorized-accuracy,,,False,0,0.5882316469214857,15732,"[""/home/chili/cretin/PROJECTS/SWORD2/target/release/sword2"",""-i"",""/home/chili/cretin/PROJECTS/SWORD2/benchmark/cache/chains/5fb3E.pdb"",""-o"",""/home/chili/cretin/PROJECTS/SWORD2/benchmark/results_factorized_locked_model_attempt6/raw/sword2-rust/5fb3E"",""-j"",""1"",""--use-factorized-ranker""]","[""<binary>"",""-i"",""<input_structure>"",""-o"",""<process_output>"",""-j"",""1"",""--use-factorized-ranker""]",repository_root,13fc900cd187215605f745b5d287bfd3fa861d166d1cdf5af2cee1923550ddf1,raw/sword2-rust/5fb3E/5fb3E_E/summary.json,aec2c3d38c5fd56d1b478a51a76f4f3f302a1c2eae3ef94cc60c3c835b2c6c38,e3b0c44298fc1c149afbf4c8996fb92427ae41e4649b934ca495991b7852b855,0155a6e039b2ad1a09f8f7a2ae9eb646fdf8150c8314ed0c4fe32ec5c2c4cafc,696355a5d230f7607fccf47600c3149601c3fe872aaebc65fde3ff9da7d61f28,factorized,factorized,False,,,0,0d9e5fdba57c30b9b0e238876011815027bab365040d0c605f74fba1987f67c5,b45f6d311a33a790cfe03615f347a4626e5c0a6412309c39e4d07882f98a09c0,770c3d348365b7f744f2eaee964b61cc57615c10f8ca9a47a061ac03ee1c343e
cath663,5gizA,5giz,A,sword2-rust,factorized,factorized-accuracy,,,False,0,0.4006310668773949,12160,"[""/home/chili/cretin/PROJECTS/SWORD2/target/release/sword2"",""-i"",""/home/chili/cretin/PROJECTS/SWORD2/benchmark/cache/chains/5gizA.pdb"",""-o"",""/home/chili/cretin/PROJECTS/SWORD2/benchmark/results_factorized_locked_model_attempt6/raw/sword2-rust/5gizA"",""-j"",""1"",""--use-factorized-ranker""]","[""<binary>"",""-i"",""<input_structure>"",""-o"",""<process_output>"",""-j"",""1"",""--use-factorized-ranker""]",repository_root,f0ed96dba9ecfbfc2337abc0be385349851d1ef7f4a4995ce2fc13741b95496e,raw/sword2-rust/5gizA/5gizA_A/summary.json,540c2b1186f8fe2e208085e4568fb18b2fa89b5fcd5af0a617da6084c06e8e64,e3b0c44298fc1c149afbf4c8996fb92427ae41e4649b934ca495991b7852b855,6bc5e7101e3ea770e124fd9d511aa8a2d5b6a098afaac6c925ebcac369da8107,696355a5d230f7607fccf47600c3149601c3fe872aaebc65fde3ff9da7d61f28,factorized,factorized,False,,,0,0d9e5fdba57c30b9b0e238876011815027bab365040d0c605f74fba1987f67c5,b45f6d311a33a790cfe03615f347a4626e5c0a6412309c39e4d07882f98a09c0,770c3d348365b7f744f2eaee964b61cc57615c10f8ca9a47a061ac03ee1c343e
cath663,5grmA,5grm,A,sword2-rust,factorized,factorized-accuracy,,,False,0,0.18578784260898829,10560,"[""/home/chili/cretin/PROJECTS/SWORD2/target/release/sword2"",""-i"",""/home/chili/cretin/PROJECTS/SWORD2/benchmark/cache/chains/5grmA.pdb"",""-o"",""/home/chili/cretin/PROJECTS/SWORD2/benchmark/results_factorized_locked_model_attempt6/raw/sword2-rust/5grmA"",""-j"",""1"",""--use-factorized-ranker""]","[""<binary>"",""-i"",""<input_structure>"",""-o"",""<process_output>"",""-j"",""1"",""--use-factorized-ranker""]",repository_root,5b1ede08a7a1d9d1b64952580259c52c130103d5f7ed9da21b432ed81d85b972,raw/sword2-rust/5grmA/5grmA_A/summary.json,41f07de4acac1b943a2fe07e354d370b8daba7c92bc97eb5bd73bcd324c7204d,e3b0c44298fc1c149afbf4c8996fb92427ae41e4649b934ca495991b7852b855,e51a0a9cc2fdbac23a0d3e0b3e06dea2f2aa3cd1e0f98dd8824a711da83d5b04,696355a5d230f7607fccf47600c3149601c3fe872aaebc65fde3ff9da7d61f28,factorized,factorized,False,,,0,0d9e5fdba57c30b9b0e238876011815027bab365040d0c605f74fba1987f67c5,b45f6d311a33a790cfe03615f347a4626e5c0a6412309c39e4d07882f98a09c0,770c3d348365b7f744f2eaee964b61cc57615c10f8ca9a47a061ac03ee1c343e
cath663,5grmB,5grm,B,sword2-rust,factorized,factorized-accuracy,,,False,0,0.2391912518069148,10560,"[""/home/chili/cretin/PROJECTS/SWORD2/target/release/sword2"",""-i"",""/home/chili/cretin/PROJECTS/SWORD2/benchmark/cache/chains/5grmB.pdb"",""-o"",""/home/chili/cretin/PROJECTS/SWORD2/benchmark/results_factorized_locked_model_attempt6/raw/sword2-rust/5grmB"",""-j"",""1"",""--use-factorized-ranker""]","[""<binary>"",""-i"",""<input_structure>"",""-o"",""<process_output>"",""-j"",""1"",""--use-factorized-ranker""]",repository_root,35b4b41e8690ae256be5671f0c36d74f321dd06a2008970739ec6f29975a2052,raw/sword2-rust/5grmB/5grmB_B/summary.json,8111a4b0e209d944368b111943152b53c65ccdd333f6d60c6ea15656d24993c0,e3b0c44298fc1c149afbf4c8996fb92427ae41e4649b934ca495991b7852b855,de784b8c1d23abd112dfe08b9032db4351dfa2801b0f1ade8b6c464a8c1fa185,696355a5d230f7607fccf47600c3149601c3fe872aaebc65fde3ff9da7d61f28,factorized,factorized,False,,,0,0d9e5fdba57c30b9b0e238876011815027bab365040d0c605f74fba1987f67c5,b45f6d311a33a790cfe03615f347a4626e5c0a6412309c39e4d07882f98a09c0,770c3d348365b7f744f2eaee964b61cc57615c10f8ca9a47a061ac03ee1c343e
cath663,5h2gB,5h2g,B,sword2-rust,factorized,factorized-accuracy,,,False,0,0.529420374892652,15440,"[""/home/chili/cretin/PROJECTS/SWORD2/target/release/sword2"",""-i"",""/home/chili/cretin/PROJECTS/SWORD2/benchmark/cache/chains/5h2gB.pdb"",""-o"",""/home/chili/cretin/PROJECTS/SWORD2/benchmark/results_factorized_locked_model_attempt6/raw/sword2-rust/5h2gB"",""-j"",""1"",""--use-factorized-ranker""]","[""<binary>"",""-i"",""<input_structure>"",""-o"",""<process_output>"",""-j"",""1"",""--use-factorized-ranker""]",repository_root,690b9b5bc217e4b862834f38d0cf8872884030c021926548f8e31274e480176e,raw/sword2-rust/5h2gB/5h2gB_B/summary.json,0e0fbee71a595ced0c25eb79509c566af2c16b5a2da2ed50970aa89757984929,e3b0c44298fc1c149afbf4c8996fb92427ae41e4649b934ca495991b7852b855,69ed4b5cdb4b5720d633051873d3916fbe78b9d0b3db16eba5327373d5c42336,696355a5d230f7607fccf47600c3149601c3fe872aaebc65fde3ff9da7d61f28,factorized,factorized,False,,,0,0d9e5fdba57c30b9b0e238876011815027bab365040d0c605f74fba1987f67c5,b45f6d311a33a790cfe03615f347a4626e5c0a6412309c39e4d07882f98a09c0,770c3d348365b7f744f2eaee964b61cc57615c10f8ca9a47a061ac03ee1c343e
cath663,5ha4B,5ha4,B,sword2-rust,factorized,factorized-accuracy,,,False,0,0.49676400888711214,13036,"[""/home/chili/cretin/PROJECTS/SWORD2/target/release/sword2"",""-i"",""/home/chili/cretin/PROJECTS/SWORD2/benchmark/cache/chains/5ha4B.pdb"",""-o"",""/home/chili/cretin/PROJECTS/SWORD2/benchmark/results_factorized_locked_model_attempt6/raw/sword2-rust/5ha4B"",""-j"",""1"",""--use-factorized-ranker""]","[""<binary>"",""-i"",""<input_structure>"",""-o"",""<process_output>"",""-j"",""1"",""--use-factorized-ranker""]",repository_root,01ca390f629099adc2e8f6bedcc6fbb59eff18abf074e38c9c11145a2b887bd8,raw/sword2-rust/5ha4B/5ha4B_B/summary.json,d9f71f2d252cea8b971e4889ef537db8748cad97b7ff677650cd99b8035d2e38,e3b0c44298fc1c149afbf4c8996fb92427ae41e4649b934ca495991b7852b855,d6756d8469491b0aeab07b9e6e361db043f823c8695fa93ddea39cbdefc0288a,696355a5d230f7607fccf47600c3149601c3fe872aaebc65fde3ff9da7d61f28,factorized,factorized,False,,,0,0d9e5fdba57c30b9b0e238876011815027bab365040d0c605f74fba1987f67c5,b45f6d311a33a790cfe03615f347a4626e5c0a6412309c39e4d07882f98a09c0,770c3d348365b7f744f2eaee964b61cc57615c10f8ca9a47a061ac03ee1c343e
cath663,5hgrA,5hgr,A,sword2-rust,factorized,factorized-accuracy,,,False,0,0.7318096198141575,20836,"[""/home/chili/cretin/PROJECTS/SWORD2/target/release/sword2"",""-i"",""/home/chili/cretin/PROJECTS/SWORD2/benchmark/cache/chains/5hgrA.pdb"",""-o"",""/home/chili/cretin/PROJECTS/SWORD2/benchmark/results_factorized_locked_model_attempt6/raw/sword2-rust/5hgrA"",""-j"",""1"",""--use-factorized-ranker""]","[""<binary>"",""-i"",""<input_structure>"",""-o"",""<process_output>"",""-j"",""1"",""--use-factorized-ranker""]",repository_root,1f1365f90148944ba91b4b01795abc26f72fc465c012dbd3ea6f95fae6bbb3d0,raw/sword2-rust/5hgrA/5hgrA_A/summary.json,59a7f0ed3748cf638d7588c5cded9c14624188e318ff588f86fc4a107d10d15d,e3b0c44298fc1c149afbf4c8996fb92427ae41e4649b934ca495991b7852b855,29b07724f57adb00a4a819c8153d19166b826d24286bfc8823ef747ac1322ba9,696355a5d230f7607fccf47600c3149601c3fe872aaebc65fde3ff9da7d61f28,factorized,factorized,False,,,0,0d9e5fdba57c30b9b0e238876011815027bab365040d0c605f74fba1987f67c5,b45f6d311a33a790cfe03615f347a4626e5c0a6412309c39e4d07882f98a09c0,770c3d348365b7f744f2eaee964b61cc57615c10f8ca9a47a061ac03ee1c343e
cath663,5hgrB,5hgr,B,sword2-rust,factorized,factorized-accuracy,,,False,0,0.47436703694984317,18672,"[""/home/chili/cretin/PROJECTS/SWORD2/target/release/sword2"",""-i"",""/home/chili/cretin/PROJECTS/SWORD2/benchmark/cache/chains/5hgrB.pdb"",""-o"",""/home/chili/cretin/PROJECTS/SWORD2/benchmark/results_factorized_locked_model_attempt6/raw/sword2-rust/5hgrB"",""-j"",""1"",""--use-factorized-ranker""]","[""<binary>"",""-i"",""<input_structure>"",""-o"",""<process_output>"",""-j"",""1"",""--use-factorized-ranker""]",repository_root,135afa145054bfdaa090e9ba621ef60ce92e45463519c90a649e2b55bda91d40,raw/sword2-rust/5hgrB/5hgrB_B/summary.json,fa6f440f2f75c9f68603350367d7faca309e34aaf4dd62ad3f0e9efe13a55639,e3b0c44298fc1c149afbf4c8996fb92427ae41e4649b934ca495991b7852b855,c3f2589ef7ca36e11f05d1cab681ba3e72468642c899ceabb569dd2ec919e702,696355a5d230f7607fccf47600c3149601c3fe872aaebc65fde3ff9da7d61f28,factorized,factorized,False,,,0,0d9e5fdba57c30b9b0e238876011815027bab365040d0c605f74fba1987f67c5,b45f6d311a33a790cfe03615f347a4626e5c0a6412309c39e4d07882f98a09c0,770c3d348365b7f744f2eaee964b61cc57615c10f8ca9a47a061ac03ee1c343e
cath663,5hvnA,5hvn,A,sword2-rust,factorized,factorized-accuracy,,,False,0,0.6447752681560814,21664,"[""/home/chili/cretin/PROJECTS/SWORD2/target/release/sword2"",""-i"",""/home/chili/cretin/PROJECTS/SWORD2/benchmark/cache/chains/5hvnA.pdb"",""-o"",""/home/chili/cretin/PROJECTS/SWORD2/benchmark/results_factorized_locked_model_attempt6/raw/sword2-rust/5hvnA"",""-j"",""1"",""--use-factorized-ranker""]","[""<binary>"",""-i"",""<input_structure>"",""-o"",""<process_output>"",""-j"",""1"",""--use-factorized-ranker""]",repository_root,d107511c0cd77120bf281279da508884609f75d3eb3aa0fddd05daaa72c747b1,raw/sword2-rust/5hvnA/5hvnA_A/summary.json,59429e8891f3d5a26946de8482ed079135d4ca7d3aed4f11b1004455248794c9,e3b0c44298fc1c149afbf4c8996fb92427ae41e4649b934ca495991b7852b855,ff84e1e7497828cc9da7955587c30787029e3225e285b75ba964394690227752,696355a5d230f7607fccf47600c3149601c3fe872aaebc65fde3ff9da7d61f28,factorized,factorized,False,,,0,0d9e5fdba57c30b9b0e238876011815027bab365040d0c605f74fba1987f67c5,b45f6d311a33a790cfe03615f347a4626e5c0a6412309c39e4d07882f98a09c0,770c3d348365b7f744f2eaee964b61cc57615c10f8ca9a47a061ac03ee1c343e
cath663,5hwaA,5hwa,A,sword2-rust,factorized,factorized-accuracy,,,False,0,0.3770047649741173,12160,"[""/home/chili/cretin/PROJECTS/SWORD2/target/release/sword2"",""-i"",""/home/chili/cretin/PROJECTS/SWORD2/benchmark/cache/chains/5hwaA.pdb"",""-o"",""/home/chili/cretin/PROJECTS/SWORD2/benchmark/results_factorized_locked_model_attempt6/raw/sword2-rust/5hwaA"",""-j"",""1"",""--use-factorized-ranker""]","[""<binary>"",""-i"",""<input_structure>"",""-o"",""<process_output>"",""-j"",""1"",""--use-factorized-ranker""]",repository_root,5fcbaf4d7fdf8921a8b1bb517a8836b8ca90347016bac35dde27ae15ad180bc0,raw/sword2-rust/5hwaA/5hwaA_A/summary.json,b8a5f7fe012fde2282b550153c872b74e1c2534d5ec12655fa86ac6261388833,e3b0c44298fc1c149afbf4c8996fb92427ae41e4649b934ca495991b7852b855,c9ece10a9f7367075bf7eaaf9adcbfc24614512fb9cf9a7610a2a29c8226a6ca,696355a5d230f7607fccf47600c3149601c3fe872aaebc65fde3ff9da7d61f28,factorized,factorized,False,,,0,0d9e5fdba57c30b9b0e238876011815027bab365040d0c605f74fba1987f67c5,b45f6d311a33a790cfe03615f347a4626e5c0a6412309c39e4d07882f98a09c0,770c3d348365b7f744f2eaee964b61cc57615c10f8ca9a47a061ac03ee1c343e
cath663,5joqA,5joq,A,sword2-rust,factorized,factorized-accuracy,,,False,0,0.3937084819190204,12480,"[""/home/chili/cretin/PROJECTS/SWORD2/target/release/sword2"",""-i"",""/home/chili/cretin/PROJECTS/SWORD2/benchmark/cache/chains/5joqA.pdb"",""-o"",""/home/chili/cretin/PROJECTS/SWORD2/benchmark/results_factorized_locked_model_attempt6/raw/sword2-rust/5joqA"",""-j"",""1"",""--use-factorized-ranker""]","[""<binary>"",""-i"",""<input_structure>"",""-o"",""<process_output>"",""-j"",""1"",""--use-factorized-ranker""]",repository_root,ada6b833ef58820f0f34b9bab9f5381842a23980055b32e970ec8e2cf888b5ac,raw/sword2-rust/5joqA/5joqA_A/summary.json,c1a20bd50b250200f276969937e37db27463141cf352cefc57d1f853e3b35fa1,e3b0c44298fc1c149afbf4c8996fb92427ae41e4649b934ca495991b7852b855,fc2d5a4fc1cf73654e856d9bae74a619dd81b7cfe8cfa01b6ab028a571a62146,696355a5d230f7607fccf47600c3149601c3fe872aaebc65fde3ff9da7d61f28,factorized,factorized,False,,,0,0d9e5fdba57c30b9b0e238876011815027bab365040d0c605f74fba1987f67c5,b45f6d311a33a790cfe03615f347a4626e5c0a6412309c39e4d07882f98a09c0,770c3d348365b7f744f2eaee964b61cc57615c10f8ca9a47a061ac03ee1c343e
cath663,5jpdA,5jpd,A,sword2-rust,factorized,factorized-accuracy,,,False,0,0.5493921525776386,13016,"[""/home/chili/cretin/PROJECTS/SWORD2/target/release/sword2"",""-i"",""/home/chili/cretin/PROJECTS/SWORD2/benchmark/cache/chains/5jpdA.pdb"",""-o"",""/home/chili/cretin/PROJECTS/SWORD2/benchmark/results_factorized_locked_model_attempt6/raw/sword2-rust/5jpdA"",""-j"",""1"",""--use-factorized-ranker""]","[""<binary>"",""-i"",""<input_structure>"",""-o"",""<process_output>"",""-j"",""1"",""--use-factorized-ranker""]",repository_root,cd291371b5cdb3b3dc58c1fc13af0e37fcf0d51e5dddc4e74c3c8f97791a196a,raw/sword2-rust/5jpdA/5jpdA_A/summary.json,fb8de9113a74ae4adb8eb2a4bf3bd30eab573a85d14c8fdcb088386a02a9e16a,e3b0c44298fc1c149afbf4c8996fb92427ae41e4649b934ca495991b7852b855,74599bb984866eff8f783417777d9ce277712a2f4de96023e55fa067aaa93f77,696355a5d230f7607fccf47600c3149601c3fe872aaebc65fde3ff9da7d61f28,factorized,factorized,False,,,0,0d9e5fdba57c30b9b0e238876011815027bab365040d0c605f74fba1987f67c5,b45f6d311a33a790cfe03615f347a4626e5c0a6412309c39e4d07882f98a09c0,770c3d348365b7f744f2eaee964b61cc57615c10f8ca9a47a061ac03ee1c343e
cath663,5k87A,5k87,A,sword2-rust,factorized,factorized-accuracy,,,False,0,0.7365576722659171,24280,"[""/home/chili/cretin/PROJECTS/SWORD2/target/release/sword2"",""-i"",""/home/chili/cretin/PROJECTS/SWORD2/benchmark/cache/chains/5k87A.pdb"",""-o"",""/home/chili/cretin/PROJECTS/SWORD2/benchmark/results_factorized_locked_model_attempt6/raw/sword2-rust/5k87A"",""-j"",""1"",""--use-factorized-ranker""]","[""<binary>"",""-i"",""<input_structure>"",""-o"",""<process_output>"",""-j"",""1"",""--use-factorized-ranker""]",repository_root,dcdd3a18d3137d3dcd7fabebfd257a71dcfbf1b5a8b04b836806d6a4b49f5b95,raw/sword2-rust/5k87A/5k87A_A/summary.json,27cf29776f934450d541ebde9af4e606ec7b9e09058a6dd2859b01b99314427d,e3b0c44298fc1c149afbf4c8996fb92427ae41e4649b934ca495991b7852b855,567372271b182a3e3d3fc02081f54d677f0a55f5f7596ab9cafebfa05b6a2bab,696355a5d230f7607fccf47600c3149601c3fe872aaebc65fde3ff9da7d61f28,factorized,factorized,False,,,0,0d9e5fdba57c30b9b0e238876011815027bab365040d0c605f74fba1987f67c5,b45f6d311a33a790cfe03615f347a4626e5c0a6412309c39e4d07882f98a09c0,770c3d348365b7f744f2eaee964b61cc57615c10f8ca9a47a061ac03ee1c343e
cath663,5k87B,5k87,B,sword2-rust,factorized,factorized-accuracy,,,False,0,0.5775049841031432,22296,"[""/home/chili/cretin/PROJECTS/SWORD2/target/release/sword2"",""-i"",""/home/chili/cretin/PROJECTS/SWORD2/benchmark/cache/chains/5k87B.pdb"",""-o"",""/home/chili/cretin/PROJECTS/SWORD2/benchmark/results_factorized_locked_model_attempt6/raw/sword2-rust/5k87B"",""-j"",""1"",""--use-factorized-ranker""]","[""<binary>"",""-i"",""<input_structure>"",""-o"",""<process_output>"",""-j"",""1"",""--use-factorized-ranker""]",repository_root,d82a499021807ac2c20a3add07510e715434da3a74567ff53f0237e656fd05f2,raw/sword2-rust/5k87B/5k87B_B/summary.json,bec0fe50879a86d1a9ce5da008ec901cb9c47febe8821b521ed21a53332f84b6,e3b0c44298fc1c149afbf4c8996fb92427ae41e4649b934ca495991b7852b855,79b5436b8b2850c4ba85c49f20e339e986e8914d0c452c39cd244b123de3a324,58f1b0158d545f247ea44630c6af8bde6352f01b2f3c1ecfc50cddc45bccca86,factorized,legacy,True,structural_quality_abstention,factorized_fallback,0,0d9e5fdba57c30b9b0e238876011815027bab365040d0c605f74fba1987f67c5,b45f6d311a33a790cfe03615f347a4626e5c0a6412309c39e4d07882f98a09c0,770c3d348365b7f744f2eaee964b61cc57615c10f8ca9a47a061ac03ee1c343e
cath663,5k8cA,5k8c,A,sword2-rust,factorized,factorized-accuracy,,,False,0,0.7112599881365895,23696,"[""/home/chili/cretin/PROJECTS/SWORD2/target/release/sword2"",""-i"",""/home/chili/cretin/PROJECTS/SWORD2/benchmark/cache/chains/5k8cA.pdb"",""-o"",""/home/chili/cretin/PROJECTS/SWORD2/benchmark/results_factorized_locked_model_attempt6/raw/sword2-rust/5k8cA"",""-j"",""1"",""--use-factorized-ranker""]","[""<binary>"",""-i"",""<input_structure>"",""-o"",""<process_output>"",""-j"",""1"",""--use-factorized-ranker""]",repository_root,f7fb8b5b3727bbc6db2552de12ec6333dd8628d30bc8cef1c58ca9cfc33908d5,raw/sword2-rust/5k8cA/5k8cA_A/summary.json,55155348163276d6a1e8d23dd44ffa99acc72ac4975f1fa40ee03989b07f88fe,e3b0c44298fc1c149afbf4c8996fb92427ae41e4649b934ca495991b7852b855,b4db06cd2be04a98a97cb5b7049f271dc64ac01d8215d472ff8d766f7021e0b7,696355a5d230f7607fccf47600c3149601c3fe872aaebc65fde3ff9da7d61f28,factorized,factorized,False,,,0,0d9e5fdba57c30b9b0e238876011815027bab365040d0c605f74fba1987f67c5,b45f6d311a33a790cfe03615f347a4626e5c0a6412309c39e4d07882f98a09c0,770c3d348365b7f744f2eaee964b61cc57615c10f8ca9a47a061ac03ee1c343e
cath663,5kohA,5koh,A,sword2-rust,factorized,factorized-accuracy,,,False,0,0.958726798184216,28496,"[""/home/chili/cretin/PROJECTS/SWORD2/target/release/sword2"",""-i"",""/home/chili/cretin/PROJECTS/SWORD2/benchmark/cache/chains/5kohA.pdb"",""-o"",""/home/chili/cretin/PROJECTS/SWORD2/benchmark/results_factorized_locked_model_attempt6/raw/sword2-rust/5kohA"",""-j"",""1"",""--use-factorized-ranker""]","[""<binary>"",""-i"",""<input_structure>"",""-o"",""<process_output>"",""-j"",""1"",""--use-factorized-ranker""]",repository_root,680e53b8ebc006e72f845027757918dd64ee2d7d2791ebe68627fd929994f4e6,raw/sword2-rust/5kohA/5kohA_A/summary.json,90dd543110a1806327dbf010efd82903adf1606e6274ac0467bf12e4f6c834ba,e3b0c44298fc1c149afbf4c8996fb92427ae41e4649b934ca495991b7852b855,2c2cf74657ceab639a3f80c4922bc8b82f5a3324138073804b22dfe616d59d8d,696355a5d230f7607fccf47600c3149601c3fe872aaebc65fde3ff9da7d61f28,factorized,factorized,False,,,0,0d9e5fdba57c30b9b0e238876011815027bab365040d0c605f74fba1987f67c5,b45f6d311a33a790cfe03615f347a4626e5c0a6412309c39e4d07882f98a09c0,770c3d348365b7f744f2eaee964b61cc57615c10f8ca9a47a061ac03ee1c343e
cath663,5kohB,5koh,B,sword2-rust,factorized,factorized-accuracy,,,False,0,1.283356862142682,41264,"[""/home/chili/cretin/PROJECTS/SWORD2/target/release/sword2"",""-i"",""/home/chili/cretin/PROJECTS/SWORD2/benchmark/cache/chains/5kohB.pdb"",""-o"",""/home/chili/cretin/PROJECTS/SWORD2/benchmark/results_factorized_locked_model_attempt6/raw/sword2-rust/5kohB"",""-j"",""1"",""--use-factorized-ranker""]","[""<binary>"",""-i"",""<input_structure>"",""-o"",""<process_output>"",""-j"",""1"",""--use-factorized-ranker""]",repository_root,b03bcde947775379564f808c4b1e77064cef28af9e125f78fb31a2fe215a756c,raw/sword2-rust/5kohB/5kohB_B/summary.json,ae0d0caf75c8105e3504ba62e47e030bef67f1ce67ed6b4c63576fa3cc738712,e3b0c44298fc1c149afbf4c8996fb92427ae41e4649b934ca495991b7852b855,4bb926bd279ed3c53be2a921f7189716ff47441bf8ca649119824566f741bfe1,696355a5d230f7607fccf47600c3149601c3fe872aaebc65fde3ff9da7d61f28,factorized,factorized,False,,,0,0d9e5fdba57c30b9b0e238876011815027bab365040d0c605f74fba1987f67c5,b45f6d311a33a790cfe03615f347a4626e5c0a6412309c39e4d07882f98a09c0,770c3d348365b7f744f2eaee964b61cc57615c10f8ca9a47a061ac03ee1c343e
cath663,5kohC,5koh,C,sword2-rust,factorized,factorized-accuracy,,,False,0,0.8339164420031011,27428,"[""/home/chili/cretin/PROJECTS/SWORD2/target/release/sword2"",""-i"",""/home/chili/cretin/PROJECTS/SWORD2/benchmark/cache/chains/5kohC.pdb"",""-o"",""/home/chili/cretin/PROJECTS/SWORD2/benchmark/results_factorized_locked_model_attempt6/raw/sword2-rust/5kohC"",""-j"",""1"",""--use-factorized-ranker""]","[""<binary>"",""-i"",""<input_structure>"",""-o"",""<process_output>"",""-j"",""1"",""--use-factorized-ranker""]",repository_root,a805692e422db3b20e0494f00e9335235269d85e90adfc9663e1276b1378b2dc,raw/sword2-rust/5kohC/5kohC_C/summary.json,c59848f200fdc041f668c31afe062dd86a7ed2c208fc0510750c066edee0c434,e3b0c44298fc1c149afbf4c8996fb92427ae41e4649b934ca495991b7852b855,f805d5f9af6d32e5647e468c6d2bc5629a6d3101c6be7d7bccb6183680336b17,696355a5d230f7607fccf47600c3149601c3fe872aaebc65fde3ff9da7d61f28,factorized,factorized,False,,,0,0d9e5fdba57c30b9b0e238876011815027bab365040d0c605f74fba1987f67c5,b45f6d311a33a790cfe03615f347a4626e5c0a6412309c39e4d07882f98a09c0,770c3d348365b7f744f2eaee964b61cc57615c10f8ca9a47a061ac03ee1c343e
cath663,5ktnA,5ktn,A,sword2-rust,factorized,factorized-accuracy,,,False,0,0.3908002940006554,14308,"[""/home/chili/cretin/PROJECTS/SWORD2/target/release/sword2"",""-i"",""/home/chili/cretin/PROJECTS/SWORD2/benchmark/cache/chains/5ktnA.pdb"",""-o"",""/home/chili/cretin/PROJECTS/SWORD2/benchmark/results_factorized_locked_model_attempt6/raw/sword2-rust/5ktnA"",""-j"",""1"",""--use-factorized-ranker""]","[""<binary>"",""-i"",""<input_structure>"",""-o"",""<process_output>"",""-j"",""1"",""--use-factorized-ranker""]",repository_root,3a5f30e51325d820b9962ee5aa9091b9fa6910fa490c21604f398672e5d9edd0,raw/sword2-rust/5ktnA/5ktnA_A/summary.json,108154a6466e368f75fe44fa97619e57831ce2069c4d09364ca92bdaf681cec5,e3b0c44298fc1c149afbf4c8996fb92427ae41e4649b934ca495991b7852b855,18ea3d8a6871b052a25d664f233020e62b3d012e204a1c2c4fc9deb0e1f7ea74,696355a5d230f7607fccf47600c3149601c3fe872aaebc65fde3ff9da7d61f28,factorized,factorized,False,,,0,0d9e5fdba57c30b9b0e238876011815027bab365040d0c605f74fba1987f67c5,b45f6d311a33a790cfe03615f347a4626e5c0a6412309c39e4d07882f98a09c0,770c3d348365b7f744f2eaee964b61cc57615c10f8ca9a47a061ac03ee1c343e
cath663,5m29A,5m29,A,sword2-rust,factorized,factorized-accuracy,,,False,0,0.29799955105409026,11796,"[""/home/chili/cretin/PROJECTS/SWORD2/target/release/sword2"",""-i"",""/home/chili/cretin/PROJECTS/SWORD2/benchmark/cache/chains/5m29A.pdb"",""-o"",""/home/chili/cretin/PROJECTS/SWORD2/benchmark/results_factorized_locked_model_attempt6/raw/sword2-rust/5m29A"",""-j"",""1"",""--use-factorized-ranker""]","[""<binary>"",""-i"",""<input_structure>"",""-o"",""<process_output>"",""-j"",""1"",""--use-factorized-ranker""]",repository_root,40b34b56276fcf20644958f0eb4b7d46196f596eb9e36d76000d679899459b46,raw/sword2-rust/5m29A/5m29A_A/summary.json,ba4418adb60528eff97064e2783a97db857e10e006e10fe8f30b7c7384abfc84,e3b0c44298fc1c149afbf4c8996fb92427ae41e4649b934ca495991b7852b855,0fc922d5336f1ec6562d10715da5358b5abd24555b28d8bfcf1c2c6df721239b,696355a5d230f7607fccf47600c3149601c3fe872aaebc65fde3ff9da7d61f28,factorized,factorized,False,,,0,0d9e5fdba57c30b9b0e238876011815027bab365040d0c605f74fba1987f67c5,b45f6d311a33a790cfe03615f347a4626e5c0a6412309c39e4d07882f98a09c0,770c3d348365b7f744f2eaee964b61cc57615c10f8ca9a47a061ac03ee1c343e
cath663,5m3bB,5m3b,B,sword2-rust,factorized,factorized-accuracy,,,False,0,0.3212823518551886,11512,"[""/home/chili/cretin/PROJECTS/SWORD2/target/release/sword2"",""-i"",""/home/chili/cretin/PROJECTS/SWORD2/benchmark/cache/chains/5m3bB.pdb"",""-o"",""/home/chili/cretin/PROJECTS/SWORD2/benchmark/results_factorized_locked_model_attempt6/raw/sword2-rust/5m3bB"",""-j"",""1"",""--use-factorized-ranker""]","[""<binary>"",""-i"",""<input_structure>"",""-o"",""<process_output>"",""-j"",""1"",""--use-factorized-ranker""]",repository_root,8e8ee1e0ef808d723825432e46e070707425f86729848fb59868c11f3e6c0190,raw/sword2-rust/5m3bB/5m3bB_B/summary.json,7ffcd785c68d58dbc4933a33e5066ab638cabd3f5397adbfe58976885d550e7a,e3b0c44298fc1c149afbf4c8996fb92427ae41e4649b934ca495991b7852b855,be7a2bacda60f77d1b91184d2a62bf24d0a2c87fd6d7244f3b32f7fde3d7cebf,696355a5d230f7607fccf47600c3149601c3fe872aaebc65fde3ff9da7d61f28,factorized,factorized,False,,,0,0d9e5fdba57c30b9b0e238876011815027bab365040d0c605f74fba1987f67c5,b45f6d311a33a790cfe03615f347a4626e5c0a6412309c39e4d07882f98a09c0,770c3d348365b7f744f2eaee964b61cc57615c10f8ca9a47a061ac03ee1c343e
cath663,5mbqB,5mbq,B,sword2-rust,factorized,factorized-accuracy,,,False,0,0.30113719683140516,12708,"[""/home/chili/cretin/PROJECTS/SWORD2/target/release/sword2"",""-i"",""/home/chili/cretin/PROJECTS/SWORD2/benchmark/cache/chains/5mbqB.pdb"",""-o"",""/home/chili/cretin/PROJECTS/SWORD2/benchmark/results_factorized_locked_model_attempt6/raw/sword2-rust/5mbqB"",""-j"",""1"",""--use-factorized-ranker""]","[""<binary>"",""-i"",""<input_structure>"",""-o"",""<process_output>"",""-j"",""1"",""--use-factorized-ranker""]",repository_root,90fd1a67d488031894f916548744a485e70ebfa0a5d6581f42fb7bba48d15939,raw/sword2-rust/5mbqB/5mbqB_B/summary.json,f37218902bf6220d8780556a67f78f72a784d0a212a4fc02234feb44fa71f64a,e3b0c44298fc1c149afbf4c8996fb92427ae41e4649b934ca495991b7852b855,7891a9f002fc03b35cf5d35e74722591108af7a6bf7242a88c385dfee2041563,58f1b0158d545f247ea44630c6af8bde6352f01b2f3c1ecfc50cddc45bccca86,factorized,legacy,True,structural_quality_abstention,factorized_fallback,0,0d9e5fdba57c30b9b0e238876011815027bab365040d0c605f74fba1987f67c5,b45f6d311a33a790cfe03615f347a4626e5c0a6412309c39e4d07882f98a09c0,770c3d348365b7f744f2eaee964b61cc57615c10f8ca9a47a061ac03ee1c343e
cath663,5muxA,5mux,A,sword2-rust,factorized,factorized-accuracy,,,False,0,1.489587552845478,48092,"[""/home/chili/cretin/PROJECTS/SWORD2/target/release/sword2"",""-i"",""/home/chili/cretin/PROJECTS/SWORD2/benchmark/cache/chains/5muxA.pdb"",""-o"",""/home/chili/cretin/PROJECTS/SWORD2/benchmark/results_factorized_locked_model_attempt6/raw/sword2-rust/5muxA"",""-j"",""1"",""--use-factorized-ranker""]","[""<binary>"",""-i"",""<input_structure>"",""-o"",""<process_output>"",""-j"",""1"",""--use-factorized-ranker""]",repository_root,c5dc198293a376e9b119b7283dae5093d2c08d3ad6541a89678204cb74dbe235,raw/sword2-rust/5muxA/5muxA_A/summary.json,a2813e0c775534047210f57f46191a91c469c50e4fa8944d3e240b3953ad857f,e3b0c44298fc1c149afbf4c8996fb92427ae41e4649b934ca495991b7852b855,5c73ddd101d416c20e83aabcce02d6c29620dcbfde43eb957bb51a8a162f11dd,696355a5d230f7607fccf47600c3149601c3fe872aaebc65fde3ff9da7d61f28,factorized,factorized,False,,,0,0d9e5fdba57c30b9b0e238876011815027bab365040d0c605f74fba1987f67c5,b45f6d311a33a790cfe03615f347a4626e5c0a6412309c39e4d07882f98a09c0,770c3d348365b7f744f2eaee964b61cc57615c10f8ca9a47a061ac03ee1c343e
cath663,5nx8B,5nx8,B,sword2-rust,factorized,factorized-accuracy,,,False,0,1.2080924399197102,31800,"[""/home/chili/cretin/PROJECTS/SWORD2/target/release/sword2"",""-i"",""/home/chili/cretin/PROJECTS/SWORD2/benchmark/cache/chains/5nx8B.pdb"",""-o"",""/home/chili/cretin/PROJECTS/SWORD2/benchmark/results_factorized_locked_model_attempt6/raw/sword2-rust/5nx8B"",""-j"",""1"",""--use-factorized-ranker""]","[""<binary>"",""-i"",""<input_structure>"",""-o"",""<process_output>"",""-j"",""1"",""--use-factorized-ranker""]",repository_root,0e2489d02706e90ca916f1f95ee2460e3ec738105999601db5c734ee42cadf8e,raw/sword2-rust/5nx8B/5nx8B_B/summary.json,5626dc76a72b989a929c58d94a6189210b183a16c886236715eca4ef3375e7c7,e3b0c44298fc1c149afbf4c8996fb92427ae41e4649b934ca495991b7852b855,ac16ec7aa9db73e322117c0ec8283b95a8863a10c43c9c571d4993b584a8173a,696355a5d230f7607fccf47600c3149601c3fe872aaebc65fde3ff9da7d61f28,factorized,factorized,False,,,0,0d9e5fdba57c30b9b0e238876011815027bab365040d0c605f74fba1987f67c5,b45f6d311a33a790cfe03615f347a4626e5c0a6412309c39e4d07882f98a09c0,770c3d348365b7f744f2eaee964b61cc57615c10f8ca9a47a061ac03ee1c343e
cath663,5ti1A,5ti1,A,sword2-rust,factorized,factorized-accuracy,,,False,0,1.2504932042211294,31320,"[""/home/chili/cretin/PROJECTS/SWORD2/target/release/sword2"",""-i"",""/home/chili/cretin/PROJECTS/SWORD2/benchmark/cache/chains/5ti1A.pdb"",""-o"",""/home/chili/cretin/PROJECTS/SWORD2/benchmark/results_factorized_locked_model_attempt6/raw/sword2-rust/5ti1A"",""-j"",""1"",""--use-factorized-ranker""]","[""<binary>"",""-i"",""<input_structure>"",""-o"",""<process_output>"",""-j"",""1"",""--use-factorized-ranker""]",repository_root,ff50c5710dbbd43bc53da99c2803f324ed80884f1626ef4265eae7420a0768e2,raw/sword2-rust/5ti1A/5ti1A_A/summary.json,f6aa5b4a7516e366069c4ac5c4e4945db6e03e5bf8131753abac16aef8b773a2,e3b0c44298fc1c149afbf4c8996fb92427ae41e4649b934ca495991b7852b855,06606e01db1bae1b35165148f60d1112603e72c6ba744bc648d473cffb1a8922,696355a5d230f7607fccf47600c3149601c3fe872aaebc65fde3ff9da7d61f28,factorized,factorized,False,,,0,0d9e5fdba57c30b9b0e238876011815027bab365040d0c605f74fba1987f67c5,b45f6d311a33a790cfe03615f347a4626e5c0a6412309c39e4d07882f98a09c0,770c3d348365b7f744f2eaee964b61cc57615c10f8ca9a47a061ac03ee1c343e
cath663,5tprA,5tpr,A,sword2-rust,factorized,factorized-accuracy,,,False,0,1.0985461459495127,29652,"[""/home/chili/cretin/PROJECTS/SWORD2/target/release/sword2"",""-i"",""/home/chili/cretin/PROJECTS/SWORD2/benchmark/cache/chains/5tprA.pdb"",""-o"",""/home/chili/cretin/PROJECTS/SWORD2/benchmark/results_factorized_locked_model_attempt6/raw/sword2-rust/5tprA"",""-j"",""1"",""--use-factorized-ranker""]","[""<binary>"",""-i"",""<input_structure>"",""-o"",""<process_output>"",""-j"",""1"",""--use-factorized-ranker""]",repository_root,feca1f5b319dea74e5d92d53b794937a0135d8a54aa0e2474f1e67afbb841a9a,raw/sword2-rust/5tprA/5tprA_A/summary.json,c23016ce919e7a55cd4c0c29339fa5c43dcad6f058e1a3500038ec282b935509,e3b0c44298fc1c149afbf4c8996fb92427ae41e4649b934ca495991b7852b855,a37ea5017bdd83f33905688c510a5a1b479dd9c0c6843a7e7fc59badbbfd28a7,696355a5d230f7607fccf47600c3149601c3fe872aaebc65fde3ff9da7d61f28,factorized,factorized,False,,,0,0d9e5fdba57c30b9b0e238876011815027bab365040d0c605f74fba1987f67c5,b45f6d311a33a790cfe03615f347a4626e5c0a6412309c39e4d07882f98a09c0,770c3d348365b7f744f2eaee964b61cc57615c10f8ca9a47a061ac03ee1c343e
cath663,5tuxA,5tux,A,sword2-rust,factorized,factorized-accuracy,,,False,0,0.4661936331540346,15984,"[""/home/chili/cretin/PROJECTS/SWORD2/target/release/sword2"",""-i"",""/home/chili/cretin/PROJECTS/SWORD2/benchmark/cache/chains/5tuxA.pdb"",""-o"",""/home/chili/cretin/PROJECTS/SWORD2/benchmark/results_factorized_locked_model_attempt6/raw/sword2-rust/5tuxA"",""-j"",""1"",""--use-factorized-ranker""]","[""<binary>"",""-i"",""<input_structure>"",""-o"",""<process_output>"",""-j"",""1"",""--use-factorized-ranker""]",repository_root,60daf43e13c07e8616b212a38640f23b752a123749ebf2a78a1272e5edd74e41,raw/sword2-rust/5tuxA/5tuxA_A/summary.json,19e46f19f39952612179958da29be9f6749513bf32bef2108ca6564bf1c7bea6,e3b0c44298fc1c149afbf4c8996fb92427ae41e4649b934ca495991b7852b855,833b0d92954ab43b3a054ecaf302805c4ad95e4583eb73e3a9b390a3a105b953,696355a5d230f7607fccf47600c3149601c3fe872aaebc65fde3ff9da7d61f28,factorized,factorized,False,,,0,0d9e5fdba57c30b9b0e238876011815027bab365040d0c605f74fba1987f67c5,b45f6d311a33a790cfe03615f347a4626e5c0a6412309c39e4d07882f98a09c0,770c3d348365b7f744f2eaee964b61cc57615c10f8ca9a47a061ac03ee1c343e
cath663,5u92A,5u92,A,sword2-rust,factorized,factorized-accuracy,,,False,0,0.6077373586595058,19292,"[""/home/chili/cretin/PROJECTS/SWORD2/target/release/sword2"",""-i"",""/home/chili/cretin/PROJECTS/SWORD2/benchmark/cache/chains/5u92A.pdb"",""-o"",""/home/chili/cretin/PROJECTS/SWORD2/benchmark/results_factorized_locked_model_attempt6/raw/sword2-rust/5u92A"",""-j"",""1"",""--use-factorized-ranker""]","[""<binary>"",""-i"",""<input_structure>"",""-o"",""<process_output>"",""-j"",""1"",""--use-factorized-ranker""]",repository_root,99dca47441bb13173adb6b6dc613c7760f62c6d5f7fee815cbac23e333c985b9,raw/sword2-rust/5u92A/5u92A_A/summary.json,cfdc26ca880008b857a0393da296c41b20916a82c22111668dbe8c2b0f54eff9,e3b0c44298fc1c149afbf4c8996fb92427ae41e4649b934ca495991b7852b855,bf0a65bcd9efb5e43077a1e927233c3181912fa18c655eba80203b4efe6db79b,696355a5d230f7607fccf47600c3149601c3fe872aaebc65fde3ff9da7d61f28,factorized,factorized,False,,,0,0d9e5fdba57c30b9b0e238876011815027bab365040d0c605f74fba1987f67c5,b45f6d311a33a790cfe03615f347a4626e5c0a6412309c39e4d07882f98a09c0,770c3d348365b7f744f2eaee964b61cc57615c10f8ca9a47a061ac03ee1c343e
cath663,5ui2A,5ui2,A,sword2-rust,factorized,factorized-accuracy,,,False,0,0.6443172539584339,18244,"[""/home/chili/cretin/PROJECTS/SWORD2/target/release/sword2"",""-i"",""/home/chili/cretin/PROJECTS/SWORD2/benchmark/cache/chains/5ui2A.pdb"",""-o"",""/home/chili/cretin/PROJECTS/SWORD2/benchmark/results_factorized_locked_model_attempt6/raw/sword2-rust/5ui2A"",""-j"",""1"",""--use-factorized-ranker""]","[""<binary>"",""-i"",""<input_structure>"",""-o"",""<process_output>"",""-j"",""1"",""--use-factorized-ranker""]",repository_root,e0bc42a202222e741ff435a10f0820b48177d16e125d13f5f7c3b7acb84e1244,raw/sword2-rust/5ui2A/5ui2A_A/summary.json,1399a3d3122d77d4b9c4abb7660d81791a6ea8b15ce97803f2430c360d59698d,e3b0c44298fc1c149afbf4c8996fb92427ae41e4649b934ca495991b7852b855,e721865dc1279afc24e7dee3b04e51358b99853439c87ab03ab75d0466dc41ef,696355a5d230f7607fccf47600c3149601c3fe872aaebc65fde3ff9da7d61f28,factorized,factorized,False,,,0,0d9e5fdba57c30b9b0e238876011815027bab365040d0c605f74fba1987f67c5,b45f6d311a33a790cfe03615f347a4626e5c0a6412309c39e4d07882f98a09c0,770c3d348365b7f744f2eaee964b61cc57615c10f8ca9a47a061ac03ee1c343e
cath663,5uppA,5upp,A,sword2-rust,factorized,factorized-accuracy,,,False,0,1.2850002571940422,40100,"[""/home/chili/cretin/PROJECTS/SWORD2/target/release/sword2"",""-i"",""/home/chili/cretin/PROJECTS/SWORD2/benchmark/cache/chains/5uppA.pdb"",""-o"",""/home/chili/cretin/PROJECTS/SWORD2/benchmark/results_factorized_locked_model_attempt6/raw/sword2-rust/5uppA"",""-j"",""1"",""--use-factorized-ranker""]","[""<binary>"",""-i"",""<input_structure>"",""-o"",""<process_output>"",""-j"",""1"",""--use-factorized-ranker""]",repository_root,8549f4d89a186018eb09d751e1c1929036641ce1b31350d86dfbff3d93abd2cd,raw/sword2-rust/5uppA/5uppA_A/summary.json,6027ec82812352ef9fde3916ff942f8435dafb006b52817bc6f0755202c5ba01,e3b0c44298fc1c149afbf4c8996fb92427ae41e4649b934ca495991b7852b855,56fd0256a63e5598657c45db68df483e3896c4cd844941288c0d2829ed4cb712,696355a5d230f7607fccf47600c3149601c3fe872aaebc65fde3ff9da7d61f28,factorized,factorized,False,,,0,0d9e5fdba57c30b9b0e238876011815027bab365040d0c605f74fba1987f67c5,b45f6d311a33a790cfe03615f347a4626e5c0a6412309c39e4d07882f98a09c0,770c3d348365b7f744f2eaee964b61cc57615c10f8ca9a47a061ac03ee1c343e
cath663,5uqsA,5uqs,A,sword2-rust,factorized,factorized-accuracy,,,False,0,1.1765706189908087,25620,"[""/home/chili/cretin/PROJECTS/SWORD2/target/release/sword2"",""-i"",""/home/chili/cretin/PROJECTS/SWORD2/benchmark/cache/chains/5uqsA.pdb"",""-o"",""/home/chili/cretin/PROJECTS/SWORD2/benchmark/results_factorized_locked_model_attempt6/raw/sword2-rust/5uqsA"",""-j"",""1"",""--use-factorized-ranker""]","[""<binary>"",""-i"",""<input_structure>"",""-o"",""<process_output>"",""-j"",""1"",""--use-factorized-ranker""]",repository_root,0ef1931bfdc320ab859235629ad1b2b0d550653046ceacc9ff2c8df77b468f38,raw/sword2-rust/5uqsA/5uqsA_A/summary.json,3d14c68e465f96b1ee874ef0ed088e28eef6afa6735e5f3aff8541945958939e,e3b0c44298fc1c149afbf4c8996fb92427ae41e4649b934ca495991b7852b855,6996eb4afe50a2dc5c50d4f555c3dd775cb04ba79d907a3698212d22a2ab6ecc,696355a5d230f7607fccf47600c3149601c3fe872aaebc65fde3ff9da7d61f28,factorized,factorized,False,,,0,0d9e5fdba57c30b9b0e238876011815027bab365040d0c605f74fba1987f67c5,b45f6d311a33a790cfe03615f347a4626e5c0a6412309c39e4d07882f98a09c0,770c3d348365b7f744f2eaee964b61cc57615c10f8ca9a47a061ac03ee1c343e
cath663,5uquA,5uqu,A,sword2-rust,factorized,factorized-accuracy,,,False,0,0.9377518617548048,25576,"[""/home/chili/cretin/PROJECTS/SWORD2/target/release/sword2"",""-i"",""/home/chili/cretin/PROJECTS/SWORD2/benchmark/cache/chains/5uquA.pdb"",""-o"",""/home/chili/cretin/PROJECTS/SWORD2/benchmark/results_factorized_locked_model_attempt6/raw/sword2-rust/5uquA"",""-j"",""1"",""--use-factorized-ranker""]","[""<binary>"",""-i"",""<input_structure>"",""-o"",""<process_output>"",""-j"",""1"",""--use-factorized-ranker""]",repository_root,1a38cd582fcb05fd60e63a87c3d2d1fe50eaa8f80f4cbd2697d1a650ef9d1721,raw/sword2-rust/5uquA/5uquA_A/summary.json,2506fef85240c481d1a5998c4c53b727c50a98f4f366590c0f6bb8cc61125e8a,e3b0c44298fc1c149afbf4c8996fb92427ae41e4649b934ca495991b7852b855,7ec1e97b960302ceeb17a78e41ade2834145ebf0a7b1719186b429cf9f2e2ca3,696355a5d230f7607fccf47600c3149601c3fe872aaebc65fde3ff9da7d61f28,factorized,factorized,False,,,0,0d9e5fdba57c30b9b0e238876011815027bab365040d0c605f74fba1987f67c5,b45f6d311a33a790cfe03615f347a4626e5c0a6412309c39e4d07882f98a09c0,770c3d348365b7f744f2eaee964b61cc57615c10f8ca9a47a061ac03ee1c343e
cath663,5v4lA,5v4l,A,sword2-rust,factorized,factorized-accuracy,,,False,0,1.2420906838960946,30584,"[""/home/chili/cretin/PROJECTS/SWORD2/target/release/sword2"",""-i"",""/home/chili/cretin/PROJECTS/SWORD2/benchmark/cache/chains/5v4lA.pdb"",""-o"",""/home/chili/cretin/PROJECTS/SWORD2/benchmark/results_factorized_locked_model_attempt6/raw/sword2-rust/5v4lA"",""-j"",""1"",""--use-factorized-ranker""]","[""<binary>"",""-i"",""<input_structure>"",""-o"",""<process_output>"",""-j"",""1"",""--use-factorized-ranker""]",repository_root,de78b1f71dfdc370df4eeaec8b27edc0f560d62d4f4a0c03d8e0ab1242062256,raw/sword2-rust/5v4lA/5v4lA_A/summary.json,e486f4ce3095bd4945aaf3e263974a1eaf4c75aabb5582d0ec41269b4a41273b,e3b0c44298fc1c149afbf4c8996fb92427ae41e4649b934ca495991b7852b855,8c877b6d6b43239c48528d922b18ba0f032694cea76bb55c0e22701f86875992,696355a5d230f7607fccf47600c3149601c3fe872aaebc65fde3ff9da7d61f28,factorized,factorized,False,,,0,0d9e5fdba57c30b9b0e238876011815027bab365040d0c605f74fba1987f67c5,b45f6d311a33a790cfe03615f347a4626e5c0a6412309c39e4d07882f98a09c0,770c3d348365b7f744f2eaee964b61cc57615c10f8ca9a47a061ac03ee1c343e
cath663,5v4lD,5v4l,D,sword2-rust,factorized,factorized-accuracy,,,False,0,1.0758986598812044,26272,"[""/home/chili/cretin/PROJECTS/SWORD2/target/release/sword2"",""-i"",""/home/chili/cretin/PROJECTS/SWORD2/benchmark/cache/chains/5v4lD.pdb"",""-o"",""/home/chili/cretin/PROJECTS/SWORD2/benchmark/results_factorized_locked_model_attempt6/raw/sword2-rust/5v4lD"",""-j"",""1"",""--use-factorized-ranker""]","[""<binary>"",""-i"",""<input_structure>"",""-o"",""<process_output>"",""-j"",""1"",""--use-factorized-ranker""]",repository_root,168de12f01aec857b856f177722fa32a59a1721a07a391d3a1335b2ba65bc88c,raw/sword2-rust/5v4lD/5v4lD_D/summary.json,b8fe509753bccaab8fae0d7d67dc3c4f60dbfd52ef454aa9da47fcbd426f5ac3,e3b0c44298fc1c149afbf4c8996fb92427ae41e4649b934ca495991b7852b855,4f3b6ce6ea0bd3a1a692bae845570b547d9137256646d135fef758c2b5d894ad,696355a5d230f7607fccf47600c3149601c3fe872aaebc65fde3ff9da7d61f28,factorized,factorized,False,,,0,0d9e5fdba57c30b9b0e238876011815027bab365040d0c605f74fba1987f67c5,b45f6d311a33a790cfe03615f347a4626e5c0a6412309c39e4d07882f98a09c0,770c3d348365b7f744f2eaee964b61cc57615c10f8ca9a47a061ac03ee1c343e
cath663,5vkwA,5vkw,A,sword2-rust,factorized,factorized-accuracy,,,False,0,1.5000960887409747,31108,"[""/home/chili/cretin/PROJECTS/SWORD2/target/release/sword2"",""-i"",""/home/chili/cretin/PROJECTS/SWORD2/benchmark/cache/chains/5vkwA.pdb"",""-o"",""/home/chili/cretin/PROJECTS/SWORD2/benchmark/results_factorized_locked_model_attempt6/raw/sword2-rust/5vkwA"",""-j"",""1"",""--use-factorized-ranker""]","[""<binary>"",""-i"",""<input_structure>"",""-o"",""<process_output>"",""-j"",""1"",""--use-factorized-ranker""]",repository_root,3c296f287cbbad195755ab3c87f9e18f790279327f316b69da7d644e48b4d6b6,raw/sword2-rust/5vkwA/5vkwA_A/summary.json,88033ecac1e823768a1787e6f2110b5eab59972a476e084be696fdcee6559568,e3b0c44298fc1c149afbf4c8996fb92427ae41e4649b934ca495991b7852b855,e0fe6104f1e592e69cf3ae7020b0918fc32ad9631533ab3691154592203c460a,696355a5d230f7607fccf47600c3149601c3fe872aaebc65fde3ff9da7d61f28,factorized,factorized,False,,,0,0d9e5fdba57c30b9b0e238876011815027bab365040d0c605f74fba1987f67c5,b45f6d311a33a790cfe03615f347a4626e5c0a6412309c39e4d07882f98a09c0,770c3d348365b7f744f2eaee964b61cc57615c10f8ca9a47a061ac03ee1c343e
cath663,5vkwB,5vkw,B,sword2-rust,factorized,factorized-accuracy,,,False,0,1.5314624030143023,30764,"[""/home/chili/cretin/PROJECTS/SWORD2/target/release/sword2"",""-i"",""/home/chili/cretin/PROJECTS/SWORD2/benchmark/cache/chains/5vkwB.pdb"",""-o"",""/home/chili/cretin/PROJECTS/SWORD2/benchmark/results_factorized_locked_model_attempt6/raw/sword2-rust/5vkwB"",""-j"",""1"",""--use-factorized-ranker""]","[""<binary>"",""-i"",""<input_structure>"",""-o"",""<process_output>"",""-j"",""1"",""--use-factorized-ranker""]",repository_root,b0dd8c591415951aa755306990896a3ce4e0c6d302facaedd7a70d45394dd1c8,raw/sword2-rust/5vkwB/5vkwB_B/summary.json,d2435efc67270c289ec22e6dd5825d0f6c840519b7d5160f4c666adfdb4d2c84,e3b0c44298fc1c149afbf4c8996fb92427ae41e4649b934ca495991b7852b855,230c1ed44d2a6179fe5ba0451002916400e2e045d31753a10007764127b6ddcb,696355a5d230f7607fccf47600c3149601c3fe872aaebc65fde3ff9da7d61f28,factorized,factorized,False,,,0,0d9e5fdba57c30b9b0e238876011815027bab365040d0c605f74fba1987f67c5,b45f6d311a33a790cfe03615f347a4626e5c0a6412309c39e4d07882f98a09c0,770c3d348365b7f744f2eaee964b61cc57615c10f8ca9a47a061ac03ee1c343e
cath663,5vlcA,5vlc,A,sword2-rust,factorized,factorized-accuracy,,,False,0,1.4322480419650674,29996,"[""/home/chili/cretin/PROJECTS/SWORD2/target/release/sword2"",""-i"",""/home/chili/cretin/PROJECTS/SWORD2/benchmark/cache/chains/5vlcA.pdb"",""-o"",""/home/chili/cretin/PROJECTS/SWORD2/benchmark/results_factorized_locked_model_attempt6/raw/sword2-rust/5vlcA"",""-j"",""1"",""--use-factorized-ranker""]","[""<binary>"",""-i"",""<input_structure>"",""-o"",""<process_output>"",""-j"",""1"",""--use-factorized-ranker""]",repository_root,392dda30c863576c7b60f56da919a29d34d6b39a4d334aa1fcdabaee81ca23be,raw/sword2-rust/5vlcA/5vlcA_A/summary.json,dfbf7c126110dd8b4d1756988c509182935758d9f70b8141776decbbffad2a44,e3b0c44298fc1c149afbf4c8996fb92427ae41e4649b934ca495991b7852b855,5173444298bb73f375d670eb1834b023884674f46e9454be225c92fea9143c89,696355a5d230f7607fccf47600c3149601c3fe872aaebc65fde3ff9da7d61f28,factorized,factorized,False,,,0,0d9e5fdba57c30b9b0e238876011815027bab365040d0c605f74fba1987f67c5,b45f6d311a33a790cfe03615f347a4626e5c0a6412309c39e4d07882f98a09c0,770c3d348365b7f744f2eaee964b61cc57615c10f8ca9a47a061ac03ee1c343e
cath663,5vlcE,5vlc,E,sword2-rust,factorized,factorized-accuracy,,,False,0,1.030800772830844,25644,"[""/home/chili/cretin/PROJECTS/SWORD2/target/release/sword2"",""-i"",""/home/chili/cretin/PROJECTS/SWORD2/benchmark/cache/chains/5vlcE.pdb"",""-o"",""/home/chili/cretin/PROJECTS/SWORD2/benchmark/results_factorized_locked_model_attempt6/raw/sword2-rust/5vlcE"",""-j"",""1"",""--use-factorized-ranker""]","[""<binary>"",""-i"",""<input_structure>"",""-o"",""<process_output>"",""-j"",""1"",""--use-factorized-ranker""]",repository_root,6818704ffb9794b7fb95d865384d539c1cc0a45b554bfd36c787b9be67242798,raw/sword2-rust/5vlcE/5vlcE_E/summary.json,07ca7f0f093da62ca24e547e7656890e4df75ec7572c6cbcf8ef1b5dcce042f4,e3b0c44298fc1c149afbf4c8996fb92427ae41e4649b934ca495991b7852b855,148a342872855d1a417486d76efabc08f06cc2f6cd7ac60283aadd98b1a1ab76,696355a5d230f7607fccf47600c3149601c3fe872aaebc65fde3ff9da7d61f28,factorized,factorized,False,,,0,0d9e5fdba57c30b9b0e238876011815027bab365040d0c605f74fba1987f67c5,b45f6d311a33a790cfe03615f347a4626e5c0a6412309c39e4d07882f98a09c0,770c3d348365b7f744f2eaee964b61cc57615c10f8ca9a47a061ac03ee1c343e
cath663,5w56B,5w56,B,sword2-rust,factorized,factorized-accuracy,,,False,0,0.5560209369286895,12068,"[""/home/chili/cretin/PROJECTS/SWORD2/target/release/sword2"",""-i"",""/home/chili/cretin/PROJECTS/SWORD2/benchmark/cache/chains/5w56B.pdb"",""-o"",""/home/chili/cretin/PROJECTS/SWORD2/benchmark/results_factorized_locked_model_attempt6/raw/sword2-rust/5w56B"",""-j"",""1"",""--use-factorized-ranker""]","[""<binary>"",""-i"",""<input_structure>"",""-o"",""<process_output>"",""-j"",""1"",""--use-factorized-ranker""]",repository_root,b3af409679f0014dce3c26811c33a9a8c694084fb64ac461ca2c650744862aab,raw/sword2-rust/5w56B/5w56B_B/summary.json,2551a6f409c5a39f2ea804883eb0f16e26da04d8761758767a122dc90d2f4c70,e3b0c44298fc1c149afbf4c8996fb92427ae41e4649b934ca495991b7852b855,757b0fc9aff11c60dd5daf175fd68207d7f3cfb6e99c761f20b75d9c2c52e14e,696355a5d230f7607fccf47600c3149601c3fe872aaebc65fde3ff9da7d61f28,factorized,factorized,False,,,0,0d9e5fdba57c30b9b0e238876011815027bab365040d0c605f74fba1987f67c5,b45f6d311a33a790cfe03615f347a4626e5c0a6412309c39e4d07882f98a09c0,770c3d348365b7f744f2eaee964b61cc57615c10f8ca9a47a061ac03ee1c343e
cath663,5xn8A,5xn8,A,sword2-rust,factorized,factorized-accuracy,,,False,0,1.223558803088963,18852,"[""/home/chili/cretin/PROJECTS/SWORD2/target/release/sword2"",""-i"",""/home/chili/cretin/PROJECTS/SWORD2/benchmark/cache/chains/5xn8A.pdb"",""-o"",""/home/chili/cretin/PROJECTS/SWORD2/benchmark/results_factorized_locked_model_attempt6/raw/sword2-rust/5xn8A"",""-j"",""1"",""--use-factorized-ranker""]","[""<binary>"",""-i"",""<input_structure>"",""-o"",""<process_output>"",""-j"",""1"",""--use-factorized-ranker""]",repository_root,59d4001711ae632a586d00ce74d0801c0a80ca7d0ffa3376424d6fcef5dbaf10,raw/sword2-rust/5xn8A/5xn8A_A/summary.json,443f9252ee8bd2bc3d6ce5078b0e6bf4127411a870a01abc5de1fec4d9185fdd,e3b0c44298fc1c149afbf4c8996fb92427ae41e4649b934ca495991b7852b855,fad9c30ac782ea4fb2e48fdd72e069448255cad08f00bc0067b5bbd7a361c1db,696355a5d230f7607fccf47600c3149601c3fe872aaebc65fde3ff9da7d61f28,factorized,factorized,False,,,0,0d9e5fdba57c30b9b0e238876011815027bab365040d0c605f74fba1987f67c5,b45f6d311a33a790cfe03615f347a4626e5c0a6412309c39e4d07882f98a09c0,770c3d348365b7f744f2eaee964b61cc57615c10f8ca9a47a061ac03ee1c343e
cath663,5xnyA,5xny,A,sword2-rust,factorized,factorized-accuracy,,,False,0,1.3254765388555825,29288,"[""/home/chili/cretin/PROJECTS/SWORD2/target/release/sword2"",""-i"",""/home/chili/cretin/PROJECTS/SWORD2/benchmark/cache/chains/5xnyA.pdb"",""-o"",""/home/chili/cretin/PROJECTS/SWORD2/benchmark/results_factorized_locked_model_attempt6/raw/sword2-rust/5xnyA"",""-j"",""1"",""--use-factorized-ranker""]","[""<binary>"",""-i"",""<input_structure>"",""-o"",""<process_output>"",""-j"",""1"",""--use-factorized-ranker""]",repository_root,c42562103f7adec21f7e92528ecddd7ccc0ac8bee0d73436622d881d83094aae,raw/sword2-rust/5xnyA/5xnyA_A/summary.json,8ea6915ecea69b85d9668d6259448ffa1f2a42a095e2e78d682f1c730686c185,e3b0c44298fc1c149afbf4c8996fb92427ae41e4649b934ca495991b7852b855,3ca9e78d364d1d2364fdb03fd09410f67a14c5b6b33adec4c902f63f6805499e,696355a5d230f7607fccf47600c3149601c3fe872aaebc65fde3ff9da7d61f28,factorized,factorized,False,,,0,0d9e5fdba57c30b9b0e238876011815027bab365040d0c605f74fba1987f67c5,b45f6d311a33a790cfe03615f347a4626e5c0a6412309c39e4d07882f98a09c0,770c3d348365b7f744f2eaee964b61cc57615c10f8ca9a47a061ac03ee1c343e
cath663,5y5sC,5y5s,C,sword2-rust,factorized,factorized-accuracy,,,False,0,1.1300922050140798,17004,"[""/home/chili/cretin/PROJECTS/SWORD2/target/release/sword2"",""-i"",""/home/chili/cretin/PROJECTS/SWORD2/benchmark/cache/chains/5y5sC.pdb"",""-o"",""/home/chili/cretin/PROJECTS/SWORD2/benchmark/results_factorized_locked_model_attempt6/raw/sword2-rust/5y5sC"",""-j"",""1"",""--use-factorized-ranker""]","[""<binary>"",""-i"",""<input_structure>"",""-o"",""<process_output>"",""-j"",""1"",""--use-factorized-ranker""]",repository_root,d9d04eaa4dc3b2ba927139bc08e571687db14b7b719f430a90534b51e79dfc2c,raw/sword2-rust/5y5sC/5y5sC_C/summary.json,5daede822fa8a8aea02fcaebacf833495699bc00acd69efc2aabb97dbcf4539d,e3b0c44298fc1c149afbf4c8996fb92427ae41e4649b934ca495991b7852b855,2609d613fa878c3445e00962cc1f089ca9735fa8b58075d9e56b6d0bf4b084cd,696355a5d230f7607fccf47600c3149601c3fe872aaebc65fde3ff9da7d61f28,factorized,factorized,False,,,0,0d9e5fdba57c30b9b0e238876011815027bab365040d0c605f74fba1987f67c5,b45f6d311a33a790cfe03615f347a4626e5c0a6412309c39e4d07882f98a09c0,770c3d348365b7f744f2eaee964b61cc57615c10f8ca9a47a061ac03ee1c343e
cath663,5yscA,5ysc,A,sword2-rust,factorized,factorized-accuracy,,,False,0,1.1057220418006182,12160,"[""/home/chili/cretin/PROJECTS/SWORD2/target/release/sword2"",""-i"",""/home/chili/cretin/PROJECTS/SWORD2/benchmark/cache/chains/5yscA.pdb"",""-o"",""/home/chili/cretin/PROJECTS/SWORD2/benchmark/results_factorized_locked_model_attempt6/raw/sword2-rust/5yscA"",""-j"",""1"",""--use-factorized-ranker""]","[""<binary>"",""-i"",""<input_structure>"",""-o"",""<process_output>"",""-j"",""1"",""--use-factorized-ranker""]",repository_root,2e5f988f8ed7d2bc9e2964ae25040fef5c8fb16069ee87aa5bcb0c7aae8018dc,raw/sword2-rust/5yscA/5yscA_A/summary.json,85e4bd1b214b708591b9da750a14da94b68b238c91f25e28b77693837ae94dd0,e3b0c44298fc1c149afbf4c8996fb92427ae41e4649b934ca495991b7852b855,8d42c26a3b525862edf9932cfc482ec2799ee5164dbdbc192f0813c1649094f8,696355a5d230f7607fccf47600c3149601c3fe872aaebc65fde3ff9da7d61f28,factorized,factorized,False,,,0,0d9e5fdba57c30b9b0e238876011815027bab365040d0c605f74fba1987f67c5,b45f6d311a33a790cfe03615f347a4626e5c0a6412309c39e4d07882f98a09c0,770c3d348365b7f744f2eaee964b61cc57615c10f8ca9a47a061ac03ee1c343e
cath663,5zhqA,5zhq,A,sword2-rust,factorized,factorized-accuracy,,,False,0,0.9997661523520947,19676,"[""/home/chili/cretin/PROJECTS/SWORD2/target/release/sword2"",""-i"",""/home/chili/cretin/PROJECTS/SWORD2/benchmark/cache/chains/5zhqA.pdb"",""-o"",""/home/chili/cretin/PROJECTS/SWORD2/benchmark/results_factorized_locked_model_attempt6/raw/sword2-rust/5zhqA"",""-j"",""1"",""--use-factorized-ranker""]","[""<binary>"",""-i"",""<input_structure>"",""-o"",""<process_output>"",""-j"",""1"",""--use-factorized-ranker""]",repository_root,978a6c92f5ab70da7e986214cf02c02281ca7df8c7443bb9b737a74afc706401,raw/sword2-rust/5zhqA/5zhqA_A/summary.json,02d9e11e9b89bc96ded4a0762f962aca616f365ebeb1a7c21f907607a130177e,e3b0c44298fc1c149afbf4c8996fb92427ae41e4649b934ca495991b7852b855,21378c4f50ac4c5ac0241e3cb6dbf0c61a7ecd64a3b6c67ceea1790abaf834ba,696355a5d230f7607fccf47600c3149601c3fe872aaebc65fde3ff9da7d61f28,factorized,factorized,False,,,0,0d9e5fdba57c30b9b0e238876011815027bab365040d0c605f74fba1987f67c5,b45f6d311a33a790cfe03615f347a4626e5c0a6412309c39e4d07882f98a09c0,770c3d348365b7f744f2eaee964b61cc57615c10f8ca9a47a061ac03ee1c343e
cath663,5zliA,5zli,A,sword2-rust,factorized,factorized-accuracy,,,False,0,1.4496790817938745,37092,"[""/home/chili/cretin/PROJECTS/SWORD2/target/release/sword2"",""-i"",""/home/chili/cretin/PROJECTS/SWORD2/benchmark/cache/chains/5zliA.pdb"",""-o"",""/home/chili/cretin/PROJECTS/SWORD2/benchmark/results_factorized_locked_model_attempt6/raw/sword2-rust/5zliA"",""-j"",""1"",""--use-factorized-ranker""]","[""<binary>"",""-i"",""<input_structure>"",""-o"",""<process_output>"",""-j"",""1"",""--use-factorized-ranker""]",repository_root,2c639d38e3bcc041bf88490b97a27906242e622f0cea0fc5daa542d85b02854f,raw/sword2-rust/5zliA/5zliA_A/summary.json,852565f25306c3b1027403f6222238477feb45276df12a0da8342175df97829e,e3b0c44298fc1c149afbf4c8996fb92427ae41e4649b934ca495991b7852b855,0f48cbe5b346bef61d7124e0368ce15651b3ae6920240113a6a04b3404914a12,696355a5d230f7607fccf47600c3149601c3fe872aaebc65fde3ff9da7d61f28,factorized,factorized,False,,,0,0d9e5fdba57c30b9b0e238876011815027bab365040d0c605f74fba1987f67c5,b45f6d311a33a790cfe03615f347a4626e5c0a6412309c39e4d07882f98a09c0,770c3d348365b7f744f2eaee964b61cc57615c10f8ca9a47a061ac03ee1c343e
cath663,5zxlA,5zxl,A,sword2-rust,factorized,factorized-accuracy,,,False,0,1.0721956808120012,18600,"[""/home/chili/cretin/PROJECTS/SWORD2/target/release/sword2"",""-i"",""/home/chili/cretin/PROJECTS/SWORD2/benchmark/cache/chains/5zxlA.pdb"",""-o"",""/home/chili/cretin/PROJECTS/SWORD2/benchmark/results_factorized_locked_model_attempt6/raw/sword2-rust/5zxlA"",""-j"",""1"",""--use-factorized-ranker""]","[""<binary>"",""-i"",""<input_structure>"",""-o"",""<process_output>"",""-j"",""1"",""--use-factorized-ranker""]",repository_root,cbc57a38e6629b0ca093b23efea8c14287d3760996b9e66f1a1b8028c43284e4,raw/sword2-rust/5zxlA/5zxlA_A/summary.json,9eee8a946f4302f921de00ea3470bbef14c50914c7f4a7e3ecc677f09086335f,e3b0c44298fc1c149afbf4c8996fb92427ae41e4649b934ca495991b7852b855,f716ea40760965dd9e381802dcb033ad03659868f199852bf75de8bf65ee85bc,696355a5d230f7607fccf47600c3149601c3fe872aaebc65fde3ff9da7d61f28,factorized,factorized,False,,,0,0d9e5fdba57c30b9b0e238876011815027bab365040d0c605f74fba1987f67c5,b45f6d311a33a790cfe03615f347a4626e5c0a6412309c39e4d07882f98a09c0,770c3d348365b7f744f2eaee964b61cc57615c10f8ca9a47a061ac03ee1c343e
cath663,6abwA,6abw,A,sword2-rust,factorized,factorized-accuracy,,,False,0,0.9383178930729628,20888,"[""/home/chili/cretin/PROJECTS/SWORD2/target/release/sword2"",""-i"",""/home/chili/cretin/PROJECTS/SWORD2/benchmark/cache/chains/6abwA.pdb"",""-o"",""/home/chili/cretin/PROJECTS/SWORD2/benchmark/results_factorized_locked_model_attempt6/raw/sword2-rust/6abwA"",""-j"",""1"",""--use-factorized-ranker""]","[""<binary>"",""-i"",""<input_structure>"",""-o"",""<process_output>"",""-j"",""1"",""--use-factorized-ranker""]",repository_root,3382d221913400aa0cb898ab196431174a4c02660fe54b566785fe766c4932a4,raw/sword2-rust/6abwA/6abwA_A/summary.json,afb50df2f2b5eb14511c28b3ac78eca100ada234502b5ec75cf740decfb29f33,e3b0c44298fc1c149afbf4c8996fb92427ae41e4649b934ca495991b7852b855,22fa4b8bf442563d2b9b9160a2fa238603fc4bb099d44847841deb7b2282af4e,696355a5d230f7607fccf47600c3149601c3fe872aaebc65fde3ff9da7d61f28,factorized,factorized,False,,,0,0d9e5fdba57c30b9b0e238876011815027bab365040d0c605f74fba1987f67c5,b45f6d311a33a790cfe03615f347a4626e5c0a6412309c39e4d07882f98a09c0,770c3d348365b7f744f2eaee964b61cc57615c10f8ca9a47a061ac03ee1c343e
cath663,6abxA,6abx,A,sword2-rust,factorized,factorized-accuracy,,,False,0,1.0734445629641414,23360,"[""/home/chili/cretin/PROJECTS/SWORD2/target/release/sword2"",""-i"",""/home/chili/cretin/PROJECTS/SWORD2/benchmark/cache/chains/6abxA.pdb"",""-o"",""/home/chili/cretin/PROJECTS/SWORD2/benchmark/results_factorized_locked_model_attempt6/raw/sword2-rust/6abxA"",""-j"",""1"",""--use-factorized-ranker""]","[""<binary>"",""-i"",""<input_structure>"",""-o"",""<process_output>"",""-j"",""1"",""--use-factorized-ranker""]",repository_root,916fcf046a5c20f9fbf957b9acc4c0f9feff4d5f6c07aa6fcb548d64cb6f4e13,raw/sword2-rust/6abxA/6abxA_A/summary.json,007728ae6936962d1d5495b23fc218a27fb71773f4fb1366eca3d7ae3661e4ed,e3b0c44298fc1c149afbf4c8996fb92427ae41e4649b934ca495991b7852b855,17f02e81932306b5df8a9b58256aeba87b25a1507397d988aff96788e9877020,696355a5d230f7607fccf47600c3149601c3fe872aaebc65fde3ff9da7d61f28,factorized,factorized,False,,,0,0d9e5fdba57c30b9b0e238876011815027bab365040d0c605f74fba1987f67c5,b45f6d311a33a790cfe03615f347a4626e5c0a6412309c39e4d07882f98a09c0,770c3d348365b7f744f2eaee964b61cc57615c10f8ca9a47a061ac03ee1c343e
cath663,6an0A,6an0,A,sword2-rust,factorized,factorized-accuracy,,,False,0,1.0552110890857875,24768,"[""/home/chili/cretin/PROJECTS/SWORD2/target/release/sword2"",""-i"",""/home/chili/cretin/PROJECTS/SWORD2/benchmark/cache/chains/6an0A.pdb"",""-o"",""/home/chili/cretin/PROJECTS/SWORD2/benchmark/results_factorized_locked_model_attempt6/raw/sword2-rust/6an0A"",""-j"",""1"",""--use-factorized-ranker""]","[""<binary>"",""-i"",""<input_structure>"",""-o"",""<process_output>"",""-j"",""1"",""--use-factorized-ranker""]",repository_root,fb1c2461557cfa3bc4d3953b54a83277d5448ddaa5d651949ac6407d6a698d90,raw/sword2-rust/6an0A/6an0A_A/summary.json,77a13603611b1405237a6017995161898ef5e3a79ccb513ea045ace40f26607f,e3b0c44298fc1c149afbf4c8996fb92427ae41e4649b934ca495991b7852b855,2c887880a94b3b837aaf7df6f148819a8e5a83328fb8c44879f63806767d3c2b,696355a5d230f7607fccf47600c3149601c3fe872aaebc65fde3ff9da7d61f28,factorized,factorized,False,,,0,0d9e5fdba57c30b9b0e238876011815027bab365040d0c605f74fba1987f67c5,b45f6d311a33a790cfe03615f347a4626e5c0a6412309c39e4d07882f98a09c0,770c3d348365b7f744f2eaee964b61cc57615c10f8ca9a47a061ac03ee1c343e
cath663,6at7B,6at7,B,sword2-rust,factorized,factorized-accuracy,,,False,0,2.2819820097647607,62920,"[""/home/chili/cretin/PROJECTS/SWORD2/target/release/sword2"",""-i"",""/home/chili/cretin/PROJECTS/SWORD2/benchmark/cache/chains/6at7B.pdb"",""-o"",""/home/chili/cretin/PROJECTS/SWORD2/benchmark/results_factorized_locked_model_attempt6/raw/sword2-rust/6at7B"",""-j"",""1"",""--use-factorized-ranker""]","[""<binary>"",""-i"",""<input_structure>"",""-o"",""<process_output>"",""-j"",""1"",""--use-factorized-ranker""]",repository_root,e618366fe1bc365bbf5ff8d0b6bc2b68d35cb57acbee1c4c56fa494ea4a170a8,raw/sword2-rust/6at7B/6at7B_B/summary.json,bb7b8af06d758ff0bff5d02902298bff58b26aaaf933d82a1576ba9c98f94d0f,e3b0c44298fc1c149afbf4c8996fb92427ae41e4649b934ca495991b7852b855,9b670a7af64b81ecb3ca7a1df38bb763189767aa87596a4b3d84efaa67c08ccb,696355a5d230f7607fccf47600c3149601c3fe872aaebc65fde3ff9da7d61f28,factorized,factorized,False,,,0,0d9e5fdba57c30b9b0e238876011815027bab365040d0c605f74fba1987f67c5,b45f6d311a33a790cfe03615f347a4626e5c0a6412309c39e4d07882f98a09c0,770c3d348365b7f744f2eaee964b61cc57615c10f8ca9a47a061ac03ee1c343e
cath663,6c5cA,6c5c,A,sword2-rust,factorized,factorized-accuracy,,,False,0,0.9067611591890454,23168,"[""/home/chili/cretin/PROJECTS/SWORD2/target/release/sword2"",""-i"",""/home/chili/cretin/PROJECTS/SWORD2/benchmark/cache/chains/6c5cA.pdb"",""-o"",""/home/chili/cretin/PROJECTS/SWORD2/benchmark/results_factorized_locked_model_attempt6/raw/sword2-rust/6c5cA"",""-j"",""1"",""--use-factorized-ranker""]","[""<binary>"",""-i"",""<input_structure>"",""-o"",""<process_output>"",""-j"",""1"",""--use-factorized-ranker""]",repository_root,3389d48758ca4718f2ec05bcad99f237ddec2d7b9ae486eddcaf91c0074228cf,raw/sword2-rust/6c5cA/6c5cA_A/summary.json,809509f6ef684a9597736dff4dea8084237c94b0d4c0eb547c6b80b0f13d5e0c,e3b0c44298fc1c149afbf4c8996fb92427ae41e4649b934ca495991b7852b855,d0c6c86b19c9fb647942dd571ca1d83b0b2a62ac9129972a07c000a5789bed35,696355a5d230f7607fccf47600c3149601c3fe872aaebc65fde3ff9da7d61f28,factorized,factorized,False,,,0,0d9e5fdba57c30b9b0e238876011815027bab365040d0c605f74fba1987f67c5,b45f6d311a33a790cfe03615f347a4626e5c0a6412309c39e4d07882f98a09c0,770c3d348365b7f744f2eaee964b61cc57615c10f8ca9a47a061ac03ee1c343e
cath663,6c5cB,6c5c,B,sword2-rust,factorized,factorized-accuracy,,,False,0,0.9142346130684018,22708,"[""/home/chili/cretin/PROJECTS/SWORD2/target/release/sword2"",""-i"",""/home/chili/cretin/PROJECTS/SWORD2/benchmark/cache/chains/6c5cB.pdb"",""-o"",""/home/chili/cretin/PROJECTS/SWORD2/benchmark/results_factorized_locked_model_attempt6/raw/sword2-rust/6c5cB"",""-j"",""1"",""--use-factorized-ranker""]","[""<binary>"",""-i"",""<input_structure>"",""-o"",""<process_output>"",""-j"",""1"",""--use-factorized-ranker""]",repository_root,6209b2d65599e33cb534fad2baacbeb3fc0d23a7c12439ce48353ef406f9ef12,raw/sword2-rust/6c5cB/6c5cB_B/summary.json,e105206c06f8e00e0e93abd2fb8eb67d6573b81e3cfc947a73aba02c7d94afeb,e3b0c44298fc1c149afbf4c8996fb92427ae41e4649b934ca495991b7852b855,feeaa5f3998c587de174c2e1455fd7176b05c81e6f165805500fcb25209b2420,696355a5d230f7607fccf47600c3149601c3fe872aaebc65fde3ff9da7d61f28,factorized,factorized,False,,,0,0d9e5fdba57c30b9b0e238876011815027bab365040d0c605f74fba1987f67c5,b45f6d311a33a790cfe03615f347a4626e5c0a6412309c39e4d07882f98a09c0,770c3d348365b7f744f2eaee964b61cc57615c10f8ca9a47a061ac03ee1c343e
cath663,6d1vA,6d1v,A,sword2-rust,factorized,factorized-accuracy,,,False,0,0.9263071711175144,12160,"[""/home/chili/cretin/PROJECTS/SWORD2/target/release/sword2"",""-i"",""/home/chili/cretin/PROJECTS/SWORD2/benchmark/cache/chains/6d1vA.pdb"",""-o"",""/home/chili/cretin/PROJECTS/SWORD2/benchmark/results_factorized_locked_model_attempt6/raw/sword2-rust/6d1vA"",""-j"",""1"",""--use-factorized-ranker""]","[""<binary>"",""-i"",""<input_structure>"",""-o"",""<process_output>"",""-j"",""1"",""--use-factorized-ranker""]",repository_root,314b30868f78d7176814fba8b63a76778582bf1cd6c6593de6e1d26589b923b1,raw/sword2-rust/6d1vA/6d1vA_A/summary.json,9b9ebd160732171f1abf29f6f34fb31fdcc3a903b42129605108318c0f7ec77b,e3b0c44298fc1c149afbf4c8996fb92427ae41e4649b934ca495991b7852b855,547f9add7c03a9185d6ef9f8fd725e09f2ed633bcabc68a662f17e2701391723,696355a5d230f7607fccf47600c3149601c3fe872aaebc65fde3ff9da7d61f28,factorized,factorized,False,,,0,0d9e5fdba57c30b9b0e238876011815027bab365040d0c605f74fba1987f67c5,b45f6d311a33a790cfe03615f347a4626e5c0a6412309c39e4d07882f98a09c0,770c3d348365b7f744f2eaee964b61cc57615c10f8ca9a47a061ac03ee1c343e
cath663,6eubA,6eub,A,sword2-rust,factorized,factorized-accuracy,,,False,0,0.8874470349401236,10880,"[""/home/chili/cretin/PROJECTS/SWORD2/target/release/sword2"",""-i"",""/home/chili/cretin/PROJECTS/SWORD2/benchmark/cache/chains/6eubA.pdb"",""-o"",""/home/chili/cretin/PROJECTS/SWORD2/benchmark/results_factorized_locked_model_attempt6/raw/sword2-rust/6eubA"",""-j"",""1"",""--use-factorized-ranker""]","[""<binary>"",""-i"",""<input_structure>"",""-o"",""<process_output>"",""-j"",""1"",""--use-factorized-ranker""]",repository_root,b46f6d7e683446ca8b323f05288f0eb73d22287698ef0e3cb752cfc604b4b472,raw/sword2-rust/6eubA/6eubA_A/summary.json,014facb2c811a98843b03bd2076f4f5698b848c290cca0352d1fa2ad59efe66d,e3b0c44298fc1c149afbf4c8996fb92427ae41e4649b934ca495991b7852b855,f72dee2d08702b3a3d119e38620bf0633350196515576059fefd5065e7337c82,696355a5d230f7607fccf47600c3149601c3fe872aaebc65fde3ff9da7d61f28,factorized,factorized,False,,,0,0d9e5fdba57c30b9b0e238876011815027bab365040d0c605f74fba1987f67c5,b45f6d311a33a790cfe03615f347a4626e5c0a6412309c39e4d07882f98a09c0,770c3d348365b7f744f2eaee964b61cc57615c10f8ca9a47a061ac03ee1c343e
cath663,6grrB,6grr,B,sword2-rust,factorized,factorized-accuracy,,,False,0,1.9398174630478024,58736,"[""/home/chili/cretin/PROJECTS/SWORD2/target/release/sword2"",""-i"",""/home/chili/cretin/PROJECTS/SWORD2/benchmark/cache/chains/6grrB.pdb"",""-o"",""/home/chili/cretin/PROJECTS/SWORD2/benchmark/results_factorized_locked_model_attempt6/raw/sword2-rust/6grrB"",""-j"",""1"",""--use-factorized-ranker""]","[""<binary>"",""-i"",""<input_structure>"",""-o"",""<process_output>"",""-j"",""1"",""--use-factorized-ranker""]",repository_root,ff435c816a02edeb093cee460d66f50ebcfed06a57eae9dd9ec00874604c3d0e,raw/sword2-rust/6grrB/6grrB_B/summary.json,bc82974dab79ebf90b565cf68367e70992fe689572a4cbf3a23d7a7756e38997,e3b0c44298fc1c149afbf4c8996fb92427ae41e4649b934ca495991b7852b855,b8266fdac638beb9c95209b601c2e50bf8b846f0f2be531463669e91962021c5,696355a5d230f7607fccf47600c3149601c3fe872aaebc65fde3ff9da7d61f28,factorized,factorized,False,,,0,0d9e5fdba57c30b9b0e238876011815027bab365040d0c605f74fba1987f67c5,b45f6d311a33a790cfe03615f347a4626e5c0a6412309c39e4d07882f98a09c0,770c3d348365b7f744f2eaee964b61cc57615c10f8ca9a47a061ac03ee1c343e
cath663,6hjfA,6hjf,A,sword2-rust,factorized,factorized-accuracy,,,False,0,1.2195774647407234,21288,"[""/home/chili/cretin/PROJECTS/SWORD2/target/release/sword2"",""-i"",""/home/chili/cretin/PROJECTS/SWORD2/benchmark/cache/chains/6hjfA.pdb"",""-o"",""/home/chili/cretin/PROJECTS/SWORD2/benchmark/results_factorized_locked_model_attempt6/raw/sword2-rust/6hjfA"",""-j"",""1"",""--use-factorized-ranker""]","[""<binary>"",""-i"",""<input_structure>"",""-o"",""<process_output>"",""-j"",""1"",""--use-factorized-ranker""]",repository_root,d485acb3d4d1907ddf2f2cdb09a1a83ed31e85c977ea07d86d466b5a2fd21108,raw/sword2-rust/6hjfA/6hjfA_A/summary.json,e1c7ab7a617609225b205833ac8606bfef1c2fc0bceabbff1efc353227d578c3,e3b0c44298fc1c149afbf4c8996fb92427ae41e4649b934ca495991b7852b855,9adc646cdfd34714c4e9ba1384b8d55a3a415da56aae0a6dac47281f46a73bb3,696355a5d230f7607fccf47600c3149601c3fe872aaebc65fde3ff9da7d61f28,factorized,factorized,False,,,0,0d9e5fdba57c30b9b0e238876011815027bab365040d0c605f74fba1987f67c5,b45f6d311a33a790cfe03615f347a4626e5c0a6412309c39e4d07882f98a09c0,770c3d348365b7f744f2eaee964b61cc57615c10f8ca9a47a061ac03ee1c343e
cath663,6ig5A,6ig5,A,sword2-rust,factorized,factorized-accuracy,,,False,0,1.6185325835831463,31408,"[""/home/chili/cretin/PROJECTS/SWORD2/target/release/sword2"",""-i"",""/home/chili/cretin/PROJECTS/SWORD2/benchmark/cache/chains/6ig5A.pdb"",""-o"",""/home/chili/cretin/PROJECTS/SWORD2/benchmark/results_factorized_locked_model_attempt6/raw/sword2-rust/6ig5A"",""-j"",""1"",""--use-factorized-ranker""]","[""<binary>"",""-i"",""<input_structure>"",""-o"",""<process_output>"",""-j"",""1"",""--use-factorized-ranker""]",repository_root,6dad553b15b0b3a5043987ae3a2807ba60c7ac44c4c904bb5c63adfdbcf594c3,raw/sword2-rust/6ig5A/6ig5A_A/summary.json,c47d66a8d2f9f0fa49afeb6b0adb8b7e9814816e768401573f3c5925914951eb,e3b0c44298fc1c149afbf4c8996fb92427ae41e4649b934ca495991b7852b855,bc9f35d2d76d55633b5c4de189389eb2770ae62b9241b6c957611cd27a7e04f7,696355a5d230f7607fccf47600c3149601c3fe872aaebc65fde3ff9da7d61f28,factorized,factorized,False,,,0,0d9e5fdba57c30b9b0e238876011815027bab365040d0c605f74fba1987f67c5,b45f6d311a33a790cfe03615f347a4626e5c0a6412309c39e4d07882f98a09c0,770c3d348365b7f744f2eaee964b61cc57615c10f8ca9a47a061ac03ee1c343e
cath663,6iowA,6iow,A,sword2-rust,factorized,factorized-accuracy,,,False,0,0.9934219368733466,19800,"[""/home/chili/cretin/PROJECTS/SWORD2/target/release/sword2"",""-i"",""/home/chili/cretin/PROJECTS/SWORD2/benchmark/cache/chains/6iowA.pdb"",""-o"",""/home/chili/cretin/PROJECTS/SWORD2/benchmark/results_factorized_locked_model_attempt6/raw/sword2-rust/6iowA"",""-j"",""1"",""--use-factorized-ranker""]","[""<binary>"",""-i"",""<input_structure>"",""-o"",""<process_output>"",""-j"",""1"",""--use-factorized-ranker""]",repository_root,847fe70053bc6763197093561c015c2415fc3875948819bea1388339dcfde192,raw/sword2-rust/6iowA/6iowA_A/summary.json,29da483b5807fa6fb5c7143a266b8f0761770b79ce1c0375650d21137921dff7,e3b0c44298fc1c149afbf4c8996fb92427ae41e4649b934ca495991b7852b855,2fc736b4b578675485ea2e8b64ba81c9e4d3aaf718e466510df8f851180cdb70,696355a5d230f7607fccf47600c3149601c3fe872aaebc65fde3ff9da7d61f28,factorized,factorized,False,,,0,0d9e5fdba57c30b9b0e238876011815027bab365040d0c605f74fba1987f67c5,b45f6d311a33a790cfe03615f347a4626e5c0a6412309c39e4d07882f98a09c0,770c3d348365b7f744f2eaee964b61cc57615c10f8ca9a47a061ac03ee1c343e
cath663,6md5A,6md5,A,sword2-rust,factorized,factorized-accuracy,,,False,0,0.7130005592480302,15512,"[""/home/chili/cretin/PROJECTS/SWORD2/target/release/sword2"",""-i"",""/home/chili/cretin/PROJECTS/SWORD2/benchmark/cache/chains/6md5A.pdb"",""-o"",""/home/chili/cretin/PROJECTS/SWORD2/benchmark/results_factorized_locked_model_attempt6/raw/sword2-rust/6md5A"",""-j"",""1"",""--use-factorized-ranker""]","[""<binary>"",""-i"",""<input_structure>"",""-o"",""<process_output>"",""-j"",""1"",""--use-factorized-ranker""]",repository_root,203067e6db84b3a4bac36ad016664e452269cc5c5ebec9cd35cd01c23d81f580,raw/sword2-rust/6md5A/6md5A_A/summary.json,1f134dd2598c1d94f3d2204a447a3e88f29e2d1375bb8d9616046cc723105d16,e3b0c44298fc1c149afbf4c8996fb92427ae41e4649b934ca495991b7852b855,c49e6b1d4b91346ac992df31e22f8dfcd45e69ab539c96ea6afb52cd527fa00b,696355a5d230f7607fccf47600c3149601c3fe872aaebc65fde3ff9da7d61f28,factorized,factorized,False,,,0,0d9e5fdba57c30b9b0e238876011815027bab365040d0c605f74fba1987f67c5,b45f6d311a33a790cfe03615f347a4626e5c0a6412309c39e4d07882f98a09c0,770c3d348365b7f744f2eaee964b61cc57615c10f8ca9a47a061ac03ee1c343e
cath663,6mx3A,6mx3,A,sword2-rust,factorized,factorized-accuracy,,,False,0,0.4371975529938936,10240,"[""/home/chili/cretin/PROJECTS/SWORD2/target/release/sword2"",""-i"",""/home/chili/cretin/PROJECTS/SWORD2/benchmark/cache/chains/6mx3A.pdb"",""-o"",""/home/chili/cretin/PROJECTS/SWORD2/benchmark/results_factorized_locked_model_attempt6/raw/sword2-rust/6mx3A"",""-j"",""1"",""--use-factorized-ranker""]","[""<binary>"",""-i"",""<input_structure>"",""-o"",""<process_output>"",""-j"",""1"",""--use-factorized-ranker""]",repository_root,bd3e9bc3e99b38c6dad91724b5cadec8b09640f9909da8b139c64b07d530603a,raw/sword2-rust/6mx3A/6mx3A_A/summary.json,6102499068151903c70141cab84a191f267f210a8eb60e7ff9b68d9f720991f6,e3b0c44298fc1c149afbf4c8996fb92427ae41e4649b934ca495991b7852b855,51117efcb68afe64b023983a711dcabc544eed1c949de6e73109d7ec3dddbd0c,696355a5d230f7607fccf47600c3149601c3fe872aaebc65fde3ff9da7d61f28,factorized,factorized,False,,,0,0d9e5fdba57c30b9b0e238876011815027bab365040d0c605f74fba1987f67c5,b45f6d311a33a790cfe03615f347a4626e5c0a6412309c39e4d07882f98a09c0,770c3d348365b7f744f2eaee964b61cc57615c10f8ca9a47a061ac03ee1c343e
cath663,6mx3B,6mx3,B,sword2-rust,factorized,factorized-accuracy,,,False,0,0.5842314758338034,10560,"[""/home/chili/cretin/PROJECTS/SWORD2/target/release/sword2"",""-i"",""/home/chili/cretin/PROJECTS/SWORD2/benchmark/cache/chains/6mx3B.pdb"",""-o"",""/home/chili/cretin/PROJECTS/SWORD2/benchmark/results_factorized_locked_model_attempt6/raw/sword2-rust/6mx3B"",""-j"",""1"",""--use-factorized-ranker""]","[""<binary>"",""-i"",""<input_structure>"",""-o"",""<process_output>"",""-j"",""1"",""--use-factorized-ranker""]",repository_root,75e54a3f52cd20d2286b93999e5e99d8dde3a2b9ceec30ac6833824ac3d31e78,raw/sword2-rust/6mx3B/6mx3B_B/summary.json,5f5212ea19477727c9fc206919efc7044ab24586345c9ecbe0c3c46769abf319,e3b0c44298fc1c149afbf4c8996fb92427ae41e4649b934ca495991b7852b855,12005584f3fe9ec8c1d34d4d8d4d408ddc20d7aa02b1ebca67b72e0eed4a0c37,696355a5d230f7607fccf47600c3149601c3fe872aaebc65fde3ff9da7d61f28,factorized,factorized,False,,,0,0d9e5fdba57c30b9b0e238876011815027bab365040d0c605f74fba1987f67c5,b45f6d311a33a790cfe03615f347a4626e5c0a6412309c39e4d07882f98a09c0,770c3d348365b7f744f2eaee964b61cc57615c10f8ca9a47a061ac03ee1c343e
cath663,6n1mA,6n1m,A,sword2-rust,factorized,factorized-accuracy,,,False,0,1.09297907166183,26788,"[""/home/chili/cretin/PROJECTS/SWORD2/target/release/sword2"",""-i"",""/home/chili/cretin/PROJECTS/SWORD2/benchmark/cache/chains/6n1mA.pdb"",""-o"",""/home/chili/cretin/PROJECTS/SWORD2/benchmark/results_factorized_locked_model_attempt6/raw/sword2-rust/6n1mA"",""-j"",""1"",""--use-factorized-ranker""]","[""<binary>"",""-i"",""<input_structure>"",""-o"",""<process_output>"",""-j"",""1"",""--use-factorized-ranker""]",repository_root,6b83dd2814501fec8dc1593b3f0b2f947a025ce215a2d0629fff58cf66b8c7d1,raw/sword2-rust/6n1mA/6n1mA_A/summary.json,5211f302afc89e6fb88a36d1c72eb1cbb02c0b3e2c2dcccebceda7f0f6feb462,e3b0c44298fc1c149afbf4c8996fb92427ae41e4649b934ca495991b7852b855,7a3d329241072c0ec1c04e48c004bce85e4acf0030032e4a254a7ae31ace3409,696355a5d230f7607fccf47600c3149601c3fe872aaebc65fde3ff9da7d61f28,factorized,factorized,False,,,0,0d9e5fdba57c30b9b0e238876011815027bab365040d0c605f74fba1987f67c5,b45f6d311a33a790cfe03615f347a4626e5c0a6412309c39e4d07882f98a09c0,770c3d348365b7f744f2eaee964b61cc57615c10f8ca9a47a061ac03ee1c343e
cath663,6qnvA,6qnv,A,sword2-rust,factorized,factorized-accuracy,,,False,0,0.47391045186668634,12296,"[""/home/chili/cretin/PROJECTS/SWORD2/target/release/sword2"",""-i"",""/home/chili/cretin/PROJECTS/SWORD2/benchmark/cache/chains/6qnvA.pdb"",""-o"",""/home/chili/cretin/PROJECTS/SWORD2/benchmark/results_factorized_locked_model_attempt6/raw/sword2-rust/6qnvA"",""-j"",""1"",""--use-factorized-ranker""]","[""<binary>"",""-i"",""<input_structure>"",""-o"",""<process_output>"",""-j"",""1"",""--use-factorized-ranker""]",repository_root,1c8be4028b5c9711e742bea4da2fa73dc5046f3f0b39429abf9fdbe5dc101b40,raw/sword2-rust/6qnvA/6qnvA_A/summary.json,fc5e22adade32b7c9d7333c414154f190d83604576fac89fba173bc4da3aad6a,e3b0c44298fc1c149afbf4c8996fb92427ae41e4649b934ca495991b7852b855,7a6390c8e0f7432de2c07768ac13a41ed16796c6be2a59c4e5be133165f70f28,696355a5d230f7607fccf47600c3149601c3fe872aaebc65fde3ff9da7d61f28,factorized,factorized,False,,,0,0d9e5fdba57c30b9b0e238876011815027bab365040d0c605f74fba1987f67c5,b45f6d311a33a790cfe03615f347a4626e5c0a6412309c39e4d07882f98a09c0,770c3d348365b7f744f2eaee964b61cc57615c10f8ca9a47a061ac03ee1c343e
