chain_id,num_domains,min_size,max_cr,density_min,mean_density,delineation,boundary_coil_fraction,energy_z,modal_count_distance,domain_q1_mean,domain_q2_mean,domain_q3_mean,domain_q3_min,domain_vol_ratio_mean,domain_density_mean,domain_density_min,contact_q_mean,contact_q_max,n_segments,n_discontinuous,size_balance,largest_domain_fraction,min_segment_size,mean_segment_size,n_true_domains,n_pred_domains,ndo,iou,boundary_f1_10,matched_dice,d_count_acc,S,is_oracle_s,ranker_score
1chkA,2,88,0.084644,3.777636,3.821337,0-29;118-237 30-117,0.307692,-1.9640586047418755,0.0,1.2321210306551995,0.998122730030815,0.847233965862185,0.8243099807336195,1.0421358620363756,0.9649735274198898,0.8927488842911387,0.0276442225664461,0.0276442225664461,3.0,1.0,0.5866666666666667,0.6302521008403361,30.0,79.33333333333333,2,2,0.9411764705882352,0.9425490196078432,1.0,0.970377050277393,1.0,0.9708205080946944,1,0.95600056391814
3zokA,2,175,0.188568,3.964553,3.967619,0-174 175-364,0.5,-3.0482533091728445,0.0,1.25075640665207,1.0173068609708928,0.89576658689437,0.8661990262311551,1.1379752568828772,0.8797826261447261,0.8496959810152899,0.2684556721034487,0.2684556721034487,2.0,0.0,0.9210526315789472,0.5205479452054794,175.0,182.5,2,2,0.9945205479452056,0.9945362035225048,1.0,0.9972606036405436,1.0,0.9972634710216508,1,0.8818692778105608
3tlkA,2,120,0.187799,3.726087,3.7744,0-119 120-295,0.8125,-2.066676683661084,0.0,1.4857220262860096,1.0652074886566736,0.7449749596455579,0.7081084114228787,1.1756080426297613,0.8522156384664757,0.815381951363952,0.2302888325767431,0.2302888325767431,2.0,0.0,0.6818181818181818,0.5945945945945946,120.0,148.0,2,2,0.9932432432432432,0.9932713963963964,1.0,0.9966239041203186,1.0,0.9966277087519916,1,0.7655320898178495
4qkuA,2,129,0.183901,3.64583,3.804995,0-128 129-420,0.875,-1.935042523833688,0.0,1.3296393941342526,1.0425762305059911,0.8740269646639498,0.8477703727025703,1.2099814450811706,0.8265089635401115,0.8200798916694374,0.2599344690994772,0.2599344690994772,2.0,0.0,0.4417808219178082,0.6935866983372921,129.0,210.5,2,2,0.97624703087886,0.9767073597377968,1.0,0.9881904624792366,1.0,0.9882289706191788,1,0.8175472631302035
1ym5A,2,143,0.194687,3.75752,3.844274,0-124;268-293 125-267,0.5,-1.9891865056712523,0.0,1.3342614770723975,1.001228946027758,0.8540653566993788,0.8268836891743124,1.143543625613971,0.8818606900934363,0.8011551117680994,0.2488312186522368,0.2488312186522368,3.0,1.0,0.9470198675496688,0.5136054421768708,26.0,98.0,2,2,0.8979591836734694,0.9030274361400188,0.5,0.9490416051356936,1.0,0.8500056449898363,1,0.9147364587944505
1ycnA,2,151,0.095051,3.750946,3.79383,0-76;238-311 77-237,0.461538,-2.1799971191153853,0.0,1.590754591465794,0.9950231766777082,0.700120278920143,0.6569093327241461,1.1053231254668945,0.9055145515784468,0.878570514608094,0.0639765913322465,0.0639765913322465,3.0,1.0,0.937888198757764,0.5160256410256411,74.0,104.0,4,2,0.4758620689655172,0.4612522313981673,1.0,0.3426696213955733,0.0,0.5226234510185183,0,0.8661818820446803
4lojA,1,180,0.0,0.0,0.0,0-179,0.333333,-2.38582152066235,1.0,1.4391427736017652,1.2341793053223349,0.8031093685288054,0.8031093685288054,1.426450919583661,0.7010405940162815,0.7010405940162815,0.0,0.0,1.0,0.0,1.0,1.0,180.0,180.0,2,1,0.7833333333333333,0.6605555555555556,0.0,0.6881619937694704,0.0,0.5264101765316719,0,0.603685231526001
2g5dA,2,180,0.05745,3.689121,3.861053,0-102;283-381 103-282,0.576923,-2.6657556515471006,0.0,1.4253241162638297,1.0966600114401155,0.7885274502121862,0.7298889668264049,1.2223364777164505,0.826906724954566,0.7415959741513531,0.0090180566118162,0.0090180566118162,3.0,1.0,0.8910891089108911,0.5287958115183246,99.0,127.33333333333331,3,2,0.8753280839895013,0.8150902754317427,0.4,0.8229133718855624,0.0,0.6826663462613612,0,0.8164030244592917
2x4lA,2,143,0.188007,3.813106,3.814491,0-142 143-297,0.8125,-2.884537595067248,0.0,1.3536383542470647,0.9978851496592108,0.9147439663535354,0.8591248727071846,1.225182751395529,0.8173437011858097,0.786833012775432,0.2347785564249836,0.2347785564249836,2.0,0.0,0.9225806451612903,0.5201342281879194,143.0,149.0,2,2,0.9826388888888888,0.9664727297791814,0.0,0.9829429837522294,1.0,0.7864109204840599,1,0.934876258634596
2hiyA,2,75,0.218529,3.327525,3.355278,0-74 75-176,0.3125,-2.035095604423229,0.0,1.3897644464488312,1.0743153424906786,0.7612728275468179,0.7280010797845624,1.130601640142797,0.885237493494339,0.8594249861079563,0.175347242874461,0.175347242874461,2.0,0.0,0.7352941176470589,0.576271186440678,75.0,88.5,2,2,0.8757062146892656,0.8824083305638639,0.0,0.9375011022885602,1.0,0.7391231295083379,1,0.910550856182215
4z9mC,2,98,0.171832,3.511846,3.702173,0-97 98-374,0.933333,-2.725539736966001,0.0,1.462467368683145,1.058407952496361,0.806641353832093,0.7607540384819307,1.2401705214627077,0.8063652599345933,0.8019175157545605,0.2132325830109347,0.2132325830109347,2.0,0.0,0.3537906137184115,0.7386666666666667,98.0,187.5,2,2,0.9973190348525468,0.9947474968539696,0.0,0.9973466736685002,1.0,0.7978826410750033,1,0.7957286656099846
5zliA,2,106,0.123624,3.478075,3.730054,0-105 106-473,0.5625,-2.865280849838621,0.0,1.5476299047084667,1.0364389748162348,0.8168913553989849,0.7379656675823778,1.3055918200949743,0.7705780414534575,0.7107706573744907,0.1448584164334136,0.1448584164334136,2.0,0.0,0.2880434782608695,0.7763713080168776,106.0,237.0,2,2,0.987012987012987,0.9748729531338226,1.0,0.9872282413718878,1.0,0.9898228363037396,1,0.7799744104126275
2af4C,2,154,0.098441,3.980169,4.085432,0-143;298-330 144-297,0.653846,-3.10286063763178,0.0,1.2676576420793944,1.051793921761197,0.8113400837006243,0.7627835592072645,1.0749886159095794,0.9328611055943052,0.8834356066119814,0.0871211738978846,0.0871211738978846,3.0,1.0,0.8700564971751412,0.5347432024169184,33.0,110.33333333333331,2,2,0.9637462235649548,0.9643606943519896,1.0,0.9818561912301108,1.0,0.981992621829411,1,0.9169205555815438
4pm4A,2,143,0.115631,3.794454,3.82527,0-142 143-289,0.125,-2.3767689043351785,0.0,1.250146228115886,1.008031745464858,0.8786606432912472,0.869565467745982,1.1001252286010896,0.9091822790425732,0.8958722532094325,0.0981065405941813,0.0981065405941813,2.0,0.0,0.9727891156462584,0.506896551724138,143.0,145.0,2,2,0.9310344827586208,0.9334458644803472,1.0,0.9655747784002734,1.0,0.9660110251278482,1,0.9565864877207989
5ti1A,2,131,0.183539,3.707208,3.842362,0-130 131-425,0.875,-2.2921598222343462,0.0,1.31697687818873,1.0608435320655394,0.8712827900865739,0.8643304924382438,1.2166196838623662,0.8234421079523644,0.7883844953972265,0.2860360973583445,0.2860360973583445,2.0,0.0,0.4440677966101695,0.6924882629107981,131.0,213.0,2,2,0.976525821596244,0.9769738021001324,1.0,0.9883277693167474,1.0,0.9883654786026248,1,0.8017213330962794
2hzmA,2,81,0.181545,3.302957,3.499066,0-34;116-204 35-115,0.192308,-2.057667816254245,0.0,1.5317028107889576,1.0917550142389276,0.8205292787509647,0.7983643241345111,1.3578780914951467,0.7456578039006432,0.6627663747057563,0.1653165432763789,0.1653165432763789,3.0,1.0,0.6532258064516129,0.6048780487804878,35.0,68.33333333333333,2,2,0.9609756097560976,0.9616050354051928,1.0,0.980412654215422,1.0,0.9805986598753424,1,0.7173032071651257
3bh7B,2,127,0.087502,3.677235,3.85087,0-186 187-313,0.9375,-3.170708501371632,0.0,1.2698700068333149,1.0321508104560362,0.8513682443137527,0.8491689505206399,1.1161240356862234,0.8969234341380978,0.8674933738621482,0.0535329702268092,0.0535329702268092,2.0,0.0,0.679144385026738,0.5955414012738853,127.0,157.0,2,2,0.961783439490446,0.9626861928883094,1.0,0.9809720134525752,1.0,0.981088329166266,1,0.9686706383539981
4jc8B,5,35,0.233347,3.174106,3.509417,0-134 135-232;439-581 233-343 344-378 379-438,0.696429,-1.8857483873695355,3.0,1.5514666129991352,1.022114039388526,0.7487881745963674,0.4508939359341099,1.1663070824178592,0.9043520104492008,0.6663152979120939,0.051464709457618,0.1750683683525748,6.0,1.0,0.1452282157676348,0.4140893470790378,35.0,97.0,4,5,0.9243986254295532,0.9262309107242164,0.888888888888889,0.955931471920874,0.0,0.8390899793927066,0,0.6913121796727804
3l2dB,2,104,0.151153,3.438308,3.65551,0-103 104-378,1.0,-2.532232927858325,0.0,1.5412622973997545,1.0521756785196827,0.8362449037266892,0.8233132444809057,1.3505241731125093,0.7404591655344692,0.7383645437132366,0.1758945083907319,0.1758945083907319,2.0,0.0,0.3781818181818182,0.7255936675461742,104.0,189.5,2,2,0.9973474801061007,0.9947969802081208,0.0,0.99737323272643,1.0,0.7979035386081303,1,0.7993159603912584
2pw0B,2,148,0.131833,3.942347,3.961668,0-175;324-340 176-323,0.375,-2.168111549262444,0.0,1.4298910977089596,0.950531522125478,0.8245063343478443,0.8054966406177493,1.122494556364019,0.8961133299118502,0.827585936406138,0.3503009658895094,0.3503009658895094,3.0,1.0,0.7668393782383419,0.5659824046920822,17.0,113.66666666666669,2,2,0.9245562130177516,0.923460836359523,1.0,0.9602066395074884,1.0,0.9616447377769526,1,0.8749859700919107
1yu2A,3,44,0.179673,3.449496,3.741574,0-43 44-136 137-376,0.423077,-1.798504904950801,1.0,1.3405706343829331,1.0504106598605685,0.7773044783335673,0.7057583366281456,1.0910088212123534,0.9220751682827512,0.8589386995603909,0.0820098627842056,0.2460295883526168,3.0,0.0,0.1833333333333333,0.636604774535809,44.0,125.66666666666669,3,3,0.6392572944297082,0.6885811028052407,0.4,0.810430873718929,1.0,0.7076538541907755,1,0.7996817899597667
2pfmA,2,65,0.055797,3.583899,3.755242,0-347;413-433 348-412,0.730769,-2.557922273892448,0.0,1.798293459086055,0.9375050893659188,0.7493153283122674,0.7321380387021016,1.2521527445232412,0.829905034854872,0.6687846442759007,0.0248212669670545,0.0248212669670545,3.0,1.0,0.1761517615176151,0.8502304147465438,21.0,144.66666666666666,3,2,0.684331797235023,0.6062840340464624,0.5,0.6484546850998464,0.0,0.5878141032762664,0,0.6208332320660462
4gicA,2,158,0.062205,3.777367,3.864881,0-30;232-358 31-231;359-373,0.638889,-3.0731486835389084,0.0,1.4316020213409382,1.1990893079458598,0.781428683308748,0.6814749348027143,1.317749582747307,0.759280625507216,0.7416131240141393,0.016621157044377,0.016621157044377,4.0,2.0,0.7314814814814815,0.5775401069518716,15.0,93.5,2,2,0.9075067024128688,0.9116638952048054,0.6666666666666666,0.953677742306837,1.0,0.8879030013182355,1,0.7384472094659921
1yfmA,4,39,0.184917,3.349835,3.615015,0-125 126-156;196-391 157-195 392-449,0.304348,-2.3684649173448427,2.0,1.7051566659865212,0.9541881980553544,0.7016436486611983,0.460559781083406,1.0848768277044114,0.9403675210920696,0.8177190366715332,0.075284887984058,0.2483334053913957,5.0,1.0,0.171806167400881,0.5044444444444445,31.0,90.0,3,4,0.8780760626398211,0.8770082171141081,0.6666666666666666,0.9333692521666108,0.0,0.7710240397174414,0,0.6906982438724961
1vdkB,4,39,0.193804,3.414401,3.732391,0-132 133-163;203-395 164-202 396-456,0.369565,-2.7516569178674226,2.0,1.6991166354480955,0.951389263378068,0.6629180395689168,0.4265286142373737,1.019639233307886,1.002415062431502,0.8967739617025503,0.0883492719023773,0.2780612446000752,5.0,1.0,0.1741071428571428,0.4901531728665207,31.0,91.4,3,4,0.8971553610503282,0.8980089760883557,0.6666666666666666,0.9448302802326952,0.0,0.7813322568076092,0,0.6924891358329462
2bh0A,2,97,0.183766,3.432185,3.63005,0-102 103-199,0.6875,-2.51758830741077,0.0,1.3438813104428262,1.0461766228786336,0.7786643488195448,0.7668868684369445,1.091169769902082,0.9213744540999638,0.8539993305770881,0.1758281509883149,0.1758281509883149,2.0,0.0,0.941747572815534,0.515,97.0,100.0,2,2,0.963917525773196,0.9518546072908916,1.0,0.9750640599285428,1.0,0.978167238598526,1,0.9672075440998581
2g6gA,2,191,0.054181,3.669941,3.800539,0-109;301-396 110-300,0.576923,-2.615308579070671,0.0,1.483586067851499,1.1084359736903573,0.7789662434530226,0.7219548069323314,1.265696560929945,0.7978876831599464,0.7189533793665218,0.003188669430682,0.003188669430682,3.0,1.0,0.9271844660194176,0.5188916876574308,96.0,132.33333333333334,2,2,1.0,1.0,1.0,1.0,1.0,1.0,1,0.7509269152495626
4bx8B,5,33,0.168308,3.1518,3.480436,0-140 141-241;479-569 242-351 352-445 446-478,0.625,-2.0001933841409003,3.0,1.527041731689564,1.0834275523703636,0.7553985515694691,0.6528970791611303,1.231820985962008,0.8578372708474185,0.5903605512622895,0.0408035307440921,0.1459965210302634,6.0,1.0,0.171875,0.3368421052631579,33.0,95.0,4,5,0.9280701754385964,0.928716744527924,0.888888888888889,0.961478411725092,0.0,0.8414308441161003,0,0.7131758242766217
5tprA,2,185,0.124225,3.753524,3.875834,0-184 185-399,0.5,-2.349097399273556,0.0,1.537301364756689,1.034685701301026,0.8585738395621355,0.8502184569585473,1.3706154878339285,0.7427132598620143,0.6440219920914858,0.1428003772221548,0.1428003772221548,2.0,0.0,0.8604651162790697,0.5375,185.0,200.0,2,2,0.995,0.9950135135135136,1.0,0.9975004873018568,1.0,0.997502800163074,1,0.7952224581353954
1pq4A,2,111,0.190703,3.616157,3.62996,0-143 144-254,0.1875,-1.7174815995838046,0.0,1.3741029952126915,1.1280611899816813,0.7520740754388964,0.7482489654504323,1.1618792841393009,0.8628963541016708,0.8191112573824628,0.2090210543222286,0.2090210543222286,2.0,0.0,0.7708333333333334,0.5647058823529412,111.0,127.5,2,2,0.9372549019607844,0.93951598657481,1.0,0.9687899004006756,1.0,0.969112157787254,1,0.8622043474886014
4s17A,2,96,0.117777,3.424659,3.639942,0-95 96-442,0.875,-2.133517618572967,0.0,1.5680867978899644,1.0669556995730227,0.7907611470678296,0.7253359975614194,1.3242875286781124,0.7620372933360096,0.6894498771424736,0.1214138122772541,0.1214138122772541,2.0,0.0,0.276657060518732,0.7832957110609481,96.0,221.5,2,2,0.9696969696969696,0.9551268650037316,1.0,0.9770459940856822,1.0,0.9803739657572768,1,0.7339341914976869
4bkwA,3,126,0.117873,3.591812,3.613639,0-198 199-352 353-478,0.961538,-2.116838949936327,1.0,1.3658030550286064,1.0849971004168737,0.872210374423692,0.8637754203090511,1.2930574959709529,0.7762931966800752,0.7124058785462808,0.0411980374009224,0.1059949210582903,3.0,0.0,0.6331658291457286,0.4154488517745303,126.0,159.66666666666666,3,3,0.7745302713987474,0.8140606783613047,0.3333333333333333,0.8925146007588743,1.0,0.7628877767704519,0,0.8570003524406417
3jpzA,2,89,0.162161,3.561495,3.770161,0-88 89-363,1.0,-3.5554570485152164,0.0,1.3671838872951845,1.0621462650874014,0.8221359983745167,0.7674986247696957,1.1830989840610662,0.8456534840657819,0.8269048268220521,0.2133779344542566,0.2133779344542566,2.0,0.0,0.3236363636363636,0.7554945054945055,89.0,182.0,2,2,0.9972375690607734,0.9945992923210628,0.0,0.9972689603214464,1.0,0.7978211643406565,1,0.8000972183409354
2o6yA,2,233,0.131893,3.954677,4.004271,0-201;311-341 202-310;342-513,0.361111,-2.534883034804648,0.0,1.5031172820406091,1.078431884532945,0.7929082774870613,0.7747666336546682,1.2875713091338414,0.7928457106701252,0.6795499385139162,0.1820859706584374,0.1820859706584374,4.0,2.0,0.8291814946619217,0.546692607003891,31.0,128.5,2,2,0.8521400778210116,0.8641973246939765,0.5,0.9270108610010062,1.0,0.8286696527031988,1,0.7074358558884946
2ifcA,2,107,0.161853,3.807186,3.829322,0-220;328-379 221-327,0.538462,-2.8016485005670866,0.0,1.4262518495227754,1.1223890512094128,0.7882856158853998,0.702867619975205,1.2773212506025369,0.817321594552382,0.6495628773801063,0.228938791415039,0.228938791415039,3.0,1.0,0.3919413919413919,0.718421052631579,52.0,126.66666666666669,2,2,0.9252873563218392,0.8925089868490008,1.0,0.942739260417368,1.0,0.9521071207176416,1,0.6844056892371119
2otnB,2,142,0.082567,3.718092,3.782987,0-130;273-287 131-272,0.346154,-2.130579075510365,0.0,1.4154892786068678,0.9977937481224312,0.7944026574371061,0.7891783790061403,1.1149178255942414,0.900022381680879,0.8472413953634323,0.035898332403024,0.035898332403024,3.0,1.0,0.9726027397260274,0.5069444444444444,15.0,96.0,2,2,0.9722222222222222,0.9726028111444778,1.0,0.9861111111111112,1.0,0.9861872288955622,1,0.963049398851327
2ynmD,4,48,0.219534,3.455946,3.610367,0-135 136-236 237-439 440-487,0.555556,-1.85448927116125,2.0,1.3712293460309883,1.1264295754556786,0.7748943756583152,0.7172245398952939,1.1996209958648092,0.8524738244930332,0.7008039303785508,0.0855599560138678,0.2751741319835341,4.0,0.0,0.2364532019704433,0.415983606557377,48.0,122.0,4,4,0.8483606557377049,0.8614960025841879,0.3333333333333333,0.9233548054658476,1.0,0.7933089594242148,1,0.6927862226420433
3gzhA,4,59,0.182768,3.348158,3.539708,0-161;214-261 162-213;452-468 262-392 393-451,0.625,-1.946397519856947,2.0,1.893750846944024,1.049212806699329,0.7146293565068786,0.5837979283118273,1.3832970915808227,0.7386082296965752,0.5921121325474485,0.0799372936769448,0.1760429447662533,6.0,2.0,0.2809523809523809,0.4477611940298507,17.0,78.16666666666667,3,4,0.4946695095948827,0.5726735240594516,0.5,0.7190459327725165,0.0,0.5572777932853702,0,0.547179331320426
5uqsA,2,112,0.119286,3.611404,3.732578,0-272;385-433 273-384,0.461538,-1.7526081655718435,0.0,1.3883927339557038,1.0916698568195118,0.8616186840904553,0.8110498118455026,1.3080914068346503,0.7718072138417666,0.6965680566234195,0.1648926099272988,0.1648926099272988,3.0,1.0,0.3478260869565217,0.7419354838709677,49.0,144.66666666666666,2,2,0.969047619047619,0.9545178941141674,1.0,0.9766919969794998,1.0,0.9800515020282572,1,0.7721691334327601
3clhA,2,148,0.112997,3.752719,3.804292,0-159 160-307,0.5625,-2.5895912357452837,0.0,1.2652723311793777,1.043703781722631,0.8850114343771094,0.8406172158070268,1.165001229044937,0.8590738185783762,0.834453007747796,0.0964628490557893,0.0964628490557893,2.0,0.0,0.925,0.5194805194805194,148.0,154.0,2,2,0.9935064935064936,0.9935267857142858,1.0,0.9967528697936222,1.0,0.9967572298028804,1,0.9657775695618959
2q8pA,2,115,0.157683,3.515072,3.557906,0-114 115-248,0.3125,-2.259837506069602,0.0,1.383924772153882,1.0225306106815983,0.8644819412866311,0.8547312521240855,1.2230814151437834,0.8177437741147187,0.8071703593242617,0.1440439049534739,0.1440439049534739,2.0,0.0,0.8582089552238806,0.5381526104417671,115.0,124.5,2,2,0.7349397590361446,0.7729701414353064,0.0,0.8713051778762858,1.0,0.6758430156695474,0,0.9176433345710235
4v2qB,2,110,0.070781,3.573042,3.83624,0-450;561-619 451-560,0.423077,-2.987000733918311,0.0,1.822304617041622,0.8769096076819727,0.7679159190133495,0.7575015252090898,1.227868638751916,0.8168833053759588,0.7720196250420756,0.0568163415084427,0.0568163415084427,3.0,1.0,0.2156862745098039,0.8225806451612904,59.0,206.66666666666663,3,2,0.6935483870967742,0.6139544299644115,0.8,0.5805871431886749,0.0,0.6376179920499722,0,0.639943782929473
1ta9A,2,139,0.190768,3.760742,3.960551,0-249 250-388,0.8125,-2.955451297375665,0.0,1.388868461637541,1.1034716535408486,0.7562174701990054,0.7520652618580488,1.158780732819323,0.8630856194053305,0.8533602713473394,0.2821607000453957,0.2821607000453957,2.0,0.0,0.556,0.6426735218508998,139.0,194.5,2,2,0.503968253968254,0.5995132275132274,0.0,0.7496018109791585,1.0,0.570616658492128,0,0.8275890460601563
1dofA,3,109,0.226246,3.573201,3.723049,0-112;156-208 113-155;319-384 209-318,0.326087,-3.0184987602943565,1.0,1.9673201332930503,0.954082018408532,0.6889734340772962,0.6005909003095194,1.2669122548267695,0.8215765136253474,0.6647595662867828,0.1286907694923582,0.297668570639087,5.0,2.0,0.6566265060240963,0.4311688311688311,43.0,77.0,3,3,0.3038961038961039,0.4734928274996806,0.3333333333333333,0.6421305465110523,1.0,0.550570562248034,0,0.5868415674393552
4m7oA,2,92,0.127761,3.65826,3.689979,0-91 92-253,0.875,-3.158997637294428,0.0,1.5211886504607923,0.9506382737972574,0.8079258860700496,0.7412339148152065,1.1505972591783562,0.8750765975695821,0.8028417632236481,0.1012436204156331,0.1012436204156331,2.0,0.0,0.5679012345679012,0.6377952755905512,92.0,127.0,2,2,0.7480314960629921,0.7729172742296102,0.0,0.87158682790222,1.0,0.6785071196389645,1,0.8633406043409686
1vmiA,2,155,0.152625,3.781582,3.882511,0-140;296-320 141-295,0.769231,-3.22364055439946,0.0,1.3251831887574093,1.1232997864265295,0.8320537298553574,0.7932141945025891,1.2316760945123009,0.8177999088694337,0.7483484997584404,0.1787031065037751,0.1787031065037751,3.0,1.0,0.933734939759036,0.5171339563862928,25.0,107.0,2,2,0.9937694704049844,0.993789568887549,1.0,0.9968850985092704,1.0,0.9968888275603608,1,0.9006714622463433
3rrkA,3,84,0.097147,3.625702,3.658299,0-39;257-300 40-105;225-256 106-224,0.173913,-3.3608899062816167,1.0,1.5878605510351371,0.964917511246174,0.7488998385190611,0.6671739596720012,1.1275169857568768,0.8870517557482281,0.871106379331458,0.0164415155939307,0.0389071137083191,5.0,2.0,0.7058823529411765,0.3953488372093023,32.0,60.2,3,3,0.6212624584717608,0.6834920014517434,0.25,0.8082614745334717,1.0,0.6726031868913952,0,0.7912025762223946
3rh3A,2,98,0.140527,3.201064,3.366318,0-129 130-227,0.875,-2.196207241694753,0.0,2.140931036628128,0.8146993009803221,0.7024288638743509,0.6440974904890093,1.2211244306547673,0.8290010267289417,0.7375714545668984,0.1093952403457353,0.1093952403457353,2.0,0.0,0.7538461538461538,0.5701754385964912,98.0,114.0,2,2,0.9844444444444445,0.978503401360544,1.0,0.9890655598126864,1.0,0.990402681123535,1,0.8504437017555795
5f33A,2,130,0.233677,3.729436,3.776535,0-84;258-302 85-257,0.807692,-3.775603466646557,0.0,1.5606955126574822,1.0646736878567231,0.8042563247649505,0.7658119905690205,1.327279033901983,0.7548086395948055,0.722445948410409,0.5820340343526412,0.5820340343526412,3.0,1.0,0.7514450867052023,0.570957095709571,45.0,101.0,3,2,0.6309963099630996,0.5978110812677713,0.0,0.5366506104513484,0.0,0.4530916003364438,0,0.6696543823868416
3fkyC,2,89,0.114237,3.541537,3.768063,0-88 89-341,0.8125,-2.764840268245353,0.0,1.619700817682353,0.912455209082614,0.804223237494096,0.7461026500350069,1.1827401588046604,0.8472272035605573,0.8089100022565805,0.1047801320274202,0.1047801320274202,2.0,0.0,0.3517786561264822,0.7397660818713451,89.0,171.0,2,2,0.9883040935672516,0.9884355082462712,1.0,0.9941737620716072,1.0,0.994182672777026,1,0.7655229145378273
1xahA,2,161,0.134937,3.822591,3.870371,0-160 161-322,0.375,-2.191579080695296,0.0,1.2311071848706046,1.0648776669938038,0.9018462457944444,0.8375995610309229,1.1768517965529148,0.8503897627650537,0.8266075991762218,0.1447648602236839,0.1447648602236839,2.0,0.0,0.9938271604938272,0.5015479876160991,161.0,161.5,2,2,0.9938080495356038,0.9938272791954308,1.0,0.9969040841203104,1.0,0.9969078825702692,1,0.9520572916739463
4mdvB,2,171,0.157858,3.708536,3.754538,0-103;275-348 104-274,0.423077,-3.329203296813032,0.0,1.6282142445947383,1.103025384771645,0.6449490430909335,0.6391238631044793,1.1576277612118455,0.8663536199489774,0.8196465611184655,0.1872531436357087,0.1872531436357087,3.0,1.0,0.9606741573033708,0.5100286532951289,74.0,116.33333333333331,4,2,0.4606918238993711,0.4572571493148207,0.8,0.3323141253221308,0.0,0.4767192863739312,0,0.7582116181670768
2ibpA,2,110,0.145627,3.757838,3.771517,0-247;358-406 248-357,0.538462,-2.5359664806651985,0.0,1.4369205444383968,1.0331753772266308,0.9071424438469172,0.8691312533080593,1.3562847748528457,0.7549683431481697,0.6395006612026011,0.2128633524029316,0.2128633524029316,3.0,1.0,0.3703703703703703,0.7297297297297297,49.0,135.66666666666666,2,2,0.909217877094972,0.8652887193357507,1.0,0.9265619223032908,1.0,0.9402137037468028,1,0.7158777618585476
3iv7A,2,151,0.159612,3.724757,3.985687,0-150 151-348,0.6875,-3.7863509096766608,0.0,1.3274568532800108,1.1096085473610555,0.8206752872804159,0.7729832380690709,1.2187963807809694,0.8421444483989777,0.7070768702074968,0.2097778405384495,0.2097778405384495,2.0,0.0,0.7626262626262627,0.5673352435530086,151.0,174.5,2,2,0.982808022922636,0.9829382651732222,1.0,0.9913945452244088,1.0,0.9914281666640534,1,0.8504618199416497
6mx3A,3,32,0.466239,2.653269,2.943855,0-89 90-121 122-162,0.115385,-1.553604197795912,1.0,1.9816674256202973,1.1560182707364457,0.497087837204202,0.3719760120899572,1.129068757625636,0.9266295558573416,0.6711652968557905,0.3397240346863495,0.551548646338135,3.0,0.0,0.3555555555555555,0.5521472392638037,32.0,54.333333333333336,2,3,0.3006134969325153,0.3661213360599863,0.0,0.5339776396701775,0.0,0.3401424945325358,0,0.6065892070805085
4cl2A,2,123,0.21334,3.670938,3.688341,0-140 141-263,0.1875,-2.0677644214007347,0.0,1.3836404160347588,1.189479822784305,0.7162556224187462,0.705547971311828,1.176528136156945,0.8499584343779567,0.8498629905488065,0.2953577753358735,0.2953577753358735,2.0,0.0,0.8723404255319149,0.5340909090909091,123.0,132.0,2,2,0.9198473282442748,0.9200633111431968,1.0,0.9583486401363632,1.0,0.959651855904767,1,0.8123308132723939
1dk5B,2,157,0.083606,3.732304,3.808723,0-83;241-313 84-240,0.461538,-2.5120032563275023,0.0,1.5938661962945702,0.9905322507809532,0.6842552964627561,0.6668769487130038,1.0798502549707565,0.9265143638654348,0.9058689834784968,0.0441503110183225,0.0441503110183225,3.0,1.0,1.0,0.5,73.0,104.66666666666669,4,2,0.4832214765100671,0.4721792789901988,0.6666666666666666,0.342465172962887,0.0,0.4595731856926305,0,0.8875387644465085
1y2mD,4,54,0.274447,3.098243,3.532798,0-53 54-221;312-350 222-239;351-647 240-311,0.490909,-2.230540395554014,2.0,1.7906203868334234,1.0552414063170454,0.7454618645770981,0.5556514301999465,1.3625484172562334,0.7450493832857582,0.6416797890576348,0.136672048006167,0.3589284932652812,6.0,2.0,0.1714285714285714,0.4861111111111111,18.0,108.0,3,4,0.5123456790123457,0.511020511662489,0.25,0.516802868213227,0.0,0.4580338117776123,0,0.604921046889081
3hl0A,2,151,0.173708,3.902186,3.926124,0-150 151-339,0.5625,-2.602978395059157,0.0,1.317966906829378,1.120649257323608,0.792830531245956,0.7627700894746718,1.168767555982781,0.8567661848438217,0.8251856460265997,0.2489863572045825,0.2489863572045825,2.0,0.0,0.798941798941799,0.5558823529411765,151.0,170.0,2,2,0.9705882352941176,0.9709772798008092,1.0,0.985272927799898,1.0,0.985367688578965,1,0.8671535065596231
6ig5A,3,62,0.087906,3.571696,3.723886,0-96 97-352;415-454 353-414,0.583333,-2.974914822436276,1.0,1.670553700336918,0.9542601868164372,0.7640974044846667,0.694892067426329,1.2074237384760458,0.8556065399986053,0.717909179089444,0.0366049906681543,0.0572078746560238,4.0,1.0,0.2094594594594594,0.6505494505494506,40.0,113.75,3,3,0.6993166287015945,0.7262335928290431,0.5,0.8369165355034826,1.0,0.752493351406824,1,0.7040973904366722
4acfA,2,104,0.11592,3.560617,3.76276,0-103 104-474,0.625,-2.75490733224256,0.0,1.5456664535632112,1.0209938041543494,0.8203017833177768,0.7424556921257285,1.291740347679667,0.7816366663856723,0.7051361364374014,0.1296554549325669,0.1296554549325669,2.0,0.0,0.2803234501347709,0.7810526315789473,104.0,237.5,2,2,0.985930735930736,0.9727224146024686,1.0,0.9861494493418258,1.0,0.988960519975006,1,0.7473930231865343
1fvhA,3,96,0.095751,3.358673,3.655944,0-130 131-241;338-545 242-337,0.555556,-2.2221474089682407,1.0,1.5750423477013158,1.0285253386689936,0.7671494440741623,0.7468027326592759,1.2425777941020113,0.8159664471623849,0.6919514104791593,0.043855946418943,0.0752493166503706,4.0,1.0,0.3009404388714733,0.5842490842490843,96.0,136.5,4,3,0.7555555555555555,0.7048019591855176,0.4,0.6755096813342887,0.0,0.6071734392150724,0,0.7211159213783414
4m7hA,2,42,0.214091,3.229846,3.649782,0-41 42-218,0.5,-2.031357791129905,0.0,1.4025532241107417,0.938886424880963,0.7918898896076003,0.7286744823472606,1.0235748297995353,0.9778283287591908,0.948826351873958,0.2529427769822833,0.2529427769822833,2.0,0.0,0.2372881355932203,0.8082191780821918,42.0,109.5,2,2,0.4748858447488584,0.4540670226762634,0.0,0.4925390070921985,1.0,0.484298374903464,0,0.7309276105370706
3p42A,2,76,0.169369,3.337817,3.460795,0-43;90-121 44-89;122-230,0.75,-2.562110290315584,0.0,1.3224359811621065,1.1360773475424133,0.8074546752034438,0.7981405131787247,1.2118360454864656,0.8292250430192589,0.7714104424429976,0.1504480817666945,0.1504480817666945,4.0,2.0,0.4903225806451612,0.670995670995671,32.0,57.75,3,2,0.5887445887445888,0.6108085462924172,0.7499999999999999,0.5572878477184697,0.0,0.6013681965510951,0,0.7818862305694466
3qbeA,2,170,0.1369,3.937467,3.980359,0-169 170-351,0.4375,-3.530963610803269,0.0,1.284104136581104,1.0021271448834037,0.8731696283819077,0.8542242915882249,1.1197437774896453,0.8938230543932411,0.8677320443519643,0.1622484797356254,0.1622484797356254,2.0,0.0,0.934065934065934,0.5170454545454546,170.0,176.0,2,2,0.9943181818181818,0.9943348930481284,1.0,0.9971593893842045,1.0,0.9971624928501028,1,0.9617353873239117
4epuA,3,32,0.307339,3.401259,3.510046,0-86 87-138;171-214 139-170,0.75,-1.168508540450601,1.0,1.4716140018740151,1.0283440080555932,0.704688623569726,0.652498670672923,1.064243456530804,0.9554070708014728,0.8461306782507761,0.277731065750618,0.4550337604339973,4.0,1.0,0.3333333333333333,0.4465116279069767,32.0,53.75,2,3,0.4046511627906977,0.5534883720930233,0.4,0.7077794809977145,0.0,0.5131838031762871,0,0.6914697646939185
1t3uB,2,37,0.093951,3.050882,3.107762,0-53 54-90,0.4375,-2.4232982762970323,1.0,2.687116512526252,0.6034471471401751,0.4950740765301791,0.338101562713986,0.7604208586317667,1.655268968085541,0.9048455615547242,0.0,0.0,2.0,0.0,0.6851851851851852,0.5934065934065934,37.0,45.5,2,2,0.7802197802197802,0.8005698005698005,1.0,0.8891754503999403,1.0,0.8939930062379042,1,0.7274999266824663
4mdyA,2,141,0.114561,3.788456,3.791641,0-140 141-282,0.5625,-2.9797745584271533,0.0,1.3378938514078356,0.9835620464332562,0.8448053625760262,0.8129851765305237,1.103440442586539,0.9065679174190476,0.8897637098507932,0.092601441976515,0.092601441976515,2.0,0.0,0.9929577464788732,0.5017667844522968,141.0,141.5,2,2,0.9646643109540636,0.9652908302633886,1.0,0.9823387765322787,1.0,0.9824587835499462,1,0.9673706405469074
1tueG,2,98,0.111103,3.496027,3.574532,0-97 98-195,0.6875,-2.780983190786414,0.0,1.823433341044572,0.9096452155500232,0.725731213740916,0.6049849399617944,1.1872170027132305,0.846621586235345,0.7861759759171916,0.0493532387295766,0.0493532387295766,2.0,0.0,1.0,0.5,98.0,98.0,2,2,0.9591836734693876,0.9600166597251144,1.0,0.9796003401360543,1.0,0.9797601346661112,1,0.9401327887395723
1tm0A,2,143,0.157938,3.713378,3.730489,0-134;278-300 135-277,0.384615,-2.509899234000599,0.0,1.424434710025095,1.0579783194271943,0.7585878230316436,0.7477092584599706,1.1414646407583722,0.8767563610503255,0.8521795370955573,0.172518207006189,0.172518207006189,3.0,1.0,0.9050632911392406,0.5249169435215947,23.0,100.33333333333331,2,2,0.973421926910299,0.9737713369229004,1.0,0.9867109634551496,1.0,0.98678084545767,1,0.9298329591933011
3ujpB,2,127,0.222884,3.670537,3.685214,0-139 140-266,0.375,-2.0719689379106114,0.0,1.3196466590160452,1.1706534013350045,0.7500164582771753,0.7279417540532688,1.1572527611853578,0.8642974565965662,0.8517554974202796,0.277076531901471,0.277076531901471,2.0,0.0,0.9071428571428573,0.5243445692883895,127.0,133.5,2,2,0.9163498098859316,0.9136648603335228,1.0,0.9548701672794312,1.0,0.9569769674997772,1,0.8903610569270604
1z1nX,5,74,0.141601,3.213237,3.298812,0-109 110-232 233-276;351-389 277-350 390-515,0.964286,-0.5678763025189549,3.0,1.6004356437308238,1.147119411169054,0.8490614192072007,0.5998819469835618,1.5269035686797947,0.6656851026034001,0.5897900239888347,0.0176420168399133,0.0698046690629557,6.0,1.0,0.5873015873015873,0.2441860465116279,39.0,86.0,4,5,0.7258064516129032,0.7791417957835916,0.5,0.8699716967207336,0.0,0.6749839888234457,0,0.7365509492728041
6an0A,3,37,0.161801,3.340438,3.642958,0-29;232-354 30-231;355-395 396-432,0.586957,-2.452212293718419,1.0,1.5264657646904816,1.2145827179903277,0.8145252939849862,0.7364072772069195,1.4996406909118996,0.6736125238652151,0.6109661228638761,0.1583261947156967,0.349837472537478,5.0,2.0,0.1522633744855967,0.5612009237875288,30.0,86.6,3,3,0.7593052109181141,0.7617377742988415,0.0,0.8638650231223285,1.0,0.6769816016678568,0,0.6638189955920724
3cx3B,2,117,0.197528,3.486579,3.533628,0-137 138-254,0.375,-2.801447740288368,0.0,1.4027626033187883,1.1784862087436858,0.7522975040061258,0.7512416587997449,1.2385072425938928,0.8081032142070261,0.7846685592392955,0.2127122501258081,0.2127122501258081,2.0,0.0,0.8478260869565217,0.5411764705882353,117.0,127.5,2,2,0.9058823529411764,0.910708898944193,0.0,0.953232644409115,1.0,0.7539647792588969,1,0.8263104168792449
1hm6A,3,74,0.164097,3.494177,3.630859,0-34;186-342 35-111 112-185,0.722222,-2.1700390598540533,1.0,1.4248367137946123,1.0112577113366934,0.8201990347303938,0.7742449855281383,1.1722792812863798,0.86393757390088,0.7386278308053004,0.08581387839836,0.169457300232162,4.0,1.0,0.3854166666666667,0.5597667638483965,35.0,85.75,4,3,0.7023026315789473,0.6841573482712464,0.6666666666666666,0.652177521140982,0.0,0.6410608335315685,0,0.7615192204913898
3ghgB,2,139,0.006199,3.088828,3.579314,0-138 139-400,0.9375,-2.516028598064347,0.0,4.420347366730673,0.9015450109728428,0.6726482587232786,0.4828918491275567,2.0955429793778197,0.5957365390966901,0.3300024826623548,0.0,0.0,2.0,0.0,0.5305343511450382,0.6533665835411472,139.0,200.5,2,2,1.0,1.0,1.0,1.0,1.0,1.0,1,0.6864208026632274
1yu0A,3,44,0.307227,3.504825,3.774323,0-43 44-188 189-375,0.653846,-1.9340745000887969,1.0,1.3607313442340423,0.9969980265461874,0.82688492775226,0.7929397316080181,1.1198816290286164,0.9024564362877852,0.8265819118462896,0.1670747657796091,0.5012242973388275,3.0,0.0,0.2352941176470588,0.4973404255319149,44.0,125.33333333333331,3,3,0.9202127659574468,0.9229481928167784,0.8,0.9595844780884858,1.0,0.9205490873725424,1,0.754720243080114
4bqnA,2,124,0.179643,3.666923,3.688532,0-93;203-232 94-202;233-310,0.527778,-2.505035866736633,0.0,1.713623381827008,1.2223808558446856,0.7594502045400147,0.7589305657718145,1.5662031121736528,0.641234107521913,0.5992618225191656,0.911969393073076,0.911969393073076,4.0,2.0,0.6631016042780749,0.6012861736334405,30.0,77.75,2,2,0.6041666666666666,0.670246863066012,0.6666666666666666,0.8025722156419084,1.0,0.7487304824082507,0,0.6501825475618908
2o5nB,3,26,0.28248,2.942848,3.214171,0-143 144-169 170-266,0.653846,-1.938360267039792,1.0,1.946527914096984,0.9126069729046402,0.7184586442284928,0.3899158008203556,1.2436156595933645,0.9208329647188044,0.5778001732613175,0.1633933592290179,0.2696705080064994,3.0,0.0,0.1805555555555555,0.5393258426966292,26.0,89.0,2,3,0.8352713178294574,0.8318513451892385,0.6666666666666666,0.9056427108449352,0.0,0.7478864081060596,0,0.7271127065199245
4is4D,2,105,0.122597,3.475476,3.628123,0-104 105-303,0.75,-2.610408504427402,0.0,1.830245399917652,0.9938666454843038,0.7510660077689209,0.7270399606859219,1.364710552643289,0.7334901607551587,0.710286351464199,0.1035941579926983,0.1035941579926983,2.0,0.0,0.5276381909547738,0.6546052631578947,105.0,152.0,2,2,0.986842105263158,0.986967418546366,1.0,0.9934362348178138,1.0,0.9934491517254675,1,0.7269854545844515
4pfzB,2,44,0.135435,3.248795,3.64017,0-43 44-250,0.625,-2.6718031198360195,0.0,1.2364845682269925,1.0358970935592162,0.8355790819852451,0.7717132339932524,1.0643946038546712,0.939967270096492,0.9190364950652196,0.1169133430283973,0.1169133430283973,2.0,0.0,0.2125603864734299,0.8247011952191236,44.0,125.5,2,2,0.9760956175298804,0.9762688376927074,1.0,0.9878944157595976,1.0,0.9880517741964372,1,0.881843814998243
2jexA,2,92,0.104014,3.590896,3.664531,0-91 92-196,0.8125,-1.3487798079124018,0.0,1.8133526975785097,0.955745168929404,0.664002786047768,0.5890457138497027,1.1456109125948617,0.8772369743595463,0.8155325358772368,0.0420583387366592,0.0420583387366592,2.0,0.0,0.8761904761904762,0.5329949238578681,92.0,98.5,2,2,0.9593908629441624,0.9601643703166546,1.0,0.9796765571571926,1.0,0.979846358083602,1,0.938137661426195
3k0yA,2,66,0.114014,3.432491,3.465495,0-65 66-194,0.25,-1.954518737914224,0.0,1.4099022534475858,0.9768059504588374,0.8213907410072179,0.7517312676075125,1.1162734980654552,0.9008428762376416,0.8336954042018054,0.0549039187254018,0.0549039187254018,2.0,0.0,0.5116279069767442,0.6615384615384615,66.0,97.5,2,2,0.9897435897435898,0.9898212898212896,1.0,0.9948814681639108,1.0,0.994889269545758,1,0.88281687730239
1axnA,2,159,0.097112,3.79055,3.816538,0-90;250-322 91-249,0.346154,-2.6948133137263106,0.0,1.5960961526160318,1.018261286550762,0.671971014815584,0.6606746462454597,1.0919342545300088,0.916130089140588,0.8989004904525721,0.0709636980232321,0.0709636980232321,3.0,1.0,0.9695121951219512,0.5077399380804953,73.0,107.66666666666669,4,2,0.4819672131147541,0.4691298740758891,0.8,0.345396637177386,0.0,0.4859654115402725,0,0.8538557191710365
2xdqA,2,100,0.143214,3.49871,3.713452,0-29;130-424 30-129,0.653846,-2.6152629847365985,0.0,1.400848041363545,1.1477251198938054,0.7458211821910821,0.7102223596674366,1.193538822230088,0.8379497051316045,0.828562857982408,0.2428743572216243,0.2428743572216243,3.0,1.0,0.3076923076923077,0.7647058823529411,30.0,141.66666666666666,3,2,0.5388235294117647,0.5437176470588235,0.0,0.5326510265122999,0.0,0.4230384405965776,0,0.6743628513380011
4c5sC,2,102,0.061544,3.647469,3.881352,0-478;581-640 479-580,0.307692,-3.4611147447764203,0.0,1.7911386787530876,0.8513587323825638,0.7626291855926768,0.7563809904078505,1.1642140848048008,0.8676314266446428,0.7808354781510009,0.0384985554207988,0.0384985554207988,3.0,1.0,0.1892393320964749,0.8408736349453978,60.0,213.66666666666663,3,2,0.6645865834633385,0.5953096049557723,0.8,0.5408681098833846,0.0,0.6201528596604992,0,0.6529380319498901
4hn9A,2,140,0.153862,3.729117,3.776715,0-155;296-311 156-295,0.153846,-2.408609472665951,0.0,1.361213241185271,1.023341231690062,0.8239932265519614,0.7650813200496528,1.1423794774159397,0.8761365244266546,0.8501518671002687,0.1726734535167523,0.1726734535167523,3.0,1.0,0.813953488372093,0.5512820512820513,16.0,104.0,3,2,0.6486486486486487,0.6178204782855946,0.0,0.6505405405405407,0.0,0.4834019334949568,0,0.9289697190817136
4jc8A,5,35,0.237033,3.169215,3.507768,0-134 135-232;434-582 233-338 339-373 374-433,0.732143,-1.709132514763477,3.0,1.51660053172378,1.0368833227829248,0.7504035432688572,0.449740113986208,1.1608953252462813,0.9058128477823658,0.6811354574558087,0.0515274609262471,0.1723930318925671,6.0,1.0,0.1417004048582996,0.4236706689536878,35.0,97.16666666666669,4,5,0.9245283018867924,0.9263546780925132,0.888888888888889,0.9560056424767126,0.0,0.8391555022689814,0,0.6934148565235324
4nnoA,2,122,0.219021,3.685618,3.739141,0-155 156-277,0.4375,-2.259698831853539,0.0,1.4122000617959796,1.1338381303585623,0.7414973333030914,0.7312615813595643,1.1891042934978082,0.8470791907853796,0.7751367998564942,0.2891125461320293,0.2891125461320293,2.0,0.0,0.782051282051282,0.5611510791366906,122.0,139.0,2,2,0.9424460431654677,0.9439217856484045,1.0,0.971144888600398,1.0,0.971502543482854,1,0.8128292237987199
1zhxA,4,41,0.23135,3.071558,3.387514,0-215;298-317 216-297 318-358 359-435,0.652174,-1.3163546102560666,2.0,1.969847107241868,0.960557734747718,0.7414529601994552,0.3690372827800862,1.3555806542884663,0.8271817515797314,0.5715245786345,0.0969640417021278,0.300092520102738,5.0,1.0,0.173728813559322,0.5412844036697247,20.0,87.2,4,4,0.4059633027522936,0.4475781371481884,0.2857142857142857,0.5905489651939221,1.0,0.545960938161738,0,0.6287935840626576
3u7qB,2,247,0.149897,3.65661,3.832798,0-66;314-521 67-313,0.961538,-2.4809767987021254,0.0,1.6628727996605006,1.0738651699360275,0.8391567478549448,0.833862231578202,1.5099231434939149,0.691604879860411,0.5492057237914187,0.3026325077793148,0.3026325077793148,3.0,1.0,0.8981818181818182,0.5268199233716475,67.0,174.0,4,2,0.4681818181818182,0.4406258016305863,0.4,0.3805909063587732,0.0,0.4045463719009022,0,0.6693822355723269
3uhjC,2,110,0.195011,3.779963,4.00492,0-241 242-351,0.625,-3.3614052180888208,0.0,1.2673466033431195,1.0907008513448502,0.7957318825177755,0.7822757400186074,1.0995407676798707,0.9105997819405371,0.8785336901628137,0.2870822482717307,0.2870822482717307,2.0,0.0,0.4545454545454545,0.6875,110.0,176.0,2,2,0.4886363636363636,0.5837246431254696,0.0,0.7364053172960984,1.0,0.5617532648115863,0,0.8673061693206908
2h12A,3,48,0.196325,2.818461,3.391062,0-47 48-249;371-417 250-370,0.472222,-2.217133402398197,1.0,1.6049889013613905,1.1545439350386673,0.793056385872989,0.6658383419510959,1.4577401012691242,0.7008231674109276,0.5739583120494175,0.0853330248530288,0.2559990745590866,4.0,1.0,0.1927710843373494,0.5956937799043063,47.0,104.5,3,3,0.9056122448979592,0.8847098825162248,1.0,0.9383080476955588,1.0,0.9457260350219484,1,0.6537194308906671
3ghgC,2,125,0.006645,3.007363,3.523316,0-124 125-380,1.0,-1.811695729833496,0.0,4.342813416758306,0.9423773176013848,0.7902495142206705,0.7084261985827053,2.993838919614106,0.5325625350652625,0.2073907572742221,0.0,0.0,2.0,0.0,0.48828125,0.6719160104986877,125.0,190.5,3,2,0.7208994708994709,0.6670800264550265,0.5,0.6432242996566286,0.0,0.6062407594022252,0,0.7091744187664776
1dq3A,4,70,0.19534,3.264032,3.512749,0-117;424-453 118-147;218-333 148-217 334-423,0.464286,-2.3410687556234246,2.0,1.4530554886227658,1.141096085113655,0.8555530524266185,0.7459287033507677,1.4025097788985956,0.7158830147819395,0.651792161607645,0.1163543037160663,0.2374259084280324,6.0,2.0,0.4729729729729729,0.3259911894273127,30.0,75.66666666666667,4,4,0.7797356828193832,0.805677924620656,0.6666666666666665,0.8917129330129302,1.0,0.8287586414239272,1,0.6341381422405109
4qgsA,2,173,0.096224,3.851351,3.917342,0-172 173-379,0.625,-3.116308108995216,0.0,1.318047226198783,1.0813890467582636,0.8599752140687469,0.8211932267141837,1.2223085171404169,0.8181520086247135,0.813369681625287,0.0892207880657992,0.0892207880657992,2.0,0.0,0.8357487922705314,0.5447368421052632,173.0,190.0,2,2,0.9745308310991956,0.9663303097415464,1.0,0.9827598617621266,1.0,0.9847242005205736,1,0.9384395206267736
2z51A,2,76,0.01925,3.548652,3.598067,0-77 78-153,0.875,-2.713775050251379,0.0,1.447636617340793,0.940908343918568,0.7176138695921865,0.7170583927081313,0.977418485897574,1.0235205281691455,1.0028535570098451,0.0,0.0,2.0,0.0,0.9743589743589745,0.5064935064935064,76.0,77.0,2,2,0.948051948051948,0.949419002050581,1.0,0.9740522990522992,1.0,0.9743046498309657,1,0.969555795714869
1qyaB,2,143,0.139351,3.810173,3.850428,0-127;292-306 128-291,0.423077,-2.333962174592456,0.0,1.2313942411038152,0.9938993167476114,0.9097926210562048,0.8899107882571327,1.1111352569677957,0.9002971824610022,0.8834104926865665,0.3558235383819215,0.3558235383819215,3.0,1.0,0.8719512195121951,0.5342019543973942,15.0,102.33333333333331,2,2,0.96742671009772,0.967944151780026,1.0,0.9837098842297888,1.0,0.983816149221507,1,0.9393485072627756
1na6A,3,92,0.147288,3.313314,3.459995,0-169 170-272 273-364,0.884615,-1.4286724179641308,1.0,1.703779939926749,0.977668418042121,0.7649024189978602,0.719243605158296,1.2603777681370307,0.7938908768408929,0.7668533016007416,0.070198935152387,0.1309483493034402,3.0,0.0,0.5411764705882353,0.4657534246575342,92.0,121.66666666666669,2,3,0.7424657534246575,0.7437723919915701,0.6666666666666666,0.8321946821283985,0.0,0.6970198988422586,0,0.7711518748464712
1xaiA,2,167,0.146859,3.850456,3.882202,0-166 167-351,0.5,-1.7041662172804308,0.0,1.2286327544831064,1.0469094330647728,0.9074563561729276,0.8309993587308679,1.1601255996980313,0.8620607206830548,0.8534962953355146,0.1750529830448665,0.1750529830448665,2.0,0.0,0.9027027027027028,0.5255681818181818,167.0,176.0,2,2,0.9943181818181818,0.994335193249864,1.0,0.9971595278199052,1.0,0.9971625805775902,1,0.9583213975060473
1a59A,2,121,0.197681,3.757825,3.768217,0-215;337-376 216-336,0.423077,-1.910836251098238,0.0,1.401457258466675,1.1442147151873214,0.8548647961854285,0.8496028247343398,1.373309512003523,0.7441945483050756,0.6349842376568459,0.2678631717943717,0.2678631717943717,3.0,1.0,0.47265625,0.6790450928381963,40.0,125.66666666666669,2,2,0.8853868194842407,0.861502441855132,1.0,0.9254662117674202,1.0,0.9344710946213586,1,0.6588623743802328
3qqyA,2,126,0.150507,3.526984,3.61256,0-172 173-298,0.375,-2.4839403633394057,0.0,1.598319024909425,1.0448641103307734,0.8781679398882238,0.807003531176673,1.4643022690883225,0.6854980643824373,0.643452025925109,0.1504090218085471,0.1504090218085471,2.0,0.0,0.7283236994219653,0.5785953177257525,126.0,149.5,2,2,0.851027397260274,0.8534721672341435,0.0,0.9209155449013462,1.0,0.7250830218791527,0,0.744541017135834
1bpoA,3,62,0.090593,3.633428,3.712763,0-328 329-424 425-486,0.692308,-2.278373612432972,1.0,1.46704879982714,1.011902310024351,0.7883762534892597,0.6681893918475187,1.1453167607088066,0.8838823348291568,0.7568941407015924,0.0176215242560037,0.050351030147147,3.0,0.0,0.1884498480243161,0.675564681724846,62.0,162.33333333333334,2,3,0.8603696098562629,0.8629038546513139,0.6666666666666666,0.9144840860411826,0.0,0.7608848434430852,0,0.7543469243753015
4mcaA,2,117,0.190639,3.871349,4.038743,0-249 250-366,0.75,-2.901622569743547,0.0,1.3174652032612535,1.0667550893757438,0.7979050761922591,0.793519230839971,1.122658917655681,0.89451841760122,0.83640097985369,0.2830469315252589,0.2830469315252589,2.0,0.0,0.468,0.6811989100817438,117.0,183.5,2,2,0.5040871934604905,0.5943433242506811,0.0,0.7449140923232713,1.0,0.5686689220068886,0,0.8247296380111244
1y2mA,5,31,0.313535,2.998667,3.49136,0-59;227-244;317-477;615-651 60-226 245-316 478-583 584-614,0.44,-1.750988421343309,3.0,1.611972066016606,1.0342789996458566,0.7427446545290367,0.4811033863139561,1.215966414135767,0.8532305911897662,0.6600008033450202,0.0982896244841319,0.5175140755326747,8.0,3.0,0.1123188405797101,0.4233128834355828,18.0,81.5,3,5,0.6211656441717791,0.6679050623473134,0.6,0.7938310335671095,0.0,0.6032470146839071,0,0.596849622959324
2xdqB,2,138,0.161875,3.740186,3.846762,0-137 138-439,0.3125,-2.400267091918288,0.0,1.4874152379285597,1.0972720842331882,0.752131701019347,0.710819394651026,1.2160590639203646,0.8230972350285151,0.7979424892038843,0.257905517181744,0.257905517181744,2.0,0.0,0.4569536423841059,0.6863636363636364,138.0,220.0,4,2,0.4590361445783132,0.4802188972704417,0.0,0.4257069105769169,0.0,0.339659057151801,0,0.7374041578272513
3msuA,4,36,0.239791,2.666824,3.342885,0-58 59-111;215-233;270-414 112-214 234-269,0.607143,-1.341325892081526,2.0,1.87990208396684,1.1065075743146822,0.7239528472530845,0.4754474328545832,1.4349804535805064,0.7112499140994994,0.6139258572589185,0.2008358151394203,0.7990990566295435,6.0,2.0,0.1658986175115207,0.5228915662650603,19.0,69.16666666666667,3,4,0.3955773955773956,0.4993456885201007,0.5,0.6489214590702358,0.0,0.5087689086335464,0,0.6253189158741314
2wnkA,2,108,0.055794,3.848776,3.869548,0-114 115-222,0.9375,-2.8943073472765226,0.0,1.3879930320517126,0.8993047540585479,0.7997168474532745,0.770259038554224,0.9976861903432654,1.0027279446351027,0.9824823538603968,0.0,0.0,2.0,0.0,0.9391304347826088,0.515695067264574,108.0,111.5,2,2,0.9820627802690582,0.9822288656369372,1.0,0.9910346417252796,1.0,0.9910652575262552,1,0.9407147250211622
1q5nA,3,58,0.148127,3.525231,3.661651,0-130;174-346 131-173;416-430 347-415,0.369565,-2.327497827706622,1.0,1.611116378031449,0.9500748581988916,0.8125730511980634,0.7685839963764628,1.2157170184722552,0.8304756289736708,0.723536197416894,0.055631892196258,0.1668956765887742,5.0,2.0,0.1907894736842105,0.7053364269141531,15.0,86.2,3,3,0.5981087470449172,0.5704438970840554,0.0,0.4552926003303491,1.0,0.5247690488918644,0,0.636519940521978
3aqoA,2,85,0.109897,3.553237,3.665449,0-68;205-220 69-204,0.5,-2.503121260338648,0.0,1.4096833701453444,1.0310143479155132,0.7727162543563038,0.7675158970014335,1.1225862440742804,0.8968705449978646,0.8230846780361876,0.0603606357358601,0.0603606357358601,3.0,1.0,0.625,0.6153846153846154,16.0,73.66666666666667,2,2,0.9547511312217196,0.9560819803034336,1.0,0.9775141684251898,1.0,0.9776694559900686,1,0.9056666638147209
1epuA,4,91,0.186041,3.115699,3.454775,0-124 125-234;444-511 235-325 326-443;512-526,0.642857,-1.9369424734904923,2.0,1.5220957087979636,1.090038003282638,0.8210842787664543,0.7795586537082848,1.347945737466095,0.7582444855245342,0.6128957670767156,0.0485412647227721,0.2153022160171556,6.0,2.0,0.5112359550561798,0.3377609108159393,15.0,87.83333333333333,4,4,0.9602385685884692,0.9413229051996284,0.7499999999999999,0.9693238967107318,1.0,0.924177074099766,1,0.7322550498014305
4oltB,2,88,0.119968,3.81575,3.877159,0-29;118-236 30-117,0.346154,-2.023726059581469,0.0,1.2099746652820065,1.0215616791993312,0.8326216224893253,0.7767061318788673,1.0270384027572126,0.9777597055242144,0.914550531358939,0.1179396684983706,0.1179396684983706,3.0,1.0,0.5906040268456376,0.6286919831223629,30.0,79.0,2,2,0.940928270042194,0.9423158610143574,1.0,0.9702544837908936,1.0,0.970699722969489,1,0.9408313798971856
2yglA,3,36,0.418383,2.827955,3.514477,0-170 171-274;311-350 275-310,0.777778,-2.499258674352337,1.0,1.646565772557926,0.923838797560761,0.7894550294875932,0.6935590300769309,1.15312446136555,0.8675519048515433,0.8515970960694695,0.1869228882037493,0.560768664611248,4.0,1.0,0.2105263157894736,0.4871794871794871,36.0,87.75,2,3,0.8974358974358975,0.8974358974358975,0.5,0.943019943019943,0.0,0.7475783475783476,1,0.8244338353679749
2yfaA,2,117,0.086788,3.796179,3.801221,0-85;205-235 86-204,0.115385,-2.449273157302577,0.0,1.815869528137576,0.8263525894524595,0.6976312427027138,0.6936235160036813,1.0465263374329037,0.9556667629753326,0.9447528873991546,0.0313460753531923,0.0313460753531923,3.0,1.0,0.9831932773109244,0.5042372881355932,31.0,78.66666666666667,2,2,0.9745762711864406,0.9748967383563596,1.0,0.987288820315246,1.0,0.9873523659716092,1,0.9187495970660992
1w5rA,3,33,0.253454,3.003803,3.385852,0-32 33-82;182-272 83-181,0.555556,-1.956639110162321,1.0,1.408495589131869,1.145839699112834,0.7536871090103316,0.622630520482269,1.213102669045849,0.8356814346661566,0.7244148667926256,0.1885305124579195,0.311725274354685,4.0,1.0,0.2340425531914893,0.5164835164835165,33.0,68.25,2,3,0.8717948717948718,0.8725106311313208,0.8,0.9295421368525744,0.0,0.7947695279557534,0,0.7249252729776725
3rwxA,2,106,0.027771,3.429117,3.470075,0-105 106-226,0.8125,-3.3425775421741912,0.0,1.7117164232375102,0.955025099635512,0.7633895228115701,0.7459783615181328,1.2448594150723125,0.8044376701595983,0.7742330211338937,0.0718469440854928,0.0718469440854928,2.0,0.0,0.8760330578512396,0.5330396475770925,106.0,113.5,2,2,1.0,1.0,1.0,1.0,1.0,1.0,1,0.9106024567766984
5ui2A,2,145,0.16779,3.537633,3.610386,0-29;175-315 30-174,0.769231,-2.2087055073529767,0.0,1.297981191248967,1.1026854874300764,0.97857809717461,0.9662615137766908,1.3964226907769337,0.7161253627363446,0.7134741724343747,0.1854581039897689,0.1854581039897689,3.0,1.0,0.847953216374269,0.5411392405063291,30.0,105.33333333333331,2,2,0.8333333333333334,0.8097483288031174,0.0,0.8937956998966816,1.0,0.7073754724066265,1,0.8831048230072059
2ntxA,2,101,0.076419,3.384602,3.454308,0-158;260-299 159-259,0.538462,-2.7455558550858266,0.0,1.6752560569613324,1.167690420646826,0.7882371852103482,0.7596861122307844,1.532895625926216,0.6738851840631508,0.5534467743355178,0.0140711268648014,0.0140711268648014,3.0,1.0,0.507537688442211,0.6633333333333333,40.0,100.0,2,2,1.0,1.0,1.0,1.0,1.0,1.0,1,0.7341653395972656
1td9D,2,154,0.115598,3.991913,4.021185,0-142;297-324 143-296,0.730769,-3.4311164531282348,0.0,1.306082434265524,1.0448143873306317,0.8200101445973675,0.7768544604917123,1.109701833551694,0.9017050233090492,0.8791925545467212,0.116694847932767,0.116694847932767,3.0,1.0,0.9005847953216374,0.5261538461538462,28.0,108.33333333333331,2,2,1.0,1.0,1.0,1.0,1.0,1.0,1,0.925329631665996
2hzmG,3,36,0.529676,2.959529,3.140963,0-32;149-195 33-112 113-148,0.638889,-1.555659599789794,1.0,1.8289831295342796,1.0203925968651226,0.745217758885782,0.5378177837499261,1.357763127853511,0.7974435698963219,0.5941885522869813,0.2509689886029999,0.5955462630627345,4.0,1.0,0.45,0.4081632653061224,33.0,49.0,2,3,0.7959183673469388,0.8063091090094574,0.8,0.8869880489223879,0.0,0.7578431050557568,0,0.699417038224777
1w7cA,4,30,0.20929,2.744952,3.317475,0-38;251-503;534-735 39-130 131-250 504-533,0.636364,-1.4068562879142823,2.0,2.259457097044521,1.1192370231781594,0.751160384176642,0.4911320501332213,1.705685262119725,0.6049421691536072,0.485446645388506,0.2076781610059976,0.6853452937041201,6.0,2.0,0.0607287449392712,0.6711956521739131,30.0,122.66666666666669,3,4,0.8804347826086957,0.8842998600131753,0.5,0.937863308445696,0.0,0.7405195902135134,0,0.6381764848009145
5vlcA,3,39,0.189671,3.315732,3.695338,0-226;377-391 227-376 392-430,0.611111,-2.5708060136562323,1.0,1.4568193517251211,1.1601629732398224,0.8221970064190188,0.5659888672282086,1.4315685890260257,0.8200364531989462,0.4332258696508623,0.0960892881635638,0.2882678644906916,4.0,1.0,0.1611570247933884,0.5614849187935035,15.0,107.75,3,3,0.7766749379652605,0.7773303907577781,0.0,0.8731207911029462,1.0,0.685425223965197,0,0.6945331973257702
2j91C,3,67,0.134423,3.449532,3.654643,0-30;104-360;428-455 31-103 361-427,0.434783,-1.9028275004201556,1.0,1.7708811373163806,0.9018555279928636,0.7280086807498982,0.6957976081945564,1.1652003990348054,0.8809126941695213,0.693708585515892,0.0651670650016496,0.1459294240613385,5.0,2.0,0.2120253164556962,0.6929824561403509,28.0,91.2,3,3,0.7780269058295964,0.8010229123441092,0.5714285714285715,0.8879743118283974,1.0,0.8076905402861349,1,0.641652091740331
4juuA,2,156,0.12157,3.838128,3.911401,0-133;290-314 134-289,0.423077,-2.79161311604126,0.0,1.3605109151630912,1.0561221547712925,0.7476051621228279,0.7266274635602697,1.0717931738679485,0.9348817021122988,0.8931160739689828,0.1495407459274013,0.1495407459274013,3.0,1.0,0.981132075471698,0.5047619047619047,25.0,105.0,2,2,0.9809523809523808,0.9811328574631182,1.0,0.9904765744659302,1.0,0.9905123625762858,1,0.9311549889203934
3qwnA,2,70,0.067819,3.427965,3.436896,0-69 70-202,0.875,-2.5819586759578703,0.0,1.4752508491198348,1.060233346525591,0.8421821268723908,0.8252740955336443,1.295189361291888,0.7722760234670382,0.7602218311200576,0.0,0.0,2.0,0.0,0.5263157894736842,0.6551724137931034,70.0,101.5,2,2,0.9901477832512317,0.9901848216600616,1.0,0.9950657177003056,1.0,0.9950796645223198,1,0.9358027062637507
3oceA,2,136,0.16998,3.852664,3.888411,0-135 136-460,0.875,-3.297049617806844,0.0,1.929307056410288,0.9867659568652908,0.7622091027209323,0.7315158117737987,1.407274330706458,0.7383066771962743,0.5952653557728692,0.2424964634212818,0.2424964634212818,2.0,0.0,0.4184615384615384,0.7049891540130152,136.0,230.5,3,2,0.869281045751634,0.7894609725470767,0.6666666666666666,0.8196938134444334,0.0,0.7290204996819621,0,0.5782511573639615
5hvnA,2,176,0.144503,3.811701,3.828204,0-175 176-353,0.625,-2.660093712872254,0.0,1.3286922374611292,1.0080614970870545,0.8939915383670212,0.8424212825621241,1.1921048999329216,0.8393240403993172,0.8194268343833538,0.168120027499183,0.168120027499183,2.0,0.0,0.9887640449438202,0.5028248587570622,176.0,177.0,2,2,0.9943502824858758,0.9943663328197226,1.0,0.9971752088734476,1.0,0.9971783648358092,1,0.9271593460812381
1ftrA,3,30,0.383203,2.914031,3.468622,0-167 168-205;236-295 206-235,0.527778,-2.275873989673626,1.0,1.651369182914315,0.9911307478008728,0.7325954029907339,0.5988952350862843,1.1935473900045177,0.8576465053427436,0.6994139817460849,0.2152847309874968,0.5993951592446664,4.0,1.0,0.1785714285714285,0.5675675675675675,30.0,74.0,2,3,0.7702702702702703,0.7775297619047619,0.4,0.8705047318611987,0.0,0.6636609528072461,0,0.7407388008075899
1wzoA,2,38,0.154245,3.238882,3.582849,0-37 38-235,0.625,-2.248162659223937,0.0,1.2946927549478016,0.9268157056209224,0.858753946472075,0.8309645768323135,1.0315834014715886,0.9746515642565214,0.9029964228647438,0.1378833194097349,0.1378833194097349,2.0,0.0,0.1919191919191919,0.8389830508474576,38.0,118.0,2,2,0.9830508474576272,0.983136449238144,1.0,0.9914382843919108,1.0,0.9915251162175364,1,0.8487876266296394
2qojZ,2,107,0.218387,3.377431,3.458399,0-144 145-251,0.375,-2.440288110201913,0.0,1.4257531510534716,1.227139245025343,0.8511195541971374,0.8380006067007835,1.486779421752371,0.6726483254506848,0.6666439450827037,0.2408018838507748,0.2408018838507748,2.0,0.0,0.7379310344827587,0.5753968253968254,107.0,126.0,2,2,0.7777777777777778,0.7992337164750957,0.0,0.8883982083149329,1.0,0.6930819405135613,0,0.7353014207764367
1ujnA,2,162,0.145675,3.808799,3.865066,0-161 162-337,0.5,-3.2594536636305933,0.0,1.262287933979396,1.058332018130047,0.8596156280442737,0.8050106075945334,1.1438632220530416,0.875820384139105,0.8385036027414404,0.1683054881530625,0.1683054881530625,2.0,0.0,0.9204545454545454,0.5207100591715976,162.0,169.0,2,2,0.9802431610942248,0.9681296274035786,1.0,0.98364081172457,1.0,0.9864027200444748,1,0.952873418006199
1j1jA,3,31,0.209454,3.024234,3.37277,0-30 31-146 147-216,0.192308,-1.6453630757296562,1.0,2.203956920424658,0.7016805129891684,0.5931587631013512,0.3698053399995095,0.872512263905498,1.3833298027756122,0.8939226233923042,0.1118755783354635,0.1719485137828726,3.0,0.0,0.2672413793103448,0.5345622119815668,31.0,72.33333333333333,2,3,0.7188940092165899,0.7405247813411079,0.0,0.8492641593578119,0.0,0.5617365899831019,0,0.7635774150319196
4e6yA,3,93,0.193757,2.925014,3.27064,0-92 93-254;364-409 255-363,0.527778,-1.6229131327706476,1.0,1.9547227504647935,1.0345261305209563,0.8585980359430705,0.8141613899332484,1.6863262217718529,0.6112741336881249,0.506678978104491,0.0930582678966206,0.1926143573430458,4.0,1.0,0.4471153846153846,0.5073170731707317,46.0,102.5,3,3,0.7317380352644837,0.7815961856320401,0.6666666666666666,0.8706072890382037,1.0,0.8101216353202788,1,0.6127698416798633
3uhjF,2,110,0.19538,3.795519,3.986556,0-237 238-347,0.625,-3.191269461338645,0.0,1.2698674421332408,1.0844863100589095,0.8067846646266661,0.8018127248168896,1.111271186317938,0.9021471389424228,0.8568261545095386,0.2837430529694815,0.2837430529694815,2.0,0.0,0.4621848739495798,0.6839080459770115,110.0,174.0,2,2,0.5,0.5913865546218487,0.0,0.7425328454317845,1.0,0.5667838800107267,0,0.8614334710026992
1anxA,2,157,0.096353,3.792007,3.809904,0-85;243-315 86-242,0.384615,-3.167443012658197,0.0,1.6557906289654605,0.9931238548534866,0.6511672310164025,0.6395534428708995,1.0704971659487683,0.934150628893016,0.9319398734807428,0.0678675731353293,0.0678675731353293,3.0,1.0,0.9874213836477987,0.5031645569620253,73.0,105.33333333333331,4,2,0.4901639344262295,0.4783434544341646,0.8,0.3478828335275794,0.0,0.4899447111442613,0,0.8606538473240622
3bhgA,3,121,0.244698,3.455026,3.525322,0-145 146-182;353-436 183-352,0.277778,-2.1639623628122924,1.0,2.147650300521465,0.9520328514463042,0.7362838331036091,0.6229309711326976,1.4788430536282793,0.6784186257182618,0.626349618972012,0.165940819188756,0.3205714767603276,4.0,1.0,0.711764705882353,0.3890160183066362,37.0,109.25,3,3,0.5789473684210527,0.6630795531941407,0.0,0.7941946095264173,1.0,0.6072443062283222,0,0.60441985424434
3nb2A,4,105,0.135637,3.567397,3.827589,0-219 220-327 328-432 433-611,0.527778,-2.115662159786866,2.0,1.4363051027414646,1.0223693431709722,0.7797118325123826,0.6954568916245211,1.1230405504478729,0.8911379391410358,0.8690480125541548,0.0284558942623207,0.0986646127984749,4.0,0.0,0.4772727272727273,0.3594771241830065,105.0,153.0,4,4,0.8398692810457516,0.8540052138703941,0.6666666666666666,0.9169339211188732,1.0,0.8554950165403371,1,0.8602208232330122
2qgaB,4,60,0.204021,3.338271,3.593109,0-29;116-145;198-371 30-115 146-197;432-453 372-431,0.424242,-1.9679426516219785,2.0,1.8000008656973383,0.937900137187658,0.7426035737168099,0.6788691797145582,1.2348078999469716,0.8212441771463411,0.6834136989748436,0.0812889132588583,0.2395404745680299,7.0,3.0,0.2564102564102564,0.5154185022026432,22.0,64.85714285714286,3,4,0.6828193832599119,0.7189871039439705,0.6666666666666666,0.8340972136192226,0.0,0.6805140734979543,1,0.5811087734671699
5grmA,1,188,0.0,0.0,0.0,0-187,0.666667,-2.4864416285953603,1.0,1.496586614860501,1.1748020522963296,0.8067746587851655,0.8067746587851655,1.4184655790953853,0.7049871457844908,0.7049871457844908,0.0,0.0,1.0,0.0,1.0,1.0,188.0,188.0,2,1,0.75,0.625,0.0,0.6428571428571428,0.0,0.5035714285714286,0,0.5950199280216938
2guwC,2,127,0.046667,3.554754,3.76516,0-126 127-393,0.3125,-2.750991028987123,0.0,1.6801540875148029,0.9328631114132074,0.75448129680593,0.6963651994072058,1.1606549183060937,0.8617860462119918,0.8485426269888715,0.0,0.0,2.0,0.0,0.4756554307116105,0.6776649746192893,127.0,197.0,2,2,0.9593908629441624,0.960669890882929,1.0,0.9798757378436728,1.0,0.9799872983341528,1,0.7766794469348202
1i0aA,4,64,0.164344,3.491266,3.563071,0-128;171-222 129-170;418-452 223-353 354-417,0.339286,-2.6731406604567383,2.0,1.704925239649299,0.9987782002121964,0.8143360890004308,0.6562384674774365,1.3451320146398604,0.7807568080314832,0.5361023811688979,0.0445667101760411,0.1775419672484112,6.0,2.0,0.3535911602209944,0.3995584988962472,35.0,75.5,3,4,0.6498855835240275,0.676901466325187,0.6,0.8010811075717961,0.0,0.6455736314842021,0,0.6429443563807179
5k8cA,2,173,0.160006,3.818005,3.8953,0-184 185-357,0.6875,-2.454046804447767,0.0,1.3888408097708251,1.0766229714192297,0.8021102782305725,0.6720558419158419,1.1828573140571628,0.8487813780967041,0.7952918113316545,0.2121435268365827,0.2121435268365827,2.0,0.0,0.9351351351351352,0.5167597765363129,173.0,179.0,2,2,0.994413407821229,0.9944295540413988,1.0,0.9972069876158308,1.0,0.9972099898956918,1,0.8009873089909506
5eksA,2,151,0.132206,3.956256,3.967098,0-172;204-234 173-203;235-354,0.333333,-2.8648606819567477,0.0,1.308934338962839,1.0790732144273414,0.8880676379158975,0.8508281040353944,1.253771699007475,0.8006831394209111,0.7509445945535325,0.2909759117671938,0.2909759117671938,4.0,2.0,0.7401960784313726,0.5746478873239437,31.0,88.75,2,2,0.819718309859155,0.8338580502623584,0.5,0.9093768112561214,1.0,0.8125906342755269,1,0.8534998859357917
4jcwA,2,100,0.173909,3.483762,3.67583,0-101 102-201,0.75,-2.578469809739881,0.0,1.358304552947398,0.9675398271259874,0.8064390098258853,0.7519868869632184,1.0569158256926912,0.9507926740740252,0.8843469235856471,0.1843690785616403,0.1843690785616403,2.0,0.0,0.9803921568627452,0.504950495049505,100.0,101.0,2,2,0.9587628865979382,0.9432989690721648,1.0,0.970378603901406,1.0,0.974488091914302,1,0.9751440582387915
3gfvA,2,140,0.186424,3.723786,3.766937,0-139 140-281,0.3125,-3.1025231519635845,0.0,1.2655146943966746,1.0467454922334936,0.8641857442381267,0.7983347541143209,1.1408699080829707,0.8770923404593469,0.8547680077929292,0.2295438461925476,0.2295438461925476,2.0,0.0,0.9859154929577464,0.5035460992907801,140.0,141.0,2,2,0.7163120567375887,0.7562681050844071,0.0,0.8609173351935822,1.0,0.6666994994031156,0,0.9404050479942477
4bgfA,3,34,0.409493,3.187053,3.3678,0-82 83-235 236-269,0.576923,-1.2665040497766236,1.0,1.432045252367649,1.1156340211208031,0.7260346121033147,0.5339043102700516,1.1485490897271804,0.919041258068744,0.6627485067229342,0.2028622361254984,0.5737427506640778,3.0,0.0,0.2222222222222222,0.5666666666666667,34.0,90.0,2,3,0.4814814814814814,0.5494795449043814,0.5,0.7058995754647928,0.0,0.5473721203701312,0,0.7503961490609616
1n10A,2,94,0.154095,3.590383,3.612116,0-133 134-227,0.8125,-1.581013512846118,0.0,1.4234295256871894,1.0430060931969922,0.9210110767623104,0.8719390533675255,1.388220792144122,0.7545592885532215,0.5938870403935919,0.1340640641356434,0.1340640641356434,2.0,0.0,0.7014925373134329,0.5877192982456141,94.0,114.0,2,2,0.8981481481481481,0.8841901603095633,1.0,0.9381628995684296,1.0,0.9441002416052282,1,0.9070925532802573
4rflA,2,134,0.188573,3.794639,3.957267,0-133 134-331,0.75,-2.7309822614117616,0.0,1.1894827153708794,1.053544787807382,0.9015015837853848,0.832592577715928,1.123040581343711,0.890607472245978,0.8783864061507675,0.2887412570566163,0.2887412570566163,2.0,0.0,0.6767676767676768,0.5963855421686747,134.0,166.0,2,2,0.993975903614458,0.9939983815860456,1.0,0.996989798835338,1.0,0.9969928168071684,1,0.9484376232942084
4guzA,3,33,0.351993,3.10701,3.38077,0-93 94-250 251-283,0.576923,-0.8071565150178022,1.0,1.4718250023600987,1.1969109279008805,0.6887189486980446,0.5073127574539302,1.208142975766158,0.8622043689402569,0.7050029721841822,0.1716887014366315,0.4894639080674167,3.0,0.0,0.2101910828025477,0.5528169014084507,33.0,94.66666666666669,2,3,0.5035211267605634,0.5689198887593073,0.5,0.7230488525558949,0.0,0.5590979736151531,0,0.771040846607612
4e4rA,2,155,0.120894,3.896379,3.938097,0-141;297-324 142-296,0.692308,-3.091004737455391,0.0,1.6158449431213666,1.0778262338407218,0.8938516219858097,0.8860146055591674,1.56569777417016,0.6549816769547587,0.5516914443077522,0.4207658022083005,0.4207658022083005,3.0,1.0,0.9117647058823528,0.5230769230769231,28.0,108.33333333333331,2,2,1.0,1.0,1.0,1.0,1.0,1.0,1,0.831795855214358
4ljsA,2,143,0.148707,3.55257,3.622736,0-161 162-304,0.625,-2.479399890065319,0.0,1.241601567544545,1.0582408490666069,0.9426558994576042,0.8612958673544314,1.2358467549523828,0.8126748299830444,0.7592431818376486,0.1486608972252878,0.1486608972252878,2.0,0.0,0.8827160493827161,0.5311475409836065,143.0,152.5,2,2,1.0,1.0,1.0,1.0,1.0,1.0,1,0.9544495825917848
2ab5B,2,94,0.199349,3.181135,3.329157,0-151 152-245,0.375,-2.488014490126103,0.0,1.4038470881552023,1.1695480226605384,0.9621762659895928,0.9434548086084088,1.5791996951290883,0.638278754898709,0.5815235960340941,0.1953955304254244,0.1953955304254244,2.0,0.0,0.618421052631579,0.6178861788617886,94.0,123.0,2,2,0.7723577235772358,0.7933247753530167,0.0,0.8845751017896651,1.0,0.6900515201439835,1,0.8358399885621943
3tv2A,4,39,0.182648,3.38523,3.671432,0-131 132-162;202-397 163-201 398-456,0.326087,-2.6048143784713846,2.0,1.7402755128383047,0.9899580300497935,0.6749796085975479,0.4092115100006042,1.0946685178600275,0.9253185158831976,0.8209527735837684,0.1016039928915961,0.3591606297222299,5.0,1.0,0.171806167400881,0.4967177242888402,31.0,91.4,3,4,0.8840262582056893,0.8856963068017358,0.6666666666666666,0.9379770678925006,0.0,0.7748732599133185,0,0.6683329050731897
2hiyB,2,76,0.214084,3.323863,3.350756,0-75 76-176,0.3125,-2.0044430674647065,0.0,1.4413093689038337,1.0777845355231472,0.7315770492651028,0.7059152551746024,1.130827938228423,0.8850123572679869,0.8600420656803199,0.2216809579539902,0.2216809579539902,2.0,0.0,0.7524752475247525,0.5706214689265536,76.0,88.5,2,2,0.8757062146892656,0.8824746881467808,0.0,0.9375456965114676,1.0,0.7391453198695028,1,0.8963724432614919
3akjA,3,69,0.269212,3.409485,3.418883,0-68 69-166 167-274,0.730769,-1.6412054103088538,1.0,1.5588013125882003,1.155903934020918,0.7836106184949615,0.7498381999305659,1.4105652718225945,0.7167369427271405,0.6316206876356942,0.2019410432182623,0.3025445890091677,3.0,0.0,0.6388888888888888,0.3927272727272727,69.0,91.66666666666669,2,3,0.6254545454545455,0.6436363636363637,0.6666666666666666,0.7706088792055253,0.0,0.6412732909926202,0,0.6699099137442084
1vz6A,2,123,0.112586,3.903575,4.04839,0-252 253-375,0.875,-2.744268642266634,0.0,1.349622429481999,1.0775252887499067,0.7565731132539667,0.7032543287961256,1.094403288137662,0.9182159394855998,0.8541072057402682,0.1230975225988743,0.1230975225988743,2.0,0.0,0.4861660079051383,0.6728723404255319,123.0,188.0,2,2,0.9849315068493152,0.972558191335338,1.0,0.985636840571262,1.0,0.9886253077511832,1,0.8752428125328449
4admA,2,127,0.151199,3.857048,3.962098,0-126 127-449,0.875,-3.717524576842756,0.0,1.945348623086866,0.9395923978805536,0.7653960293366309,0.7313660172027479,1.3558287147361907,0.7561417274782474,0.6375954370705467,0.2206001740255281,0.2206001740255281,2.0,0.0,0.3931888544891641,0.7177777777777777,127.0,225.0,3,2,0.8581081081081081,0.77403586176716,0.6666666666666666,0.8069619276811058,0.0,0.7211545128446081,0,0.6355485903520182
2guwB,2,134,0.051713,3.563538,3.772661,0-133 134-417,0.3125,-3.182695532158568,0.0,1.6468083865702718,0.9060205059140438,0.8082276341269972,0.7456343989393722,1.1821318567178771,0.8459302215656924,0.8450578578607335,0.0,0.0,2.0,0.0,0.4718309859154929,0.6794258373205742,134.0,209.0,2,2,0.9521531100478468,0.9539384417624795,1.0,0.9763332374624424,1.0,0.9764849578545538,1,0.766382379622891
4hppA,2,158,0.284344,3.722126,3.756831,0-232;391-425 233-390,0.769231,-1.648539660958225,0.0,1.5027254086719892,1.0995119866211212,0.8786143083803726,0.825721285555436,1.4582971671434877,0.7014880705676648,0.596353906481613,0.4541735620346093,0.4541735620346093,3.0,1.0,0.5895522388059702,0.6291079812206573,35.0,142.0,2,2,0.392018779342723,0.4602428000840866,0.0,0.6289187147550478,1.0,0.4962360588363714,0,0.6432144444529573
4evfA,2,95,0.128706,3.683546,3.803208,0-129;225-293 130-224,0.538462,-2.1799684123661462,0.0,1.3046497452803445,1.1312372399518238,0.7834233576308852,0.7797055404792822,1.1580266220905304,0.8704338426523601,0.7929588809094277,0.1216010007989405,0.1216010007989405,3.0,1.0,0.4773869346733668,0.6768707482993197,69.0,98.0,4,2,0.4625850340136054,0.4660767742127389,0.4,0.3757945506244826,0.0,0.4075579384368321,0,0.8758793269049996
2j1qA,2,97,0.179424,3.623423,3.754145,0-96 97-338,0.9375,-3.8663652867408262,0.0,1.4178388232879198,1.0890597596439382,0.8026081359331236,0.7271991703682579,1.228706233952303,0.8182237972679574,0.7584982836838311,0.2256889751562739,0.2256889751562739,2.0,0.0,0.4008264462809917,0.7138643067846607,97.0,169.5,2,2,0.9970326409495548,0.9941876472207776,0.0,0.9970635509396636,1.0,0.7976567678219992,1,0.7360668539681038
2j58A,3,31,0.063241,2.883781,3.261053,0-43;228-313 44-227 314-344,0.666667,-2.3783527530010704,1.0,2.385006645031614,0.9277578533436948,0.6593849874392638,0.3555990540604337,1.4248189619629226,0.961726830320516,0.4479432523254342,0.0,0.0,4.0,1.0,0.1684782608695652,0.5333333333333333,31.0,86.25,4,3,0.6775244299674267,0.6332108657522904,0.5,0.6010163879869912,0.0,0.5823503367413416,0,0.6720475666373761
4dunA,2,111,0.245738,3.561756,3.678413,0-117;229-258 118-228,0.653846,-2.018452502655706,0.0,1.3804996671234475,1.0009730238643375,0.8557713236860325,0.8004148020826681,1.1786865628191143,0.8484142439443181,0.8451870527893256,0.4216853586745794,0.4216853586745794,3.0,1.0,0.75,0.5714285714285714,30.0,86.33333333333333,2,2,0.8378378378378378,0.8493425858290724,0.5,0.9185112385112384,1.0,0.8211383324356297,1,0.7970311884170375
3okfA,2,156,0.123338,3.90465,3.933042,0-172;204-234 173-203;235-359,0.333333,-3.3102798370084106,0.0,1.271630650555101,1.066871974915058,0.8459985810694932,0.7780460909273175,1.1471821303245022,0.8766596757383309,0.810728453909863,0.1341089760439494,0.1341089760439494,4.0,2.0,0.7647058823529411,0.5666666666666667,31.0,90.0,2,2,0.8222222222222222,0.8361655773420479,0.5,0.910759250096212,1.0,0.8138294099320964,0,0.919553909198724
3aekA,2,103,0.139812,3.572634,3.793343,0-32;136-414 33-135,0.538462,-2.877294705237208,0.0,1.380015997937894,1.1598785023462614,0.7595236124217819,0.7332968933031789,1.208550592782716,0.8274928410919118,0.820721585880206,0.1707301769631989,0.1707301769631989,3.0,1.0,0.3301282051282051,0.7518072289156627,33.0,138.33333333333334,3,2,0.5301204819277109,0.5458294717330862,0.0,0.5277257470297078,0.0,0.420735140138101,0,0.720513154173383
2h9fA,2,188,0.051748,3.886801,3.89833,0-174;363-380 175-362,0.538462,-2.0910366972098604,0.0,1.339453614148678,1.0990418082377378,0.8200134877712746,0.7735317864622868,1.194844414106632,0.8376396217411222,0.8132428325647575,0.2035282409845442,0.2035282409845442,3.0,1.0,0.9740932642487048,0.5065616797900262,18.0,127.0,2,2,0.979002624671916,0.9792260010051936,1.0,0.9895039174693734,1.0,0.9895465086292966,1,0.9100693805000633
1dkgB,2,58,0.10612,3.215319,3.467045,0-92 93-150,0.625,-2.544193981218807,0.0,3.323334743310645,0.7085939059020787,0.4859638868382681,0.3175891532449022,0.9499036408228984,1.0746399802786215,0.9212243425057484,0.0131752930711626,0.0131752930711626,2.0,0.0,0.6236559139784946,0.6158940397350994,58.0,75.5,2,2,0.9966666666666668,0.993448275862069,1.0,0.996695652173913,1.0,0.9973621189405296,1,0.8211438116043038
5v4lD,2,67,0.057949,3.475113,3.691678,0-352;420-450 353-419,0.384615,-3.21698128301148,0.0,1.867554112933066,0.8929498094549695,0.7562847859460378,0.7456437899597642,1.263684891468008,0.813564738397698,0.6790876120429612,0.0248476927247242,0.0248476927247242,3.0,1.0,0.1744791666666666,0.8514412416851441,31.0,150.33333333333334,3,2,0.6782511210762332,0.6036532545457933,0.4,0.6568569530452939,0.0,0.567752265733464,0,0.6346682703084231
5zhqA,2,96,0.16388,3.545378,3.68816,0-95 96-354,0.875,-2.9706343362159835,0.0,1.409558074937542,1.1096262773075392,0.8093464009815989,0.7339843233447866,1.254938968881712,0.8017764692626721,0.7389375934412825,0.1946158971594703,0.1946158971594703,2.0,0.0,0.3706563706563706,0.7295774647887324,96.0,177.5,2,2,0.9971671388101984,0.9944523135033048,0.0,0.9971969584016698,1.0,0.7977632821430346,1,0.8141255704728692
3nqzA,2,82,0.167487,3.437965,3.479223,0-92 93-174,0.875,-1.6758661932138148,0.0,1.5978286646562705,0.9886186211244358,0.7192237185411177,0.7144644671995987,1.136071241454405,0.8803715722147178,0.8690699249773596,0.1247301128169374,0.1247301128169374,2.0,0.0,0.8817204301075269,0.5314285714285715,82.0,87.5,2,2,0.9771428571428572,0.977388632872504,1.0,0.988564693556836,1.0,0.9886192367144394,1,0.9553256596901074
2gk9B,2,93,0.124971,3.309902,3.454002,0-156 157-249,0.5625,-1.2214455145350718,0.0,1.4994222692962131,1.0042894145248549,0.8911490287770442,0.875381989584626,1.3431291440628037,0.7466363341071688,0.7069798954346869,0.0835590727915402,0.0835590727915402,2.0,0.0,0.5923566878980892,0.628,93.0,125.0,2,2,1.0,1.0,1.0,1.0,1.0,1.0,1,0.8787899961356596
3d30A,2,102,0.190514,3.600346,3.720657,0-105 106-207,0.6875,-2.4791184631387138,0.0,1.3218886987140777,1.048388978160419,0.7722790235619126,0.7432938862143719,1.065797054119059,0.9421158995127924,0.8818825352361608,0.2870285098175649,0.2870285098175649,2.0,0.0,0.9622641509433962,0.5096153846153846,102.0,104.0,2,2,0.9653465346534652,0.9536012424771888,1.0,0.9760095025333164,1.0,0.978991455932794,1,0.9398794624542578
1z3uA,3,36,0.362576,3.204681,3.452871,0-40 41-135;172-215 136-171,0.777778,-1.3386790212921171,1.0,1.453764159352496,0.9308906589605652,0.7318427393349182,0.6366684342172588,0.9852850028719778,1.0384633406508772,0.837504294105495,0.251569811740194,0.4759901906582263,4.0,1.0,0.2589928057553957,0.6435185185185185,36.0,54.0,2,3,0.4629629629629629,0.529320987654321,0.4,0.6914950664950665,0.0,0.5167558034224701,0,0.6916396028274983
2ii2A,2,148,0.131913,3.806345,3.814717,0-70;227-303 71-226,0.423077,-2.212056835538591,0.0,1.6481368768561315,0.99767861084951,0.6935659439484172,0.6816007345757815,1.13987007147766,0.8778104903495949,0.8564965250718509,0.2012434045164755,0.2012434045164755,3.0,1.0,0.9487179487179488,0.5131578947368421,71.0,101.33333333333331,4,2,0.5625,0.5093530159265502,0.8,0.4250551345410597,0.0,0.5260482967601887,0,0.7952003623318983
1m4uA,2,59,0.117368,3.175201,3.201424,0-61;121-198 62-120,0.807692,-2.2531933821618817,0.0,2.168492872424548,1.1213788265288112,0.7337099524098141,0.668776196231103,1.7550411259091674,0.57926004057413,0.505184215981296,0.0370648425585693,0.0370648425585693,3.0,1.0,0.4214285714285714,0.7035175879396985,59.0,66.33333333333333,2,2,0.9707446808510638,0.9460866261398176,1.0,0.9719409950170056,1.0,0.9777544604015772,1,0.6450096257680663
1dm5A,2,155,0.087408,3.805436,3.817345,0-83;244-314 84-243,0.346154,-2.791315592631512,0.0,1.6431805397899113,0.9856979558023642,0.6643832860411432,0.6628031625044543,1.0760820413281906,0.9293043188352864,0.9267275524624188,0.0516236032190733,0.0516236032190733,3.0,1.0,0.96875,0.5079365079365079,71.0,105.0,4,2,0.4983606557377049,0.481730068726482,0.8,0.3504121158554122,0.0,0.4927672347305865,0,0.8769883844674127
4efjA,2,120,0.14157,3.531713,3.579086,0-170 171-290,0.3125,-3.756572309746577,0.0,1.6127333361056977,1.0156844410999049,0.8606681142839578,0.817444552148489,1.4077873665642775,0.7107800131431414,0.6929859386288861,0.1297862156665172,0.1297862156665172,2.0,0.0,0.7017543859649122,0.5876288659793815,120.0,145.5,2,2,0.8186619718309859,0.8261263487356889,0.0,0.9047679823459904,1.0,0.7099112605825331,1,0.7593784654702701
2h0lA,2,157,0.086668,3.735412,3.759582,0-84;242-315 85-241,0.423077,-2.9285351003369344,0.0,1.6265161661657,0.9884895447865728,0.682474915130303,0.6822864655305027,1.0971882786224123,0.9114788508609868,0.904192303276046,0.0481284060092377,0.0481284060092377,3.0,1.0,0.9874213836477987,0.5031645569620253,74.0,105.33333333333331,4,2,0.4867986798679868,0.474976344527855,0.8,0.3448702038611358,0.0,0.4879957123180622,0,0.8794339436274188
3mxaA,2,135,0.10798,3.576345,3.662698,0-165 166-300,0.375,-3.4278938587648504,0.0,1.6794647702583454,0.969305136937086,0.8265676339061967,0.8207423944923427,1.3457557096719648,0.7433701681661169,0.7286054719053568,0.0786803284506381,0.0786803284506381,2.0,0.0,0.8132530120481928,0.5514950166112956,135.0,150.5,2,2,0.9003322259136213,0.9048352879958372,0.0,0.9500337300591364,1.0,0.751040248793719,1,0.8087218238230766
4mduA,2,177,0.161457,3.665477,3.723324,0-102;283-356 103-282,0.423077,-3.021264646393464,0.0,1.5862290989572168,1.13947294491037,0.6734032312613156,0.6681008602126313,1.218146919573298,0.8249300487691571,0.7674078659109387,0.1923976623472854,0.1923976623472854,3.0,1.0,0.9833333333333332,0.5042016806722689,74.0,119.0,4,2,0.4770642201834862,0.4617583847874627,0.8,0.3488090869375273,0.0,0.4841930050483619,0,0.7691743544763525
3g7kB,2,190,0.077364,3.814382,3.91695,0-162;360-386 163-359,0.346154,-1.949585167298491,0.0,1.4013174213083766,1.05167259018888,0.7782050185701357,0.7528727079206883,1.134948901928884,0.8859416609813455,0.8204272068377326,0.0492415698920172,0.0492415698920172,3.0,1.0,0.964467005076142,0.5090439276485789,27.0,129.0,2,2,0.917312661498708,0.9206705229606896,1.0,0.9586961033989458,1.0,0.9593358575716688,1,0.932297887762256
1e2tA,1,274,0.0,0.0,0.0,0-273,0.833333,-2.645121724302816,1.0,1.291399167043675,1.0481413371938637,0.9134052008471596,0.9134052008471596,1.236356827108556,0.8088279840203424,0.8088279840203424,0.0,0.0,1.0,0.0,1.0,1.0,274.0,274.0,3,1,0.4270072992700729,0.347994032713517,0.0,0.2555491253943659,0.0,0.2727767581422578,0,0.688152233444063
4ilyA,2,87,0.096211,3.778989,3.827853,0-29;117-235 30-116,0.307692,-2.24843892960058,0.0,1.2343841021252104,0.982122819578554,0.861149433101603,0.8190750381121742,1.0442675709677265,0.965394688108457,0.8786981802803161,0.0496002703772757,0.0496002703772757,3.0,1.0,0.5838926174496645,0.6313559322033898,30.0,78.66666666666667,2,2,0.9322033898305084,0.9340234330565352,1.0,0.9658242400498392,1.0,0.9664102125873766,1,0.9492427224555934
3hh8A,2,124,0.218896,3.6906,3.730111,0-155 156-279,0.3125,-1.9065699044848643,0.0,1.311099686064518,1.1793109504256962,0.7543933682245548,0.7379512175576936,1.165592674158646,0.8581005856504933,0.8460958224800839,0.2793497249426374,0.2793497249426374,2.0,0.0,0.7948717948717948,0.5571428571428572,124.0,140.0,2,2,0.95,0.9511217948717948,1.0,0.9749437479909996,1.0,0.9752131085725588,1,0.8766026536911204
5mbqB,2,109,0.152646,3.735571,3.78079,0-155;265-284 156-264,0.884615,-2.0919905048901306,0.0,1.2852427800275246,1.06111825064837,0.8264900102490012,0.8147169070378357,1.1265695864034866,0.8877378735757729,0.8789282494507781,0.1625971222370346,0.1625971222370346,3.0,1.0,0.6193181818181818,0.6175438596491228,20.0,95.0,2,2,0.940766550522648,0.945817217018828,1.0,0.9721391128168116,1.0,0.9717445760716577,1,0.9400755806238984
1xqbA,2,57,0.136975,3.219425,3.271573,0-125 126-182,0.9375,-1.551534054811767,0.0,1.4340901765742444,1.049779139404757,0.9443614503003336,0.8743956704752984,1.4343917612203745,0.7168318067432866,0.5980814098863036,0.0648890870917968,0.0648890870917968,2.0,0.0,0.4523809523809524,0.6885245901639344,57.0,91.5,2,2,0.7923497267759563,0.8080058981698326,0.5,0.8929919959259296,1.0,0.7986695241743437,0,0.9132118417067937
2hyvA,2,74,0.126916,3.583526,3.709054,0-73 74-307,0.625,-2.4095422042508634,0.0,1.3502937944884383,1.067253467915759,0.8547861508281532,0.8532367961239549,1.2371229947159437,0.8265563894894541,0.7038063825360145,0.1137793808953146,0.1137793808953146,2.0,0.0,0.3162393162393162,0.7597402597402597,74.0,154.0,4,2,0.4967532467532468,0.488140589204419,0.5,0.3706511175898931,0.0,0.4377756573761784,0,0.9106231160701386
1w4tA,4,22,0.242915,2.851073,3.278189,0-88 89-186 187-208 209-276,0.6,-1.349458731475638,2.0,1.7035639927889648,0.949462970296368,0.716178777388082,0.4078199959202728,1.1207414613370483,0.9469626754868486,0.751756805246485,0.105288570637775,0.3092768605114709,4.0,0.0,0.2244897959183673,0.3537906137184115,22.0,69.25,2,4,0.6672661870503597,0.6726618705035972,0.8,0.7819623080231171,0.0,0.6510447397820814,0,0.6695139007214576
6c5cA,2,183,0.140429,3.910296,3.921126,0-182 183-384,0.4375,-2.551528908539882,0.0,1.3114179457857,1.085746239240948,0.8245290537266019,0.7748228642503892,1.1698685998534328,0.856145652086674,0.8221637936726747,0.1786943682826604,0.1786943682826604,2.0,0.0,0.905940594059406,0.5246753246753246,183.0,192.5,2,2,0.9948051948051948,0.9948193882620112,1.0,0.997402948818474,1.0,0.997405506377136,1,0.8937990284206911
2nykA,2,92,0.123418,3.663547,3.693511,0-144 145-236,0.125,-2.733759618613952,0.0,1.548627207300486,0.9545805648988208,0.7314818770279053,0.694837535883408,1.078681835281956,0.931619112605777,0.8664289343468443,0.0884549629017814,0.0884549629017814,2.0,0.0,0.6344827586206897,0.6118143459915611,92.0,118.5,2,2,0.9617021276595744,0.9587459411804878,1.0,0.9789116388621704,1.0,0.9798719415404464,1,0.879025049574916
3ce9A,2,143,0.196604,3.879781,3.906806,0-154;188-232 155-187;233-342,0.861111,-2.6266506833272625,0.0,1.3243096165249728,1.022085018796633,0.8843857758781833,0.8821029303595463,1.1972390623564229,0.8405379554253698,0.7739011525884286,0.2956522267622274,0.2956522267622274,4.0,2.0,0.715,0.5830903790087464,33.0,85.75,2,2,0.7317784256559767,0.7626239067055394,0.5,0.8653118180088044,1.0,0.7719428300740641,0,0.8348787355657362
2c4iA,2,118,0.377267,3.550608,3.564955,0-117 118-241,0.875,-0.5793127770741686,0.0,1.6725388471591494,0.9414881315033784,0.836027455713606,0.8183642912840796,1.3159934571008431,0.7599279577381283,0.7540309645206045,0.5388902159610244,0.5388902159610244,2.0,0.0,0.9516129032258064,0.512396694214876,118.0,121.0,2,2,1.0,1.0,1.0,1.0,1.0,1.0,1,0.7355173112908843
5kohB,2,244,0.163556,3.686032,3.873461,0-65;310-509 66-309,0.769231,-2.4573961874661445,0.0,1.6242046081636294,1.1131621073991704,0.8636895798871791,0.8552412869954417,1.5839828925488342,0.6693851726733966,0.5097596863817182,0.2860340452578159,0.2860340452578159,3.0,1.0,0.9172932330827068,0.5215686274509804,66.0,170.0,4,2,0.4627039627039627,0.4401979089592159,0.4,0.3743373135831828,0.0,0.402114503715939,0,0.6742825070046298
1g4mA,2,172,0.195213,3.573637,3.577802,0-168;341-355 169-340,0.692308,-3.87913937612523,0.0,1.6582010822425317,1.0472830198626113,0.8692864504606936,0.8342402796400701,1.4941715078182425,0.6697428393830183,0.6518949343363423,0.2423899678463699,0.2423899678463699,3.0,1.0,0.9347826086956522,0.5168539325842697,15.0,118.66666666666669,2,2,0.9202898550724636,0.9104125655532306,0.0,0.9530649996991246,1.0,0.7567534840649638,1,0.7026991703384687
2gu3A,2,63,0.151404,3.527697,3.591213,0-64 65-127,0.625,-2.913075320202619,1.0,1.4468029085651717,0.9006952183632171,0.7505363902411362,0.699464932236269,0.9769996312524172,1.027047189322339,0.9670458607253724,0.1186304092700622,0.1186304092700622,2.0,0.0,0.9692307692307692,0.5078125,63.0,64.0,2,2,1.0,1.0,1.0,1.0,1.0,1.0,1,0.9426707061700851
4nkbA,2,93,0.083635,3.417274,3.500058,0-109 110-202,1.0,-1.583183643137834,0.0,1.3792920945889713,1.0638097390163077,0.8041586511081277,0.8038732061750138,1.1809035606901048,0.8507317534699756,0.7929646310291762,0.0210609487818671,0.0210609487818671,2.0,0.0,0.8454545454545455,0.541871921182266,93.0,101.5,2,2,0.9605911330049262,0.9614386355209492,1.0,0.9803361662967572,1.0,0.9804731869645266,1,0.973077525321584
3ux3A,2,34,0.046174,3.007798,3.281616,0-95 96-129,0.625,-1.0142845188521312,0.0,1.7687577482024686,1.1226802335044548,0.7030965997572223,0.6530455816200026,1.3982760875238796,0.7841757072918725,0.5515483984465416,0.0255561334894663,0.0255561334894663,2.0,0.0,0.3541666666666667,0.7384615384615385,34.0,65.0,2,2,0.9846153846153848,0.984841628959276,1.0,0.992345169330708,1.0,0.9923604365810738,1,0.7541858654876844
3gi1B,2,122,0.191333,3.578657,3.651966,0-131 132-253,0.1875,-3.414782070902036,0.0,1.3845240762159774,1.1532247934587352,0.7153916765774488,0.6999412307749359,1.1387494302109582,0.8786795695830732,0.8572371888641193,0.2201608744394109,0.2201608744394109,2.0,0.0,0.9242424242424242,0.5196850393700787,122.0,127.0,2,2,0.8976377952755905,0.9030915192977926,0.0,0.949058057929828,1.0,0.7499574745006422,1,0.8911254819694898
1m5hA,3,36,0.396391,2.975233,3.476471,0-165 166-202;239-296 203-238,0.583333,-1.878607842095636,1.0,1.67237259083537,0.9772464992790668,0.7412749472518764,0.6144690432740687,1.203430274761936,0.8469925782196276,0.7090804510163471,0.2302839807266055,0.6214373171085137,4.0,1.0,0.216867469879518,0.5589225589225589,36.0,74.25,2,3,0.7441077441077442,0.7522210052330534,0.4,0.8527509828322837,0.0,0.6498159464346163,0,0.7604202231283484
4eeiA,3,121,0.183776,3.448402,3.599349,0-119;163-213 120-162;336-413 214-335,0.456522,-1.9098825407916813,1.0,2.0202207719067458,0.9066245916878384,0.7210408685198396,0.6049264051753624,1.2817832244329737,0.8083759895305231,0.6756891166788394,0.1268226506051014,0.3234702091369881,5.0,2.0,0.7076023391812866,0.4130434782608695,43.0,82.8,3,3,0.4106280193236715,0.5356958158428237,0.3333333333333333,0.6960807109209892,1.0,0.5951475758841636,0,0.5830833509699307
2yayA,2,124,0.150415,3.518164,3.622876,0-29;163-256 30-162,0.576923,-2.3771846599803084,0.0,1.4937752954682746,1.1000848139998332,0.7765457747053992,0.7540632083847149,1.257843187878072,0.7985245145701343,0.7455613102908096,0.1388070055753128,0.1388070055753128,3.0,1.0,0.9323308270676692,0.5175097276264592,30.0,85.66666666666667,2,2,0.9844357976653696,0.9845613154261328,1.0,0.9922204956993528,1.0,0.992243521758171,1,0.8430570420090695
4hheA,2,86,0.037493,3.422486,3.656551,0-168;255-296 169-254,0.846154,-3.7504684772649135,0.0,1.534513916519738,0.9183372556600102,0.8392505459873607,0.7652208392014879,1.1559971068079382,0.8650656105586068,0.8619057132338463,0.0,0.0,3.0,1.0,0.4075829383886256,0.7104377104377104,42.0,99.0,3,2,0.6262626262626263,0.6274292599411495,0.6666666666666666,0.509444808860583,0.0,0.5859606723462051,0,0.8656346653362154
1kq3A,2,159,0.204493,3.81105,4.020653,0-158 159-363,0.625,-3.135929045959549,0.0,1.2702034485257256,1.105474029410702,0.8522252009787528,0.7395553437346442,1.1892914181497698,0.8468656050617944,0.7754122584464302,0.3085782644011259,0.3085782644011259,2.0,0.0,0.775609756097561,0.5631868131868132,159.0,182.0,2,2,0.9945054945054944,0.9945227728246596,1.0,0.9972537383023464,1.0,0.9972564011265,1,0.8530362983925885
2hczX,2,107,0.182972,3.530139,3.75753,0-133 134-240,0.6875,-1.3321141652400277,0.0,1.312807492261698,0.9951749203693284,0.8534349689969927,0.829002880529556,1.1064141813473374,0.905256426891455,0.8692046083342425,0.2031818147310666,0.2031818147310666,2.0,0.0,0.7985074626865671,0.5560165975103735,107.0,120.5,2,2,0.975103734439834,0.9754527475084344,1.0,0.9875714599508978,1.0,0.9876255883798332,1,0.9552422430309825
1furA,4,43,0.190443,3.382915,3.657625,0-132 133-163;207-401 164-206 402-455,0.413043,-2.2311783866068877,2.0,1.6864306429352158,0.9826237900774416,0.7081749950796007,0.4731074988900963,1.1065739373377128,0.9147460645393292,0.7726258992101428,0.0782826904778577,0.2532999832651906,5.0,1.0,0.1902654867256637,0.4956140350877193,31.0,91.2,3,4,0.8868131868131868,0.8866882632196286,0.6666666666666666,0.9383996391331564,0.0,0.7757135511665276,1,0.6765929084804
1dkgA,2,60,0.136173,3.186542,3.434514,0-97 98-157,0.8125,-2.3843292667754623,0.0,3.4649900356624777,0.6707834076131431,0.5093551752108009,0.3692170154693605,1.0209725306181237,1.02182029421675,0.813766540114538,0.0596076191717775,0.0596076191717775,2.0,0.0,0.6122448979591837,0.620253164556962,60.0,79.0,2,2,1.0,1.0,1.0,1.0,1.0,1.0,1,0.818254124602866
4k7xA,2,154,0.192975,3.821788,3.897176,0-135;290-313 136-289,0.423077,-2.5437326460258,0.0,1.3665958665177889,1.0369066385510766,0.8220373231616309,0.7789091269795217,1.1618116044748033,0.8609529616521379,0.8469357729489513,0.5973313077017945,0.5973313077017945,3.0,1.0,0.9625,0.5095541401273885,24.0,104.66666666666669,2,2,0.9808917197452228,0.9810739751462992,1.0,0.9904465385232136,1.0,0.9904824466829472,1,0.8647580203267842
3zk9A,2,128,0.192584,3.681634,3.724136,0-149 150-277,0.1875,-2.4877697667195835,0.0,1.3754917957337032,1.1359359581972055,0.7508554296594641,0.7495347325068986,1.1725535947890464,0.8528755186626404,0.8473315962067086,0.2372681464556088,0.2372681464556088,2.0,0.0,0.8533333333333334,0.539568345323741,128.0,139.0,2,2,0.9784172661870504,0.97863309352518,1.0,0.9892006366826512,1.0,0.9892501992789764,1,0.8824751081488521
4jehA,3,107,0.101569,3.483961,3.674385,0-132 133-241;349-555 242-348,0.694444,-3.25468177051639,1.0,1.4705910383288363,1.0464432658141558,0.7680640704979375,0.749946059831343,1.1808265799810784,0.8497129699918959,0.7942572770999993,0.0545351348246944,0.09585702390682,4.0,1.0,0.3386075949367088,0.5683453237410072,107.0,139.0,4,3,0.7743682310469314,0.7215300665236478,0.6666666666666666,0.6950079880897629,0.0,0.6715145904654017,0,0.7670210421760695
3x01A,2,151,0.127104,3.55992,3.602946,0-163 164-314,0.75,-2.4590755797511257,0.0,1.56703452741479,1.001125087459887,0.8535671528348316,0.8248433878631942,1.3388076369910455,0.7536942862345788,0.6823099722967114,0.1120300766382037,0.1120300766382037,2.0,0.0,0.9207317073170732,0.5206349206349207,151.0,157.5,2,2,0.998407643312102,0.996836377441262,1.0,0.9984129335336565,1.0,0.998731390857404,1,0.8146555976898574
4lq0A,2,124,0.124305,3.536593,3.609412,0-173 174-297,0.25,-3.0266659246105214,0.0,1.6087550444642351,1.0393617675049711,0.8616353271247902,0.8203022635253785,1.440394372626835,0.6955520382560797,0.6655081011071595,0.1035700103471124,0.1035700103471124,2.0,0.0,0.7126436781609196,0.5838926174496645,124.0,149.0,2,2,0.8298969072164949,0.8356440336532764,0.0,0.9104435724380586,1.0,0.715196902661566,0,0.7717299076280639
1re5A,3,63,0.151867,3.585896,3.721793,0-129;173-346 130-172;418-437 347-417,0.347826,-2.778388730466552,1.0,1.6525613807601578,0.9295983582666072,0.7724883280194771,0.7058301969258146,1.161586426742237,0.8736049507704818,0.7310210121545113,0.0670298669003682,0.17744863273461,5.0,2.0,0.2072368421052631,0.6940639269406392,20.0,87.6,3,3,0.5709382151029748,0.5594972634835668,0.0,0.4496104140607994,1.0,0.5160091785294681,0,0.6266980763064296
2j5zA,2,43,0.1723,3.243854,3.616956,0-42 43-213,0.5,-2.1538326161238106,0.0,1.3604874599296242,1.0057559094218782,0.7439296705243277,0.5815588921460769,0.9948125023005596,1.042854528876621,0.8447307686626473,0.2243444270521236,0.2243444270521236,2.0,0.0,0.2514619883040935,0.7990654205607477,43.0,107.0,2,2,0.4579439252336448,0.4473543745233757,0.0,0.5120677653359623,1.0,0.4834732130185966,0,0.7080304389744148
2o1eB,2,121,0.173409,3.582611,3.609788,0-136 137-257,0.125,-1.8548811048318783,0.0,1.3995970599558971,1.1910800387276863,0.7340762030538671,0.7010802832954091,1.2210849526600565,0.8193078062277491,0.802039325196853,0.17809123990842,0.17809123990842,2.0,0.0,0.8832116788321168,0.5310077519379846,121.0,129.0,2,2,0.9302325581395348,0.93282721506823,1.0,0.9652353108598964,1.0,0.9656590168135322,1,0.8570315158310887
3ouqA,2,76,0.109179,3.16872,3.255141,0-82 83-158,0.75,0.5302806163319316,0.0,1.3861628149847731,1.0669794655173557,0.967055934425108,0.938479592625285,1.4318576289041611,0.7008759895573613,0.6591633156998411,0.0158368618283718,0.0158368618283718,2.0,0.0,0.9156626506024096,0.5220125786163522,76.0,79.5,2,2,0.9748427672955976,0.9751458664848072,1.0,0.9874164032010329,1.0,0.9874810073962876,1,0.9310008581767298
1tu5A,3,123,0.157753,3.541616,3.660072,0-112;310-346 113-235 236-309;347-631,0.630435,-2.421121962482045,1.0,1.5899594169460698,1.167776076158419,0.8908863045258038,0.8084139224989886,1.653190647592223,0.6217927522810717,0.5369147084848372,0.1430247485699618,0.2149836170889789,5.0,2.0,0.3426183844011142,0.5680379746835443,37.0,126.4,3,3,0.8639240506329114,0.8826058148734177,0.6666666666666666,0.9357841427154056,1.0,0.8697961349776803,1,0.6307307156867642
4k3vA,3,37,0.224314,3.236193,3.419966,0-150 151-215 216-252,0.5,-1.5320480798361171,1.0,1.5191474560863636,1.072496757738937,0.6557476025497384,0.5248223171293717,1.0472873153666775,0.9615702301987492,0.8611255649223742,0.1325560467091464,0.1552563360094364,3.0,0.0,0.2450331125827814,0.5968379446640316,37.0,84.33333333333333,2,3,0.8458498023715415,0.8473223281407425,0.6666666666666666,0.906631888961552,0.0,0.7532941372281006,0,0.7530713551654351
3jzdA,2,154,0.174734,3.950933,3.996179,0-153 154-346,0.6875,-3.1762565848346016,0.0,1.3244714928135135,1.1019973047633185,0.7947014333873398,0.754511255400532,1.1601555973480626,0.8666595437422262,0.8027950743396894,0.2409369774752877,0.2409369774752877,2.0,0.0,0.7979274611398963,0.5561959654178674,154.0,173.5,2,2,0.9769452449567724,0.9771841543354586,1.0,0.988459081794628,1.0,0.9885176962173718,1,0.855273286564079
4kc0A,1,182,0.0,0.0,0.0,0-181,0.666667,-2.006191648037852,1.0,1.456427416187568,1.2003002697216152,0.7661603255972517,0.7661603255972517,1.3393633421157822,0.7466233907972336,0.7466233907972336,0.0,0.0,1.0,0.0,1.0,1.0,182.0,182.0,2,1,0.7692307692307693,0.6449704142011834,0.0,0.6688963210702341,0.0,0.5166195009004374,0,0.5798538505991171
5u92A,2,96,0.172522,3.614139,3.742533,0-95 96-345,0.9375,-3.178891312716241,0.0,1.4147873608052255,1.0832320662385682,0.8073634027371592,0.7247067778195686,1.224722023540309,0.8239896183582687,0.7454935427211933,0.2129631018465283,0.2129631018465283,2.0,0.0,0.384,0.7225433526011561,96.0,173.0,2,2,0.997093023255814,0.9943071705426356,0.0,0.997123623011016,1.0,0.7977047633618931,1,0.7613155933441387
5f0jB,2,143,0.067947,3.406114,3.435038,0-142 143-297,0.75,-1.85373938754052,0.0,1.6884445972914195,1.0946747830917372,0.8492118713441462,0.80176500738435,1.5658150775587245,0.638709820763874,0.6322763531259841,0.0010580071631878,0.0010580071631878,2.0,0.0,0.9225806451612903,0.5201342281879194,143.0,149.0,2,2,0.9798657718120806,0.9800606191816412,1.0,0.9899298223026844,1.0,0.9899712426592812,1,0.8422925632474965
4p2aA,2,143,0.086223,3.51784,3.526417,0-142 143-286,0.5625,-1.8757063977039536,0.0,1.7016143569815827,1.0883102497716948,0.8014158565269032,0.7270321593191331,1.4757731402065928,0.6778500455463088,0.6651186246056774,0.0320312644541536,0.0320312644541536,2.0,0.0,0.9930555555555556,0.5017421602787456,143.0,143.5,2,2,0.9721254355400696,0.9725125822686798,1.0,0.9860647484571008,1.0,0.98614055325317,1,0.7958194681285886
3jszA,3,66,0.139812,3.207232,3.502468,0-102 103-357;424-507 358-423,0.444444,-2.180248610666019,1.0,1.326751459021241,1.160552873996682,0.7809405621825726,0.7338486296159736,1.2062042444650285,0.846415329457734,0.6834525572753665,0.0469133930317839,0.0797008282128182,4.0,1.0,0.1946902654867256,0.6673228346456693,66.0,127.0,3,3,0.7677165354330708,0.7879299932641163,0.6666666666666666,0.8729327491780893,1.0,0.8190491889083886,0,0.7548450037708352
3lhsA,2,136,0.206069,3.723738,3.757564,0-154 155-290,0.9375,-2.521672289591893,0.0,1.2085673741085898,1.0239656811546367,0.8845226515349796,0.8343039376902162,1.0927726523773669,0.9189716934697584,0.8593493264378191,0.1680536447181028,0.1680536447181028,2.0,0.0,0.8774193548387097,0.5326460481099656,136.0,145.5,2,2,0.6769759450171822,0.7259505598048996,0.0,0.8410214341124469,1.0,0.6487895877869058,0,0.9604548628329749
4ksyA,3,41,0.417129,2.605196,2.99337,0-56;108-139 57-107 140-180,0.416667,-1.0076129894724852,1.0,2.329847039991869,1.0723040782362678,0.4717001613952669,0.3699755179555051,1.147927793102305,0.8862057764952854,0.7337080404034739,0.242942586247031,0.5137661182121458,4.0,1.0,0.4606741573033708,0.4917127071823204,32.0,45.25,2,3,0.281767955801105,0.3965485132534608,0.0,0.5662505082394584,0.0,0.3489133954588048,0,0.6011060620376838
1szwA,2,89,0.112717,3.544429,3.661569,0-33;123-329 34-122,0.884615,-3.124067190828584,0.0,1.4155950528752534,1.0455158073243098,0.82744241746271,0.8240847449473199,1.228492560514747,0.826920437603913,0.7235791362220548,0.0910742105590175,0.0910742105590175,3.0,1.0,0.3692946058091286,0.7303030303030303,34.0,110.0,2,2,0.3844984802431611,0.4739371161195121,0.0,0.6419992284276501,1.0,0.5000869649580647,0,0.7837125602824855
1oglA,2,120,0.140555,3.579425,3.622486,0-29;156-245 30-155,0.653846,-2.6931563467674144,0.0,1.4507508346246425,1.140767012932412,0.7644038707151516,0.7463590982410028,1.2603537141666368,0.7945851675956584,0.7642631951789948,0.1181465266391905,0.1181465266391905,3.0,1.0,0.9523809523809524,0.5121951219512195,30.0,82.0,2,2,0.983739837398374,0.9838753387533876,1.0,0.9918720705105548,1.0,0.9918974493324632,1,0.8702762088768501
3gd0A,2,111,0.131354,3.652147,3.787664,0-203;315-361 204-314,0.884615,-2.501311090336311,0.0,1.3163699414088152,1.06309752203203,0.861848779721571,0.8535044736338432,1.2065569329591908,0.8312791576078904,0.785924949351946,0.1415443538393849,0.1415443538393849,3.0,1.0,0.4422310756972111,0.6933701657458563,47.0,120.66666666666669,2,2,0.994475138121547,0.9944861438225,1.0,0.9972341321865348,1.0,0.9972390828261164,1,0.8875144507612504
1vraB,3,30,0.439077,2.815059,3.220876,0-48 49-78 79-208,0.653846,-1.7826773355546646,1.0,2.0011575888664708,0.939878025926018,0.6603301890857024,0.5572379692360203,1.2179473287822555,0.8378841427904616,0.6785301101097887,0.1490553829386714,0.352826634611149,3.0,0.0,0.2307692307692307,0.6220095693779905,30.0,69.66666666666667,2,3,0.8277511961722488,0.8280824438719177,0.6666666666666666,0.8940718716651107,0.0,0.7433144356751887,0,0.748733491036246
1t8sA,2,164,0.093604,3.576466,3.74982,0-148;424-438 149-423,0.576923,-2.9513619220762184,0.0,1.731868103190524,0.9300154145680976,0.7856706025370674,0.7092598607004925,1.2367590821781684,0.8087899010813953,0.7953003539792883,0.0816071014286731,0.0816071014286731,3.0,1.0,0.5963636363636363,0.6264236902050114,15.0,146.33333333333334,2,2,0.8906605922551253,0.8986610367242625,0.6666666666666666,0.946345390115658,1.0,0.8804667371523425,1,0.8085147508896484
4loxA,2,124,0.183272,3.578744,3.64883,0-175 176-299,0.25,-2.790503796747987,0.0,1.6091315462235225,1.0201463682199132,0.8400702237406343,0.798799291997917,1.3785051617286417,0.7266975820627365,0.6962690919016206,0.2300370572005846,0.2300370572005846,2.0,0.0,0.7045454545454546,0.5866666666666667,124.0,150.0,2,2,0.8242320819112628,0.8309222773813216,0.0,0.9076384341494564,1.0,0.7125585586884081,0,0.7109589210451349
2ojwC,2,114,0.13781,3.314578,3.650599,0-113 114-363,0.8125,-2.2478704967426757,0.0,1.6186920228506207,1.1712924982944464,0.7744537523787017,0.7123635443141129,1.4586576602543195,0.7061488819349331,0.5855771981819674,0.1503253740640782,0.1503253740640782,2.0,0.0,0.456,0.6868131868131868,114.0,182.0,2,2,0.989010989010989,0.989107383844226,1.0,0.9945188612466404,1.0,0.9945274468203712,1,0.7232139221508498
1keyD,3,31,0.210562,3.018488,3.385694,0-30 31-141 142-210,0.115385,-1.557395367530719,1.0,2.1600584341625324,0.7083094536843695,0.6022119707506439,0.3797620707408003,0.863925035745939,1.3627280649004945,0.9111887749647752,0.0893188467280401,0.1644520031660985,3.0,0.0,0.2792792792792792,0.5260663507109005,31.0,70.33333333333333,2,3,0.7109004739336493,0.7339296442160069,0.0,0.8446373810187582,0.0,0.5578934998336829,0,0.7746571837050481
2vs7D,2,78,0.201494,3.412425,3.591858,0-112 113-190,0.769231,-2.1005148856900115,0.0,1.43250110208046,1.0364904588052544,0.8568380840313852,0.8444649640614033,1.2668885330843545,0.7904071041859148,0.7613027741901153,0.2879053529512421,0.2879053529512421,2.0,0.0,0.6902654867256637,0.5916230366492147,78.0,95.5,2,2,0.8324607329842932,0.844321920029653,0.0,0.915525328602158,1.0,0.7184615963232208,1,0.834614220166
3kdrA,2,50,0.034217,3.12085,3.367574,0-144;195-276 145-194,0.807692,-2.7334700925478206,0.0,1.6863682090835448,1.11903874957813,0.7980212071974628,0.7107306923913564,1.4877255580186022,0.6724215309653929,0.6593385851298051,0.0,0.0,3.0,1.0,0.2202643171806167,0.8194945848375451,50.0,92.33333333333331,3,2,0.6245487364620939,0.5931233003069387,0.5714285714285715,0.4926044352759154,0.0,0.5563410086947039,0,0.6560716249499643
3ox4A,2,179,0.160703,4.026383,4.148985,0-178 179-381,0.75,-2.636606300809012,0.0,1.2760002236745782,1.0278612724055682,0.8419640623756595,0.805215709931922,1.1027906892137238,0.9069860373370536,0.8936650496675593,0.2306689189709544,0.2306689189709544,2.0,0.0,0.8817733990147784,0.5314136125654451,179.0,191.0,2,2,0.9790575916230366,0.9792639207696078,1.0,0.9895230393979022,1.0,0.9895689103581092,1,0.9146876020027253
1vdkA,4,39,0.193839,3.411629,3.69922,0-132 133-163;203-398 164-202 399-457,0.413043,-2.349951582559294,2.0,1.709983285186675,0.9388842580876354,0.6792879195801084,0.4336221521917876,1.0407339910645788,0.9842052340573728,0.8462084331498259,0.0891683001942424,0.277269681017372,5.0,1.0,0.171806167400881,0.4956331877729257,31.0,91.6,3,4,0.8973799126637555,0.8982285854422655,0.6666666666666666,0.944997745270124,0.0,0.7814545820085623,0,0.6892844647726711
4h0fA,2,118,0.212975,3.60632,3.671051,0-145 146-263,0.25,-3.9141259055777327,0.0,1.354608033676353,1.2082582514786395,0.7412018249544008,0.7364670416248644,1.2102918304129149,0.8276055173731891,0.7940747498181052,0.2568926227023361,0.2568926227023361,2.0,0.0,0.8082191780821918,0.553030303030303,118.0,132.0,2,2,0.9318181818181818,0.9344183359013868,1.0,0.966075237128408,1.0,0.9664623509695952,1,0.7828191544373485
1s7jA,2,119,0.398655,3.548742,3.594641,0-118 119-259,0.5625,-2.4552313997929893,0.0,1.3497724560358837,1.1396028787142685,0.9128723952801724,0.8520648156645458,1.3977441605615644,0.7194001952724876,0.6660144579511162,0.5965350847016726,0.5965350847016726,2.0,0.0,0.8439716312056738,0.5423076923076923,119.0,130.0,2,2,0.8846153846153846,0.8907442748091604,0.6666666666666666,0.9422075899808692,1.0,0.8768467832144162,1,0.7617732186282555
1efdN,2,91,0.189095,3.686838,3.715664,0-90 91-261,0.5625,-2.4278011257187746,0.0,1.4618751304375253,0.970466086111992,0.8137005086629092,0.768606139619687,1.1436740621451518,0.8844376990771166,0.7900987533913919,0.2150319660942919,0.2150319660942919,2.0,0.0,0.5321637426900585,0.6526717557251909,91.0,131.0,2,2,1.0,1.0,1.0,1.0,1.0,1.0,1,0.8203549513214335
2gkeA,2,137,0.231745,3.812564,3.844847,0-118;256-273 119-255,0.730769,-2.1138988834525576,0.0,1.2694596334785526,1.0162884102860152,0.8163123311114568,0.7859828824519856,1.0487766118530135,0.9547251359997158,0.920411795558785,0.3138125725514474,0.3138125725514474,3.0,1.0,1.0,0.5,18.0,91.33333333333331,2,2,0.9053030303030304,0.8942820879734331,1.0,0.9438992194674012,1.0,0.9486968675487728,1,0.9004663532237819
4wesB,3,104,0.25961,3.673688,3.72603,0-35;140-263 36-139 264-457,0.722222,-1.8704320242301435,1.0,1.5891650700647455,1.1343169652729193,0.8024936695271401,0.6271515547922127,1.4503149160455624,0.7244862104888097,0.5438884160495421,0.3550836993687718,0.661973860822589,4.0,1.0,0.5360824742268041,0.4235807860262008,36.0,114.5,4,3,0.5853080568720379,0.595158149794882,0.3333333333333333,0.6299776794559815,0.0,0.528755443891247,0,0.6449667033079107
4nv8A,4,22,0.269222,2.894739,3.303649,0-83 84-178 179-200 201-269,0.638889,-1.829536802291715,2.0,1.6564453054719797,0.9072184956069814,0.6587281357311747,0.4814423493757528,0.9636738519410296,1.103244809302082,0.8389383905753032,0.096302485565721,0.289687708314889,4.0,0.0,0.231578947368421,0.3518518518518518,22.0,67.5,2,4,0.6592592592592592,0.662962962962963,0.8,0.7733322510383268,0.0,0.6457775613187765,0,0.6725684950091809
1gttA,2,208,0.148561,3.884438,3.891283,0-212 213-420,0.875,-3.138720697819436,0.0,1.3434044742070388,1.015553207729763,0.8699980812473647,0.8564013436495704,1.1818504346026717,0.8469975063108686,0.8199025514872182,0.1934414553550409,0.1934414553550409,2.0,0.0,0.976525821596244,0.505938242280285,208.0,210.5,2,2,0.9892857142857144,0.9881739644214492,1.0,0.9940502853781664,1.0,0.994301992817066,1,0.8527015731331496
2riqA,2,32,0.167186,3.034395,3.13415,0-31 32-134,0.5,-1.9596823373474952,0.0,2.8428436273592457,0.606345073371639,0.5509689088145835,0.3553659890683427,1.0274029403953826,1.5058697085298354,0.6103595190449329,0.0711730463639603,0.0711730463639603,2.0,0.0,0.3106796116504854,0.762962962962963,32.0,67.5,2,2,0.4404761904761904,0.5313607643704732,0.0,0.6926493647415144,1.0,0.5328972639176356,0,0.6224988877520635
5jpdA,2,120,0.221413,3.519673,3.630032,0-154 155-274,0.1875,-2.356334218697758,0.0,1.397450003518594,1.1575398869489186,0.7597511426434811,0.735438859334185,1.2286207405284708,0.8145400119448589,0.7920821177447224,0.288541232060659,0.288541232060659,2.0,0.0,0.7741935483870968,0.5636363636363636,120.0,137.5,2,2,0.9490909090909092,0.9502404692082111,1.0,0.9744787920087556,1.0,0.9747620340615752,1,0.738505522263186
4g07A,3,43,0.167305,3.279916,3.682096,0-226;369-383 227-368 384-426,0.777778,-2.551556827714327,1.0,1.482299574659132,1.1072788195998342,0.9088223759944736,0.7717629896141543,1.5318625579444851,0.7451632852749103,0.417600577240059,0.0735547206113287,0.2206641618339862,4.0,1.0,0.1776859504132231,0.5667447306791569,15.0,106.75,3,3,0.78125,0.7830975610115278,0.0,0.8762676235527604,1.0,0.6881230369128577,0,0.7066579810749873
4n7qA,4,34,0.225611,3.279968,3.65066,0-196 197-361 362-437 438-471,0.527778,-1.8933749790851464,2.0,1.605089114304845,1.0831208425559604,0.7237884442767024,0.5229909593861307,1.232255551271069,0.8244622017583685,0.6666619057908199,0.1965240697785733,0.3705729586260524,4.0,0.0,0.1725888324873096,0.4173728813559322,34.0,118.0,3,4,0.576271186440678,0.6163511369444965,0.4,0.7568821947616534,0.0,0.5699009036293656,1,0.6500234613623057
2azpA,2,158,0.195333,3.842703,3.906578,0-132;291-317 133-290,0.423077,-2.9361897921717106,0.0,1.3816437746033672,1.035669178146672,0.7613562990956204,0.7146109805999635,1.0879061285626663,0.9225033913864842,0.867274781282186,0.2634532266207248,0.2634532266207248,3.0,1.0,0.9875,0.5031446540880503,27.0,106.0,2,2,0.981132075471698,0.981308975998664,1.0,0.9905663176338542,1.0,0.9906014738208432,1,0.8821737867715402
2ab5A,2,98,0.197487,3.157787,3.325263,0-150 151-248,0.375,-2.449011619657376,0.0,1.3766338920568102,1.2242448435348865,0.9469926893792152,0.9310093885869044,1.597244718522652,0.6282297365649974,0.5914642918439614,0.1933683161508134,0.1933683161508134,2.0,0.0,0.6490066225165563,0.606425702811245,98.0,124.5,2,2,0.7751004016064257,0.795952020000532,0.0,0.8862676985313516,1.0,0.6914640240276618,1,0.8352323575124619
2e84A,5,36,0.209737,3.163743,3.257596,0-120 121-241 242-313;350-393 314-349 394-512,0.785714,0.1788755781625543,3.0,1.5085957985261684,1.1711352036075404,0.8403270725973473,0.4833261245305716,1.4986870005900528,0.743974189071895,0.5008612111550231,0.0244239186636599,0.1465485934006437,6.0,1.0,0.2975206611570248,0.2358674463937621,36.0,85.5,4,5,0.901394422310757,0.892915535010562,0.5714285714285715,0.9400774007212818,0.0,0.7611631858942345,0,0.7314778565850846
3ocfD,4,35,0.298327,3.23642,3.5892,0-137 138-259 260-394 395-429,0.638889,-2.226830677223279,2.0,2.0252235411687565,0.9376163174590018,0.6606730399985998,0.5626413417331686,1.1824128564051346,0.8761484920022677,0.6703613473864575,0.1013957549898285,0.3697116647908574,4.0,0.0,0.2536231884057971,0.3209302325581395,35.0,107.5,3,4,0.7,0.7029235880398671,0.8,0.805936438999123,0.0,0.701772005407798,0,0.6788963418044165
1hf2A,2,86,0.144882,3.447936,3.793456,0-85 86-195,0.4375,-3.5734695741933526,0.0,1.2458052522329044,1.0446888083900163,0.7831058841230017,0.7470749107464882,1.0216834839221431,0.988120868859981,0.8920315486563418,0.1207400847636372,0.1207400847636372,2.0,0.0,0.7818181818181819,0.5612244897959183,86.0,98.0,2,2,0.9591836734693876,0.959925788497217,1.0,0.979548890263176,1.0,0.979731670445956,1,0.9518394725343898
3md9A,2,121,0.13296,3.877597,3.884541,0-120 121-252,0.25,-2.8866229019685905,0.0,1.345997499871975,0.9479059119351908,0.8366741637546287,0.8260870808169394,1.0672616176148757,0.9370764123465198,0.927443353380508,0.1230924161151802,0.1230924161151802,2.0,0.0,0.9166666666666666,0.5217391304347826,121.0,126.5,2,2,1.0,1.0,1.0,1.0,1.0,1.0,1,0.9545188991325515
3zdrA,2,189,0.151685,3.749068,3.943195,0-188 189-401,0.75,-2.9624649606904647,0.0,1.32166204361952,1.0632658651744125,0.8369244285925392,0.7919779690611812,1.171490704464981,0.85420555949555,0.8317123380688722,0.2076735812274118,0.2076735812274118,2.0,0.0,0.8873239436619719,0.5298507462686567,189.0,201.0,2,2,0.9800995024875622,0.9802863616191344,1.0,0.9900448132775984,1.0,0.990086135476859,1,0.845431713533523
2zocA,2,159,0.083343,3.810378,3.821581,0-85;246-318 86-245,0.461538,-2.6721947349662174,0.0,1.6379247462795206,0.996468104166794,0.6586709673406961,0.6570735365384789,1.0750194775656972,0.9302322425025812,0.9263099004326776,0.0451484621159767,0.0451484621159767,3.0,1.0,0.99375,0.5015673981191222,73.0,106.33333333333331,4,2,0.4918032786885246,0.4762082567262169,0.8,0.3477696277810714,0.0,0.4898228993058293,0,0.876752255030007
4xghA,3,80,0.191085,3.010197,3.32131,0-95 96-258;339-389 259-338,0.611111,-1.2544695376509372,1.0,1.895014307812752,1.0401165912767345,0.8785477587175331,0.8177904627250863,1.6534633011358757,0.612762411429864,0.5482424013979555,0.1050159477718456,0.2035479882910135,4.0,1.0,0.3738317757009345,0.5487179487179488,51.0,97.5,3,3,0.726063829787234,0.7750123504412323,0.6666666666666666,0.8669623624705547,1.0,0.8069410418731375,1,0.616725484374931
3epnB,3,33,0.299942,3.265849,3.664887,0-244;410-485 245-409 486-518,0.5,-2.3449316894022325,1.0,1.396853898315949,1.1229141093872057,0.7230501041864649,0.508164391643754,1.125625285789515,0.937946528889382,0.6938998324845727,0.2147606068488209,0.5183276300220838,4.0,1.0,0.102803738317757,0.6184971098265896,33.0,129.75,3,3,0.4489402697495183,0.5716841037461209,0.3333333333333333,0.7232282710092731,1.0,0.6154371955676491,1,0.6891746919205533
3nqiA,2,63,0.079625,3.280723,3.478608,0-62 63-229,0.625,-2.3635542349788814,0.0,1.4175104002735974,0.9856755667356062,0.8565865776903971,0.8032262200043258,1.1870139196722276,0.8458931548767701,0.7919260053907263,0.0030115925328118,0.0030115925328118,2.0,0.0,0.3772455089820359,0.7260869565217392,63.0,115.0,2,2,1.0,1.0,1.0,1.0,1.0,1.0,1,0.90999901215322
6c5cB,2,157,0.152696,3.906566,3.92972,0-182;214-256 183-213;257-382,0.472222,-2.581002669411579,0.0,1.284591449344708,1.1099954034604016,0.8474250257020086,0.7341143360560737,1.2010465448481278,0.8410734932138277,0.7566888065039851,0.2111995968790425,0.2111995968790425,4.0,2.0,0.6946902654867256,0.5900783289817232,31.0,95.75,2,2,0.7702349869451697,0.7926014926407727,0.5,0.8842523195955162,1.0,0.7894177598362917,0,0.8339773065505552
3ejbB,3,93,0.192082,3.543313,3.620754,0-49;269-311 50-89;130-224 90-129;225-268;312-379,0.409091,-1.5680701152383856,1.0,1.3865051919073064,1.0663748051434931,0.842930525581839,0.7671377662328356,1.239614292855639,0.809130614723858,0.7481546941128946,0.1673526996023982,0.2752847868163563,7.0,4.0,0.6118421052631579,0.4,40.0,54.285714285714285,2,3,0.5733137829912024,0.5764776127258253,0.2857142857142857,0.7167475665025912,0.0,0.5304506495867809,0,0.5792651866657101
1h29B,3,112,0.102402,3.212185,3.32747,0-111 112-230 231-498,0.961538,0.0042975253809218,1.0,1.611522796516282,1.1206648994135575,0.9358471967839592,0.8548246680009438,1.633639625113406,0.6123233343022455,0.5970970475208477,0.010437520421286,0.031312561263858,3.0,0.0,0.417910447761194,0.5370741482965932,112.0,166.33333333333334,4,3,0.7469262295081968,0.7074035013748586,0.5,0.6640445113799398,0.0,0.623674848452599,0,0.7861144284629862
1z2zA,4,52,0.417729,3.158941,3.413137,0-164;384-427 165-271 272-331 332-383,0.391304,-1.6483517158589198,2.0,1.6664022342138831,1.0950719498306665,0.757205858564564,0.6759444378122829,1.3670036228974811,0.7357088563892988,0.6841653913553657,0.0978031788878215,0.4386017754666913,5.0,1.0,0.2488038277511961,0.4883177570093458,44.0,85.6,3,4,0.4002433090024331,0.441075204957962,0.3333333333333333,0.5540674791322948,0.0,0.4457438652852046,0,0.6787132533743686
2xheA,3,119,0.12335,3.49056,3.662335,0-143 144-238;358-565 239-357,0.722222,-3.037276447089757,1.0,1.5646764810560985,1.0066469520417016,0.7699865483128532,0.7415694285960778,1.211701717248402,0.8273468236539879,0.7923099194064018,0.0579361538997633,0.137367788372967,4.0,1.0,0.3927392739273927,0.5353356890459364,95.0,141.5,4,3,0.7300884955752213,0.6949999458119129,0.6666666666666666,0.6816087813960834,0.0,0.6546727778899768,0,0.7545061336023837
2hb0A,2,177,0.100776,3.699136,3.792873,0-176 177-355,0.4375,-2.6036502781877697,0.0,1.7748462626596004,0.8488844572106247,0.7892283147440073,0.7807468567393862,1.189753532777934,0.8420104499215078,0.8064687588319682,0.082980272488113,0.082980272488113,2.0,0.0,0.988826815642458,0.5028089887640449,177.0,178.0,2,2,1.0,1.0,1.0,1.0,1.0,1.0,1,0.7915939730681256
4dbfA,2,55,0.158303,3.325036,3.691289,0-54 55-257,0.4375,-2.283466426183017,0.0,1.3298882106185208,1.0295213418681377,0.7661659265775843,0.6796528468797255,1.0384559488943164,0.9631898232933828,0.9485775977173816,0.1860116797864068,0.1860116797864068,2.0,0.0,0.270935960591133,0.7868217054263565,55.0,129.0,2,2,0.9767441860465116,0.9769160270363156,1.0,0.9882610203265588,1.0,0.9883842466818772,1,0.8337858169782193
2ijrA,2,104,0.167244,3.583311,3.61541,0-29;200-273 30-199,0.76,-2.1383252320047683,0.0,1.3811167941075335,1.051390798682153,0.8475379218158384,0.8095282467095387,1.2286264762885284,0.8140058497805361,0.8055024303252726,0.1850600480704892,0.1850600480704892,3.0,1.0,0.611764705882353,0.6204379562043796,30.0,91.33333333333331,2,2,0.9664179104477612,0.9581300229621124,1.0,0.978322380800045,1.0,0.9805740628419836,1,0.8627675110212357
5uppA,4,36,0.185766,3.349454,3.647515,0-134 135-168;205-400 169-204 401-461,0.326087,-2.494524647073532,2.0,1.7641331468597032,0.9909838540647996,0.6724605442227524,0.4057129220949638,1.1020439351979436,0.9165284015775272,0.823355062871495,0.1113328088573255,0.3800676810200654,5.0,1.0,0.1565217391304348,0.4978354978354978,34.0,92.4,3,4,0.8837719298245614,0.8809289609352515,0.6666666666666666,0.9356974700837788,0.0,0.7734130055020517,0,0.6560466434695159
2o1eA,2,123,0.170036,3.570185,3.602492,0-136 137-259,0.1875,-1.4158517794622822,0.0,1.3934314382892117,1.1838896651074349,0.7437815479455393,0.7103376480301504,1.2238268527365013,0.8173853473154638,0.8023573941559834,0.1722821049327839,0.1722821049327839,2.0,0.0,0.8978102189781022,0.5269230769230769,123.0,130.0,2,2,0.9230769230769232,0.9262038774233896,1.0,0.9616761848798134,1.0,0.9621913970760252,1,0.864520002717076
1sg6A,2,155,0.130519,3.881487,3.913307,0-179;211-252 180-210;253-376,0.361111,-2.715881070199344,0.0,1.2928586664712354,1.110471192382565,0.8216644942874403,0.739582057359634,1.177750831088955,0.8575430557981121,0.7723324979469496,0.1496911498747774,0.1496911498747774,4.0,2.0,0.6981981981981982,0.5888594164456233,31.0,94.25,2,2,0.7699468085106383,0.7913591783272634,0.5,0.8834587401177907,1.0,0.7889529453911385,0,0.8534902976575497
3eeqA,3,74,0.093604,3.386094,3.709742,0-120 121-194 195-310,0.538462,-3.053704323981466,1.0,1.171684301850998,1.04586813998045,0.894402808544089,0.8725793279358791,1.097847831051628,0.9167842587358356,0.8207482099684493,0.0164971237000336,0.046628375621416,3.0,0.0,0.6115702479338843,0.3890675241157556,74.0,103.66666666666669,3,3,0.9764309764309764,0.9571150076992198,0.6666666666666666,0.9775513426822008,1.0,0.9155527986958129,1,0.9053581897004763
2vsgA,2,134,0.064301,3.790363,3.902282,0-38;73-257 39-72;258-357,0.388889,-3.092982161606725,0.0,1.8085425272347928,0.954498697256805,0.7020251035574872,0.6950592982748378,1.203196577962708,0.8318977068274241,0.8064519983187893,0.01887547802305,0.01887547802305,4.0,2.0,0.5982142857142857,0.6256983240223464,34.0,89.5,2,2,0.8547486033519553,0.8631783719074221,1.0,0.9264002458194218,1.0,0.92886544421576,1,0.7365516735255672
5xn8A,2,115,0.165821,3.838207,4.034947,0-249 250-364,0.6875,-2.9432750705432653,0.0,1.2973622695668905,1.074742696740307,0.8015273625282572,0.8001184340835295,1.11810839658959,0.8977270309916434,0.8428108189453163,0.2433744885990114,0.2433744885990114,2.0,0.0,0.46,0.684931506849315,115.0,182.5,2,2,0.5013698630136987,0.5921205479452054,0.0,0.7430814191467385,1.0,0.5673143660211285,0,0.8583870148654097
2xy4A,2,128,0.212477,3.583541,3.648762,0-138 139-266,0.25,-3.0362991689362104,0.0,1.688843280559289,1.0859242568693648,0.6829031184827794,0.6166495047167585,1.2159954132038049,0.8370038391964882,0.7263362975414932,0.3497736059704082,0.3497736059704082,2.0,0.0,0.920863309352518,0.5205992509363296,128.0,133.5,2,2,0.8951310861423221,0.9008661048689138,0.0,0.9478252518326956,1.0,0.7487644885687863,1,0.6944265566491865
3loyA,3,93,0.280307,3.411291,3.561308,0-92 93-435;592-631 436-591,0.416667,-2.467132915589336,1.0,1.9553315631309511,1.032779656891929,0.7315096184474048,0.673700159665252,1.4632338636579918,0.70668442772907,0.6093464222481229,0.3078361954336269,0.7179938847643779,4.0,1.0,0.2428198433420365,0.6060126582278481,40.0,158.0,3,3,0.539872408293461,0.5145342989163316,0.0,0.5987921808957628,1.0,0.530639777621111,0,0.6251467861248575
2wi8A,2,136,0.11991,3.784043,3.846363,0-135 136-282,0.25,-2.877446702793998,0.0,1.2857082811531115,1.0183755773760654,0.8403811011695581,0.8118869631022856,1.096622936386685,0.9155513502017992,0.8576572409914108,0.1179471181664759,0.1179471181664759,2.0,0.0,0.9251700680272108,0.519434628975265,136.0,141.5,2,2,0.9293286219081272,0.9319268343379756,1.0,0.9647574770687136,1.0,0.9652025866629632,1,0.9579637155018437
2r51A,2,141,0.089987,3.441737,3.467718,0-141 142-282,0.6875,-2.376282841200052,0.0,1.7320506446279276,1.0969663406694417,0.8039244708921662,0.7380475299595308,1.5193621334388023,0.6581718113962762,0.6574134756248321,0.0349841386960034,0.0349841386960034,2.0,0.0,0.9929577464788732,0.5017667844522968,141.0,141.5,2,2,0.978798586572438,0.979024133523795,1.0,0.9894008819425772,1.0,0.989444720407762,1,0.7913282729676292
4nleA,2,68,0.054304,3.499631,3.707064,0-359;428-463 360-427,0.307692,-3.607993998331952,0.0,1.8285395844073085,0.8996394685697051,0.7560889098750835,0.7540162893708108,1.243242199140104,0.8243549611916741,0.6959321274622986,0.0452149406904212,0.0452149406904212,3.0,1.0,0.1717171717171717,0.853448275862069,36.0,154.66666666666666,3,2,0.6810344827586207,0.5980494601184257,0.5,0.5879492513456973,0.0,0.5734066388445488,0,0.6375054403629693
4h59A,2,147,0.169532,3.77912,3.80224,0-146 147-302,0.375,-3.337289269288627,0.0,1.427754959602271,0.98119118208905,0.8470865963964451,0.8369649956690234,1.1855200655322728,0.8488463973718066,0.7815532217719241,0.2601304586082774,0.2601304586082774,2.0,0.0,0.9423076923076924,0.5148514851485149,147.0,151.5,2,2,0.9405940594059404,0.9424126086077996,1.0,0.9703496271909532,1.0,0.9706712590409386,1,0.8830012023089099
3m1mA,2,110,0.059939,3.651321,3.78321,0-209 210-319,0.5625,-2.781939364756207,0.0,1.3174124853854017,1.1206198693076157,0.8238800948878036,0.8177068145406483,1.2124685017169208,0.8247669007496915,0.8231405401884541,0.0005642888436195,0.0005642888436195,2.0,0.0,0.5238095238095238,0.65625,110.0,160.0,3,2,0.803125,0.724375,0.6666666666666666,0.7220588235294118,0.0,0.6832450980392156,0,0.9147733492688704
2r7aB,2,120,0.117788,3.727249,3.755764,0-119 120-255,0.375,-2.99048466492962,0.0,1.364785970058206,0.9867814323327871,0.8431956506623155,0.8344925834329853,1.135233264456545,0.880897404871738,0.8765786705976041,0.0890796561982225,0.0890796561982225,2.0,0.0,0.8823529411764706,0.53125,120.0,128.0,2,2,0.984375,0.9844898897058824,1.0,0.992184152127334,1.0,0.9922098083666432,1,0.9596588793209959
2qzaB,4,90,0.160611,3.407649,3.636762,0-165 166-255 256-424 425-599,0.361111,-2.017943573055887,2.0,1.3334120647766687,1.0207622256491804,0.8945233986139747,0.8700424149047645,1.212475226797567,0.8249923779717698,0.8090782877347664,0.0339784249822923,0.1560700228963497,4.0,0.0,0.5142857142857142,0.2916666666666667,90.0,150.0,4,4,0.6983333333333334,0.7669528855904345,0.6666666666666666,0.8452579876463366,1.0,0.7954421746473542,0,0.8452163347839786
4bgfF,3,36,0.415715,3.131479,3.344034,0-82 83-234 235-270,0.576923,-1.12486141380652,1.0,1.4601873678903008,1.104351519738621,0.7453304413989877,0.5953312662654654,1.190916615572595,0.8697303475212842,0.6603900947486626,0.2099328677875329,0.5826691941599625,3.0,0.0,0.2368421052631578,0.5608856088560885,36.0,90.33333333333331,2,3,0.4760147601476014,0.5442076131287629,0.5,0.7013440774201507,0.0,0.544313290139303,0,0.7436324232906941
5uquA,2,116,0.137331,3.632678,3.743179,0-279;396-437 280-395,0.692308,-3.126012296502496,0.0,1.353675646740549,1.0934853584430602,0.8650208772914483,0.80775374622378,1.2828815584312552,0.7869079491580705,0.7105328115529774,0.2005743630665175,0.2005743630665175,3.0,1.0,0.3602484472049689,0.7351598173515982,42.0,146.0,2,2,0.9848484848484848,0.9750828881263665,1.0,0.9873583180199664,1.0,0.9894579381989635,1,0.7741012995974262
1fzdA,2,89,0.36098,3.452197,3.572171,0-92;182-196 93-181,0.884615,-1.6695661479461266,0.0,1.3385221469793849,1.1964904647673165,0.7736695534100966,0.7116325866787337,1.248818217269514,0.8212527819622233,0.691513923484157,0.4799324010568364,0.4799324010568364,3.0,1.0,0.8240740740740741,0.5482233502538071,15.0,65.66666666666667,2,2,0.8883248730964467,0.894469876573094,1.0,0.9442585951702148,1.0,0.9454106689679512,1,0.7497158910918157
5k87A,2,194,0.143804,3.945477,4.004035,0-176;372-388 177-371,0.384615,-1.996295300887715,0.0,1.390605091772672,1.054875944363125,0.8938518947335986,0.8119405038612906,1.32523840734112,0.7862054234535265,0.6285249595616128,0.4862582949103389,0.4862582949103389,3.0,1.0,0.9948717948717948,0.5012853470437018,17.0,129.66666666666666,2,2,0.9794344473007712,0.9796453760464044,1.0,0.9897180391396806,1.0,0.9897595724973712,1,0.9039320592093489
2o5nA,3,26,0.271323,2.916625,3.202515,0-146 147-172 173-263,0.730769,-2.194366123618441,1.0,1.960118434131615,0.8980623506833044,0.7383790761272101,0.379369921085113,1.2683616343639763,0.9241646434378584,0.5251621019972231,0.1504673066746202,0.250820149774833,3.0,0.0,0.1768707482993197,0.5568181818181818,26.0,88.0,2,3,0.8098039215686275,0.8101099399297291,0.6666666666666666,0.8929614770910965,0.0,0.7359084010512239,0,0.7232644714495543
2r18A,2,61,0.032892,3.447189,3.480054,0-67 68-128,0.75,-2.6504567389977973,0.0,1.6196161069101542,0.9637243259551737,0.6525886180491678,0.6149682686759809,1.0085144945981046,0.9915573930206836,0.991502298924628,0.0,0.0,2.0,0.0,0.8970588235294118,0.5271317829457365,61.0,64.5,2,2,0.9689922480620154,0.9695005718642776,1.0,0.9845129760701044,1.0,0.9846011591992796,1,0.9729981264359704
5v4lA,4,50,0.169188,3.4573,3.568623,0-30;99-183;234-357;425-456 31-98 184-233 358-424,0.545455,-2.51310043159762,2.0,1.6699641480016272,0.9713628676507348,0.6820779187668593,0.5814152930876573,1.100224462096507,0.9284414298011612,0.7220335516176035,0.0489165377603767,0.1888393817621255,7.0,3.0,0.1838235294117647,0.5951859956236324,31.0,65.28571428571429,3,4,0.6537610619469026,0.6916397376863016,0.4444444444444444,0.8173800299641057,0.0,0.6214450548083509,0,0.6252039953837206
1duwA,2,123,0.12379,3.368877,3.428369,0-76;117-162 77-116;163-288,0.694444,-0.6435945748777832,0.0,1.5025763436106332,1.1754516498129757,0.9401738584999338,0.9258749082157424,1.6543298907065909,0.6133721853673334,0.5394960775913427,0.0889218506692297,0.0889218506692297,4.0,2.0,0.7409638554216867,0.5743944636678201,40.0,72.25,2,2,0.7993079584775087,0.8170915589600711,0.6666666666666666,0.8992258206474364,1.0,0.8364584009503365,1,0.6852276558324384
1wdiA,2,73,0.075783,3.398264,3.600952,0-64;138-293 65-137,0.615385,-2.5438011025549483,0.0,1.2932080250450633,1.0479018999831595,0.8647797121297858,0.7845078756558922,1.1722580965321794,0.8611253248356922,0.7777585192113187,0.0155782178624143,0.0155782178624143,3.0,1.0,0.3303167420814479,0.7517006802721088,65.0,98.0,2,2,1.0,1.0,1.0,1.0,1.0,1.0,1,0.8501860259697065
4nslB,4,59,0.185383,3.2656,3.561107,0-148;201-248 149-200;430-446 249-370 371-429,0.642857,-1.667742850731318,2.0,1.840648305993812,1.0056476008949955,0.6986593884990608,0.5257510211680225,1.2464302689423246,0.8180943589456365,0.6660108767490155,0.0570025952137992,0.1730443064920149,6.0,2.0,0.299492385786802,0.4407158836689038,17.0,74.5,3,4,0.465324384787472,0.551976428391105,0.5,0.7014217308002995,0.0,0.5437445087957753,0,0.6077938214284775
1vgpA,2,106,0.166726,3.678913,3.740892,0-217;324-372 218-323,0.692308,-2.5581064372668263,0.0,1.511150305334394,1.1385022906057278,0.791022036316263,0.7346202614059957,1.3857875961577466,0.7635791189483719,0.5845658679346993,0.2015278691050254,0.2015278691050254,3.0,1.0,0.3970037453183521,0.7158176943699732,49.0,124.33333333333331,2,2,0.9178885630498532,0.8856004395821085,1.0,0.9388842340455243,1.0,0.9484746473354972,1,0.6390773229434704
1furB,4,43,0.187545,3.38293,3.646208,0-135 136-166;210-397 167-209 398-454,0.326087,-2.5501069117512523,2.0,1.6584614899412562,0.997449469610868,0.6958000735853009,0.4744896392565949,1.0805012146203057,0.931499627427772,0.8548817920522529,0.077109735074087,0.2553272018079927,5.0,1.0,0.1963470319634703,0.4813186813186813,31.0,91.0,3,4,0.8677777777777778,0.8648444973912282,0.6666666666666666,0.9262507907356392,0.0,0.7651079465142624,0,0.6908432215459133
2xo3A,2,152,0.092676,3.660056,3.703502,0-83;241-308 84-240,0.384615,-2.6280416921224488,0.0,1.6505989935319012,1.010597374969807,0.6666382715848049,0.6555913319228035,1.1120932739740312,0.8995925177352051,0.8809250996048794,0.0551111207886318,0.0551111207886318,3.0,1.0,0.9681528662420382,0.5080906148867314,68.0,103.0,4,2,0.4916387959866221,0.4772246058537986,0.8,0.3509080472692021,0.0,0.4906209564885912,0,0.8618961814686246
1k7wA,4,64,0.166884,3.5554,3.635785,0-122;165-216 123-164;412-448 217-347 348-411,0.303571,-2.4957214723045187,2.0,1.704246133805121,0.9626282499697868,0.7970979611206968,0.6441881923428822,1.26341488748232,0.8145799812868371,0.6265577611143472,0.053304106882031,0.1882581719531928,6.0,2.0,0.3657142857142857,0.3897550111358575,37.0,74.83333333333333,3,4,0.6544622425629291,0.6848877592085051,0.6,0.8062378753035822,0.0,0.6491175754150033,0,0.6346355573939043
3o8jA,2,111,0.180142,3.716842,3.750364,0-205;317-363 206-316,0.56,-2.5442084831683163,0.0,1.4694393123813778,1.1609081160564707,0.8576903277394674,0.8316636798599785,1.4701707931334933,0.7048878893506445,0.5729520261566333,0.2300161519163499,0.2300161519163499,3.0,1.0,0.4387351778656126,0.695054945054945,47.0,121.33333333333331,2,2,0.9046242774566474,0.8882515408854159,1.0,0.9408175061932288,1.0,0.9467386649070584,1,0.6516952465813887
3if8A,3,46,0.028244,2.894732,3.115316,0-154 155-218 219-264,0.846154,-1.604136818656562,0.0,2.0330619632211686,1.038079214757902,0.8814084634199176,0.8211504266804286,1.8343971688959,0.5589015497309433,0.4572207185314167,0.0,0.0,3.0,0.0,0.2967741935483871,0.5849056603773585,46.0,88.33333333333333,3,3,0.969811320754717,0.9702008520998174,1.0,0.9847756140763908,1.0,0.9849575573861852,1,0.8000535031462648
2w82A,2,69,0.092108,3.323257,3.359321,0-68 69-162,0.25,-2.92429296352366,0.0,1.6980674450385145,0.8984101053940007,0.777987275304066,0.7771077514839277,1.1699572824709303,0.8566967908516573,0.8156702474074092,0.0,0.0,2.0,0.0,0.7340425531914894,0.5766871165644172,69.0,81.5,3,2,0.6809815950920245,0.6396685233538182,0.6666666666666666,0.6360286888469404,0.0,0.6246690947918899,0,0.9372461877594365
3rh3B,2,98,0.141423,3.199269,3.377169,0-127 128-225,0.875,-2.395641490767074,0.0,2.1459547338294125,0.8210730907679313,0.6818857003051721,0.6489011065348187,1.1947375596638254,0.8403141473128519,0.7875728401775168,0.1063374803866405,0.1063374803866405,2.0,0.0,0.765625,0.5663716814159292,98.0,113.0,2,2,0.984304932735426,0.9783106067539122,1.0,0.9889673593783624,1.0,0.9903165797735402,1,0.879760722427092
3eeqB,3,71,0.094826,3.361502,3.709753,0-117 118-188 189-303,0.653846,-2.7899975351583386,1.0,1.153644095424226,1.0414892226425057,0.8940363368201624,0.8485656037140014,1.075805015761243,0.9372932294043008,0.820671077516961,0.0160095412404653,0.048028623721396,3.0,0.0,0.6016949152542372,0.3881578947368421,71.0,101.33333333333331,3,3,0.9829931972789115,0.9679560572191968,0.6666666666666666,0.9835027819830252,1.0,0.92022374062956,1,0.916921702330855
3d9wA,1,284,0.0,0.0,0.0,0-283,0.666667,-2.4008336844177287,1.0,1.3155268879395523,1.050088800193922,0.902425417746055,0.902425417746055,1.2466285669487316,0.8021635525709288,0.8021635525709288,0.0,0.0,1.0,0.0,1.0,1.0,284.0,284.0,2,1,0.6408450704225352,0.5396746677246578,0.0,0.5005742610167443,0.0,0.4362187998327874,0,0.6794073839433789
4mlzA,2,133,0.111913,3.779147,3.789196,0-161 162-294,0.625,-3.6403647042691047,0.0,1.2758798197270185,1.0232566068829632,0.8890040147921866,0.8473008559733045,1.1508833686421105,0.8707367103176238,0.8307213732457351,0.1115134952768483,0.1115134952768483,2.0,0.0,0.8209876543209876,0.5491525423728814,133.0,147.5,2,2,0.7491525423728813,0.7777987026574598,0.0,0.8750031915729222,1.0,0.6803908873206527,0,0.9703208740451854
3mfqA,2,135,0.218205,3.669853,3.670748,0-142 143-277,0.25,-2.7483331583038964,0.0,1.4147619229134485,1.1243114508136172,0.7532011157652128,0.7093753093565756,1.1941536305782474,0.8376273510794404,0.82423377156779,0.2709893612209954,0.2709893612209954,2.0,0.0,0.944055944055944,0.5143884892086331,135.0,139.0,2,2,0.9963768115942028,0.9928549711158408,0.0,0.9964023270055112,1.0,0.797126821943111,1,0.801328888222011
5vkwB,2,67,0.056539,3.491553,3.70769,0-366;434-468 367-433,0.346154,-2.875570050888098,0.0,1.888739322310968,0.894826573939135,0.7456822064992519,0.7309376388103788,1.2623600959315004,0.8130273758412927,0.6827965686445442,0.0833951818822171,0.0833951818822171,3.0,1.0,0.1666666666666666,0.8571428571428571,35.0,156.33333333333334,3,2,0.6681127982646421,0.5913945235204157,0.4,0.6415767267005206,0.0,0.5602168096971156,0,0.5897750295076508
1mhyG,2,72,0.17059,3.323154,3.363345,0-71 72-166,0.625,-1.4585103400991,0.0,2.0052685968507333,1.027608023636219,0.6452153882339732,0.6378924181600019,1.3183157123274007,0.7654589525653972,0.6927032834443548,0.1172082856947925,0.1172082856947925,2.0,0.0,0.7578947368421053,0.5688622754491018,72.0,83.5,2,2,0.8936170212765957,0.8437746256895192,1.0,0.91225937183384,1.0,0.9299302037599908,1,0.7256183186392733
6at7B,2,107,0.060311,3.571648,3.821005,0-495;603-670 496-602,0.5,-2.9244870692574367,0.0,1.807357405353255,0.8886327483364465,0.7515020852904281,0.7306999207860535,1.206246224399432,0.834181263983623,0.7685536614596603,0.036742979068477,0.036742979068477,3.0,1.0,0.1897163120567375,0.8405365126676602,68.0,223.66666666666663,3,2,0.646795827123696,0.5880820333016672,0.8,0.5217427503351123,0.0,0.6113241221520951,0,0.6505705294921897
4efcA,3,80,0.189306,3.508696,3.567981,0-122 123-152;204-253 153-203;254-451,0.630435,-1.768828544503999,1.0,2.3442477365305634,1.0668919601765658,0.7201317577703037,0.7026591850574759,1.811835184528641,0.5712787938722171,0.4521794086134705,0.2883358248450032,0.5059927030966428,5.0,2.0,0.321285140562249,0.5508849557522124,30.0,90.4,3,3,0.6792035398230089,0.6356853312961207,0.2857142857142857,0.5916885392981994,1.0,0.638458339226323,1,0.5595277511674236
1aj8A,2,111,0.188739,3.776507,3.825521,0-213;325-370 214-324,0.346154,-2.9768472821147736,0.0,1.4738961836588214,1.1281686243751066,0.8413234899679689,0.8281559594584386,1.4131438663463936,0.7454982917449393,0.5775049126004417,0.2521273662734882,0.2521273662734882,3.0,1.0,0.4269230769230769,0.7008086253369272,46.0,123.66666666666669,2,2,0.8779411764705882,0.8515260574084104,1.0,0.91968573776944,1.0,0.9298305943296876,1,0.6079527097469272
1qk1A,4,30,0.293793,2.987973,3.291228,0-69 70-99 100-133;228-378 134-227,0.913043,-1.8033088497653256,2.0,1.739272654813519,1.0027064697136785,0.7513473153159383,0.7046827178333545,1.3046156223657592,0.7745871468166914,0.688246935886055,0.095573218577723,0.242527581104284,5.0,1.0,0.1621621621621621,0.4881266490765171,30.0,75.8,2,4,0.6737400530503979,0.6763925729442971,0.0,0.8067509680173176,0.0,0.4980433854690692,0,0.6770784108614971
4inoA,2,111,0.173418,3.567982,3.683205,0-110 111-301,0.6875,-2.359703934187083,0.0,1.4628175594327248,1.0262133536140792,0.8262408672898882,0.8079555922839481,1.2371782047106088,0.8099046110528583,0.7737538649759045,0.1984878278089737,0.1984878278089737,2.0,0.0,0.581151832460733,0.6324503311258278,111.0,151.0,2,2,0.8344370860927153,0.8452723553274852,0.0,0.9159277084563616,1.0,0.7191274299753124,1,0.8505833941172045
1crkA,2,100,0.170948,3.547579,3.705004,0-99 100-379,0.9375,-2.776483005313019,0.0,1.4922125814105884,1.0757969396650466,0.7941355631551166,0.736032798612115,1.269112255176437,0.7901350123696407,0.7486068541832995,0.2158405350939579,0.2158405350939579,2.0,0.0,0.3571428571428571,0.7368421052631579,100.0,190.0,2,2,0.9960212201591512,0.9921580143993938,0.0,0.9960503858474372,1.0,0.7968459240811965,1,0.7523575135651206
2r79A,2,119,0.164576,3.837794,3.857395,0-118 119-278,0.375,-2.5364876197054778,0.0,1.338517318842953,0.9606130270902732,0.8519718321646221,0.841235099520333,1.0950645384725708,0.9132197142912007,0.9078539160603752,0.1879275692164618,0.1879275692164618,2.0,0.0,0.74375,0.5734767025089605,119.0,139.5,2,2,0.9709090909090908,0.96475,1.0,0.982034918404412,1.0,0.9835388018627006,1,0.9197922162001915
2w2gA,2,128,0.059627,3.670831,3.695667,0-127 128-256,0.6875,-2.5721232575266955,0.0,1.3270804264515226,1.0137625763844482,0.8346364199993643,0.8079160313490487,1.118802938338531,0.89387025937015,0.8866820476054073,0.0,0.0,2.0,0.0,0.992248062015504,0.5019455252918288,128.0,128.5,2,2,0.9922178988326849,0.992248062015504,1.0,0.9961089494163424,1.0,0.9961149820529064,1,0.9736378980100953
5m3bB,2,109,0.154167,3.663519,3.757318,0-120 121-229,0.375,-3.3557817397587946,0.0,1.3487854438951183,0.9657110230759888,0.8426269116232414,0.8243751056481963,1.097102751993999,0.9116091984908552,0.9012575648022214,0.1458113781959532,0.1458113781959532,2.0,0.0,0.9008264462809916,0.5260869565217391,109.0,115.0,2,2,0.991304347826087,0.9913402802730864,1.0,0.9956512677555384,1.0,0.9956591791709424,1,0.9580848811345891
5xnyA,4,58,0.230804,3.509063,3.676758,0-134;178-231 135-177;421-435 232-349 350-420,0.392857,-2.495060202696236,2.0,1.687482140972831,0.9831951876786912,0.7432205354348328,0.606599409122732,1.168826834572293,0.868136266547012,0.7054286437947073,0.0860050270672581,0.3176555160210633,6.0,2.0,0.3068783068783068,0.4334862385321101,15.0,72.66666666666667,3,4,0.4445727482678984,0.5599548279606285,0.0,0.7118866623015712,0.0,0.4432828477060196,0,0.5815994732452582
4q2rA,2,98,0.162006,3.486544,3.686077,0-97 98-365,1.0,-3.20264713593937,0.0,1.5225232974465008,1.0600839936045348,0.8147083806105049,0.7596057464479928,1.3015104174368677,0.7690599242234895,0.7454982930145091,0.1954652680712039,0.1954652680712039,2.0,0.0,0.3656716417910448,0.73224043715847,98.0,183.0,2,2,0.9958677685950412,0.9918582580435652,0.0,0.9958987434098892,1.0,0.7967249540096991,1,0.7910843388620648
6qnvA,2,45,0.210132,3.415167,3.702864,0-44 45-210,0.5,-1.6787433104494789,0.0,1.37822970723699,0.9764470264563098,0.7501122878250279,0.6517707062197876,0.9934831624296124,1.0153534431032216,0.9208607249930262,0.239360956241616,0.239360956241616,2.0,0.0,0.2710843373493976,0.7867298578199052,45.0,105.5,2,2,0.4881516587677725,0.4557160381604133,0.0,0.4913710876775642,1.0,0.48704775692115,0,0.7001279189246417
2j1gE,2,45,0.17565,3.227163,3.639974,0-44 45-217,0.5625,-2.3782289973151887,0.0,1.4042609755102669,0.962728872199678,0.7838492857208925,0.6807128899622547,1.028750338147082,0.9732506825473716,0.9391111781005296,0.1779480500447305,0.1779480500447305,2.0,0.0,0.2601156069364161,0.7935779816513762,45.0,109.0,2,2,0.4587155963302752,0.4464093104402862,0.0,0.5138046503593958,1.0,0.4837859114259915,0,0.8428161238767513
4admC,4,39,0.213736,3.44423,3.690718,0-125 126-156;196-392 157-195 393-455,0.347826,-2.793593146901617,2.0,1.649842308377873,0.9852121070410792,0.6878598403623266,0.4493916282214932,1.062672756091616,0.9650320336501044,0.8192805233789869,0.0984102310794451,0.2553330210844993,5.0,1.0,0.1710526315789473,0.5,31.0,91.2,3,4,0.8796909492273731,0.878895034375045,0.6666666666666666,0.9343492151502024,0.0,0.7719203730838574,0,0.6753999119242617
2zhjA,2,155,0.086253,3.776947,3.798871,0-84;245-314 85-244,0.384615,-3.0996260820482444,0.0,1.659207459635704,0.9855824509059204,0.6570962158229757,0.6501854663657499,1.074619892454712,0.9308206876170052,0.9152910463922722,0.0487472120435723,0.0487472120435723,3.0,1.0,0.96875,0.5079365079365079,70.0,105.0,4,2,0.4983552631578947,0.4803204426030283,0.8,0.3515647872891471,0.0,0.4927147652766807,0,0.8774933211054595
2ogwA,2,109,0.299143,3.487545,3.538645,0-144 145-253,0.4375,-3.2495862302689007,0.0,1.4525612150325231,1.1167604286740156,0.7775307805608347,0.7287592898967515,1.2541559152419923,0.8003747553753577,0.7511638237212938,0.3240450184277124,0.3240450184277124,2.0,0.0,0.7517241379310344,0.5708661417322834,109.0,127.0,2,2,0.984251968503937,0.984360575617703,1.0,0.992117533603754,1.0,0.9921460155450788,1,0.6747027559470715
2dyiA,2,79,0.065289,3.385397,3.509381,0-82 83-161,0.9375,-2.842823912574354,0.0,1.3716609884288633,0.9838932241815848,0.8151880876029595,0.7610309373878407,1.1010573057183528,0.9138426057848676,0.842148410793941,0.0,0.0,2.0,0.0,0.9518072289156626,0.5123456790123457,79.0,81.0,2,2,0.964516129032258,0.947162106982442,1.0,0.9723247698152084,1.0,0.9768006011659816,1,0.9612169438638335
5czxA,3,31,0.284732,3.306923,3.478674,0-30 31-78;189-226 79-188,0.805556,-1.7915176371503063,1.0,1.3710543479104065,1.0097493108184634,0.7885079651414041,0.6752518453431683,1.104112107254464,0.9514811729011808,0.7746551776130335,0.166570051832719,0.3439906461684667,4.0,1.0,0.2818181818181818,0.4845814977973568,31.0,56.75,2,3,0.1762114537444934,0.3853006461946106,0.0,0.5510336010283272,0.0,0.3225091401934862,0,0.7633482144490229
3gtdA,4,52,0.216602,3.252715,3.59404,0-133 134-163;208-387 164-207;388-402 403-454,0.410714,-2.659915158044171,2.0,1.655410199246586,0.9921601273171194,0.7182516669695359,0.6228398963918055,1.1410847222606444,0.8808639644170799,0.8311065006376692,0.1008580658232139,0.2651644839301551,6.0,2.0,0.2476190476190476,0.4615384615384615,15.0,75.83333333333333,3,4,0.8470066518847007,0.8444156551808216,0.5714285714285715,0.9128604030014488,0.0,0.7351422562991086,0,0.6185707478656846
2im9A,2,105,0.327928,3.63102,3.641189,0-104 105-298,0.75,-2.74306460288134,0.0,1.606224201628552,0.9554499857590094,0.8580777317517886,0.8542822536860182,1.3167056843024274,0.7730151436882903,0.6706935885634656,0.4355443733308018,0.4355443733308018,2.0,0.0,0.5412371134020618,0.6488294314381271,105.0,149.5,3,2,0.8060200668896321,0.7460435127400613,0.4,0.7925259106235543,0.0,0.6489178980506496,0,0.6206441101808478
3zc4F,2,71,0.196972,3.436746,3.498133,0-50;122-153 51-121,0.461538,-3.3840010821192283,0.0,1.178944394843897,1.0904578711432331,0.8749044599056472,0.825106860005468,1.1211071366997636,0.8937667055495191,0.8537542242827084,0.1417009980401299,0.1417009980401299,3.0,1.0,0.8554216867469879,0.538961038961039,32.0,51.333333333333336,2,2,0.922077922077922,0.9253704042436436,1.0,0.9612188427167908,1.0,0.9617334338076712,1,0.9217126829266892
3rrpA,2,132,0.149243,3.858461,3.956396,0-131 132-464,1.0,-3.341201583388022,0.0,1.9122539161903167,0.9894807618825646,0.7860576948991533,0.7373129892659589,1.4563303554897804,0.7083461567754821,0.5843979618799899,0.207522176872031,0.207522176872031,2.0,0.0,0.3963963963963964,0.7161290322580646,132.0,232.5,3,2,0.8571428571428571,0.7705440227828289,0.6666666666666666,0.8073214827718173,0.0,0.7203350058728339,0,0.6135441070615888
2ae0X,2,139,0.077858,3.619681,3.776977,0-100;240-334 101-239,0.615385,-2.188229453096142,0.0,1.31721468740046,1.1024902137563397,0.8382097558360229,0.8252441418013253,1.217148988351844,0.8257678995103608,0.7670462111768594,0.0367862054752028,0.0367862054752028,3.0,1.0,0.7091836734693877,0.5850746268656717,95.0,111.66666666666669,2,2,0.9669811320754716,0.9451587853364468,1.0,0.9713357980426284,1.0,0.9766951430909094,1,0.9249006031626196
2ztbA,4,32,0.45235,2.60379,2.924892,0-33 34-79;173-246 80-110;143-172 111-142,0.321429,-1.7512538187434217,2.0,2.940755788299377,0.9003248945074493,0.5396683565442874,0.4244742728600288,1.4081121786758273,0.7584631625611262,0.5338743555909162,0.2034579577884993,0.5234294712305282,6.0,2.0,0.2666666666666666,0.48582995951417,30.0,41.16666666666666,3,4,0.2857142857142857,0.4091541731592563,0.4615384615384615,0.5762193945440071,0.0,0.4465252629912021,0,0.5477163779323958
1v9mA,3,87,0.140683,3.608532,3.638555,0-80;261-311 81-173 174-260,0.222222,-2.303635234944146,1.0,1.4479163426095905,1.0394784327561917,0.754016241309332,0.6745596546300573,1.115919071840263,0.8977989264266485,0.8478751006678165,0.0673299499164903,0.1119443868787964,4.0,1.0,0.6590909090909091,0.4230769230769231,51.0,78.0,3,3,0.8910256410256411,0.8980429292929293,1.0,0.9461498728009516,1.0,0.9470436886239044,1,0.7527543552513841
2qveA,2,232,0.132059,4.014245,4.089666,0-201;313-342 202-312;343-524,0.305556,-3.2615774021321737,0.0,1.4659182383146097,1.0465326442882628,0.8432059425778109,0.8361573425813115,1.3013284111921832,0.7925009057033137,0.6544287961979166,0.1894542298217951,0.1894542298217951,4.0,2.0,0.7918088737201365,0.5580952380952381,30.0,131.25,2,2,0.8476190476190476,0.8607553366174056,0.5,0.9249692136785994,1.0,0.8266687195830105,1,0.7243732471908224
4k8lA,2,139,0.13594,3.88786,3.891731,0-141;281-304 142-280,0.384615,-3.2328943055078776,0.0,1.4032300255756462,1.0424651035396677,0.742970980626362,0.7128012254660516,1.0852081585458182,0.9247400791276684,0.8698520787011814,0.1435112531361775,0.1435112531361775,3.0,1.0,0.8373493975903614,0.5442622950819672,24.0,101.66666666666669,2,2,0.9737704918032788,0.974112644709087,1.0,0.9868852459016392,1.0,0.986953676482801,1,0.9094920219851298
4yhxA,2,125,0.14115,3.531565,3.612859,0-168 169-293,0.3125,-2.879774621811748,0.0,1.6531633920737476,1.0170250924535111,0.8699858367964515,0.8465851459138171,1.4605549930312114,0.6850502037105679,0.6689378386661995,0.1474692201392033,0.1474692201392033,2.0,0.0,0.7396449704142012,0.5748299319727891,125.0,147.0,2,2,0.8604240282685512,0.8573818136199218,0.0,0.9230505923221188,1.0,0.7281712868421184,1,0.7435029626710813
4jzcA,2,42,0.211607,3.193447,3.601581,0-41 42-217,0.75,-1.4679966319678968,0.0,1.432590084201737,0.9390537666440052,0.7865949802135249,0.69075714808159,1.0307455673273864,0.973671833365208,0.9152924648953964,0.2423238091996566,0.2423238091996566,2.0,0.0,0.2386363636363636,0.8073394495412844,42.0,109.0,2,2,0.463302752293578,0.4505161506913253,0.0,0.5034424167945131,1.0,0.4834522639558832,0,0.7564183616530364
3it4D,2,80,0.146896,3.40299,3.682989,0-79 80-197,0.75,-2.755479784730282,0.0,1.6556147840290074,0.910126366024028,0.7443663722239477,0.7180432586786063,1.1159723917099256,0.8981130753526525,0.8553770629815675,0.1181295761339242,0.1181295761339242,2.0,0.0,0.6779661016949152,0.5959595959595959,80.0,99.0,2,2,0.98989898989899,0.9899621212121212,1.0,0.9949547219669024,1.0,0.9949631666156028,1,0.8914843943991871
1t3uA,2,33,0.093083,3.062627,3.104366,0-56 57-89,0.125,-1.861254785484923,1.0,2.4767854523885786,0.6348520790116563,0.5258647166043131,0.3436199872150433,0.7901734458367861,1.7067055696237632,0.8389894196902357,0.0,0.0,2.0,0.0,0.5789473684210527,0.6333333333333333,33.0,45.0,2,2,0.6666666666666666,0.7105263157894737,0.0,0.8305274971941639,1.0,0.6415440959300608,1,0.668631867842694
3pshA,2,162,0.162714,3.794541,3.826749,0-161 162-325,0.25,-3.004584366090059,0.0,1.344598856670563,1.0296847009912136,0.8827775772334208,0.8373125154654024,1.21655497566726,0.8220060664173041,0.8187625377398822,0.1939276919991779,0.1939276919991779,2.0,0.0,0.9878048780487804,0.5030674846625767,162.0,163.0,2,2,0.98159509202454,0.9817634295974862,1.0,0.990797805785142,1.0,0.9908312654814336,1,0.9157297726869715
3pdiA,3,83,0.215864,3.349523,3.641112,0-247 248-298;395-426 299-394,0.666667,-2.0121786933456973,1.0,1.6954898317493985,1.0328619623342676,0.7267840185482233,0.5369769030768521,1.1982502273599218,0.8379370160480418,0.7840738625559142,0.1485688442632763,0.2294983732868491,4.0,1.0,0.3346774193548387,0.5807962529274004,32.0,106.75,2,3,0.3653395784543325,0.448779935030596,0.0,0.6089902347518704,0.0,0.3846219496473598,0,0.6768148651489606
6abwA,2,107,0.170318,3.783889,3.818571,0-211;319-368 212-318,0.461538,-3.34631797878329,0.0,1.4912016348383144,1.1425432297982276,0.7796336075119594,0.7120612736406077,1.3516234321931786,0.7820558894410528,0.600378834688593,0.2151698781783101,0.2151698781783101,3.0,1.0,0.4083969465648855,0.7100271002710027,50.0,123.0,2,2,0.934593023255814,0.907318360500735,1.0,0.9511421963419332,1.0,0.9586107160196964,1,0.6792718928787356
4z9mB,2,94,0.200071,3.464228,3.626143,0-93 94-299,0.8125,-2.576426896738352,0.0,1.3327506398324664,1.0882950409185987,0.8419043911786803,0.7783320139983428,1.215987909565298,0.8223875974478241,0.8193799410335689,0.2520181196214524,0.2520181196214524,2.0,0.0,0.4563106796116505,0.6866666666666666,94.0,150.0,2,2,0.9791666666666666,0.9600030985333609,0.0,0.979592660352992,1.0,0.7837524851106039,1,0.8422536716422688
3oueA,2,76,0.064825,3.156693,3.179949,0-81 82-157,0.6875,-0.1033273963349109,0.0,1.3326382130548278,1.111769814239526,0.96927932901317,0.95540441456555,1.4371019222790045,0.6974130591654447,0.6643422904788376,0.0,0.0,2.0,0.0,0.926829268292683,0.5189873417721519,76.0,79.0,2,2,1.0,1.0,1.0,1.0,1.0,1.0,1,0.9362016509485758
3ejxD,2,140,0.217024,3.766795,3.864637,0-136;277-300 137-276,0.576923,-2.506879389594164,0.0,1.4906381790396783,0.9380397252329062,0.8484216874561805,0.8199175092596562,1.1617230417993338,0.8747904053807511,0.7641237803843492,0.2959268916310082,0.2959268916310082,3.0,1.0,0.8695652173913043,0.5348837209302325,24.0,100.33333333333331,2,2,0.893687707641196,0.8989703060192732,0.5,0.9467969043892436,1.0,0.8478909836099425,1,0.7999965301869276
1c3cA,2,66,0.054014,3.535231,3.731562,0-340;407-423 341-406,0.769231,-2.995502190229025,0.0,1.736013211191042,0.926651323174696,0.7831224306453923,0.7490518576107407,1.2311179053427712,0.8363304413605446,0.6944763779401831,0.0,0.0,3.0,1.0,0.1843575418994413,0.8443396226415094,17.0,141.33333333333334,3,2,0.7033096926713948,0.6196919346107489,0.5,0.656520535988097,0.0,0.5959044326540481,0,0.6387783745258726
1cscA,2,121,0.154405,3.655489,3.735875,0-268;390-428 269-389,0.423077,-1.5094494749817715,0.0,1.3704848527902,1.0584781939404164,0.925032309061032,0.9177907074203556,1.3465098423776942,0.7529327566573695,0.6649888224844818,0.1938642190161524,0.1938642190161524,3.0,1.0,0.3928571428571428,0.717948717948718,39.0,143.0,2,2,0.9451073985680192,0.9362023641355056,1.0,0.9670388231431046,1.0,0.9696697171693258,1,0.7614248248911464
1m1jC,2,135,0.006778,2.990031,3.499389,0-134 135-389,0.875,-2.59502246715046,0.0,4.400974046830911,1.171812115076863,0.8049210926022433,0.7336578601824022,4.370324192903573,0.4912010005758653,0.1321971202106835,0.0,0.0,2.0,0.0,0.5294117647058824,0.6538461538461539,135.0,195.0,3,2,0.7253886010362695,0.670349486945037,0.5,0.6487880792959526,0.0,0.6089052334554518,0,0.6897022946806931
3h20A,2,89,0.000535,3.637691,3.751313,0-198 199-287,0.6875,-3.3580089795356605,1.0,1.604819539409407,0.9693931870975848,0.8842764170798783,0.871864928445916,1.3779771311210331,0.7338714658057011,0.6564392851262898,0.0,0.0,2.0,0.0,0.4472361809045226,0.6909722222222222,89.0,144.0,4,2,0.6666666666666666,0.5858458961474037,0.5,0.5529801324503312,0.0,0.527765205719547,0,0.8211434197932636
2x75A,4,64,0.23373,3.38447,3.567841,0-88 89-212;408-426 213-343 344-407,0.847826,-1.904891930402516,2.0,2.2156104121539304,0.9104945407596085,0.6920474871366832,0.6084717774864089,1.3323521660681696,0.7612951777465045,0.6577565483700158,0.0893963310873771,0.3119823843747382,5.0,1.0,0.4475524475524475,0.3348946135831381,19.0,85.4,3,4,0.6018735362997658,0.6529161141051325,0.6666666666666666,0.7753614242748822,0.0,0.6393635482692894,0,0.591669753331931
5joqA,2,120,0.135163,3.675644,3.67995,0-119 120-257,0.3125,-2.507190629591011,0.0,1.3535079145577993,1.0129457303769491,0.8567251424399414,0.8465988283539582,1.1743376044087417,0.8516314538727076,0.8429954404149111,0.1187426170889686,0.1187426170889686,2.0,0.0,0.8695652173913043,0.5348837209302325,120.0,129.0,2,2,0.7364341085271318,0.7737726098191214,0.0,0.871865539200334,1.0,0.6764144515093174,0,0.9422713556221193
2dchX,2,90,0.209956,3.522497,3.576359,0-113 114-203,0.5,-2.845125293047689,0.0,1.4377037215001736,1.0925108635896197,0.8550023298110994,0.8475631161515385,1.3389037361418434,0.7524188893739001,0.687860370233826,0.2175259836053888,0.2175259836053888,2.0,0.0,0.7894736842105263,0.5588235294117647,90.0,102.0,2,2,0.7941176470588235,0.8130804953560371,0.0,0.8969029532643686,1.0,0.7008202191358458,1,0.8091365893122763
3f85A,3,150,0.050718,3.597911,3.649346,0-149 150-300 301-455,0.615385,-2.631179264709813,1.0,1.8613801040440543,0.8663239917073414,0.728090694595613,0.7265527490106237,1.1742017131742577,0.8521600683938084,0.8227848281422521,0.0,0.0,3.0,0.0,0.967741935483871,0.3399122807017544,150.0,152.0,3,3,0.9824561403508772,0.9826273991958602,1.0,0.9912277872586344,1.0,0.9912622653610744,1,0.902287259357266
4dbhA,2,55,0.155926,3.344743,3.724481,0-54 55-268,0.4375,-2.2122799177233285,0.0,1.3114385557778414,1.0184008458780551,0.789772712710494,0.6969589970590029,1.044989938173583,0.957456498774548,0.9353700680917808,0.1664849653988483,0.1664849653988483,2.0,0.0,0.2570093457943925,0.7955390334572491,55.0,134.5,2,2,0.9776951672862454,0.9778515095716224,1.0,0.9887389041875262,1.0,0.9888571162090788,1,0.865735845337722
3axjA,3,32,0.137784,2.830993,3.342405,0-31 32-149 150-221,0.230769,-1.7046080442068854,1.0,2.2813117599293773,0.7188812249469737,0.5864548502592746,0.3933663126179684,0.8906855147635157,1.22196706327003,0.9487849012094668,0.0391763516123777,0.0918142796581699,3.0,0.0,0.2711864406779661,0.5315315315315315,32.0,74.0,2,3,0.7207207207207207,0.7418918918918919,0.0,0.85006036687743,0.0,0.5625345958980085,0,0.7986960957853585
4arfA,2,114,0.157391,3.500199,3.663762,0-265 266-379,0.8125,-3.0887102479138373,0.0,1.5914369618976651,0.9744276735909948,0.7854838503839456,0.7322001493782236,1.2005478601649235,0.8331998854448435,0.8188588774479524,0.1871083489451242,0.1871083489451242,2.0,0.0,0.4285714285714285,0.7,114.0,190.0,3,2,0.6342105263157894,0.6278037538982434,0.6666666666666666,0.53136526028868,0.0,0.5920092414338759,0,0.7757309890565574
5ad1A,2,101,0.152991,3.7194,3.790153,0-160;262-289 161-261,0.615385,-2.494370820179572,0.0,1.4337781259329012,1.046791008211323,0.8279454980380462,0.8021828968439928,1.2437033521654728,0.8068683261910159,0.7591838346598556,0.2970701030915649,0.2970701030915649,3.0,1.0,0.5343915343915344,0.6517241379310345,28.0,96.66666666666669,2,2,0.993103448275862,0.9931216931216932,1.0,0.9965478041577922,1.0,0.9965545891110694,1,0.7747492051235011
3etoA,3,38,0.172869,3.362861,3.566976,0-38 39-76 77-231,0.961538,-1.8685291209240265,1.0,1.3501676125920288,0.9257091585221168,0.7476565166316891,0.6470763204972896,0.9418456691874312,1.1216575310657773,0.7849907758774246,0.0766824300647665,0.1488930199169213,3.0,0.0,0.2451612903225806,0.6681034482758621,38.0,77.33333333333333,2,3,0.4870689655172414,0.5231924360400445,0.0,0.6639563802549887,0.0,0.4348435563624549,0,0.7911685056892722
4c5sA,2,100,0.062429,3.643884,3.880584,0-477;578-637 478-577,0.307692,-3.3038633638759283,0.0,1.7714014109518474,0.853045681371402,0.7699518014646289,0.7692055618093436,1.1637423498135693,0.8689171390340107,0.777487739351322,0.0400231142024276,0.0400231142024276,3.0,1.0,0.1858736059479553,0.8432601880877743,60.0,212.66666666666663,3,2,0.664576802507837,0.5945554842459252,0.8,0.5407227668958887,0.0,0.6199710107299302,0,0.6525151126031041
3aekB,2,133,0.19887,3.659419,3.818571,0-132 133-417,0.25,-2.295014778502617,0.0,1.4890157532930923,1.0775599327926844,0.768415380219176,0.7276772212974211,1.2216471828449147,0.8192638703744187,0.7953689474485328,0.2914275891788923,0.2914275891788923,2.0,0.0,0.4666666666666667,0.6818181818181818,133.0,209.0,4,2,0.4847328244274809,0.4891773235342082,0.0,0.4362600268701097,0.0,0.3487007016330264,0,0.7229785659397033
4h40A,2,141,0.193515,3.477624,3.496581,0-153 154-294,0.625,-2.296601414544388,0.0,1.620546979396155,1.0097779884683804,0.8856496914378503,0.7838612332040618,1.4135231845078635,0.7076524588282509,0.6957462830207376,0.2171102627239877,0.2171102627239877,2.0,0.0,0.9155844155844156,0.5220338983050847,141.0,147.5,2,2,0.9864406779661016,0.9865368433705974,1.0,0.9932226821838632,1.0,0.9932400407041124,1,0.7520711681168457
4jciB,2,154,0.127161,3.907785,3.940171,0-130;285-307 131-284,0.346154,-2.251608235632867,0.0,1.352178267164295,1.0557171801192191,0.7247149915981913,0.7213132926228285,1.033467310634488,0.9680650520994434,0.9472264292791052,0.1370848384026187,0.1370848384026187,3.0,1.0,1.0,0.5,23.0,102.66666666666669,2,2,0.9805194805194806,0.9807075988527604,1.0,0.9902598429368614,1.0,0.9902973844618204,1,0.9288516208302059
1m15A,2,96,0.166539,3.639793,3.787667,0-95 96-355,0.875,-3.4838499914873,0.0,1.3464884245070745,1.0884099207657925,0.8052757087307867,0.7319517390291715,1.1678180767153925,0.858176785174378,0.8180203645241438,0.2081620979861523,0.2081620979861523,2.0,0.0,0.3692307692307692,0.7303370786516854,96.0,178.0,2,2,0.9971751412429378,0.9944679849340864,0.0,0.9972048765982752,1.0,0.79776960055506,1,0.7932061336411662
1owbA,2,117,0.158454,3.586657,3.595026,0-258;376-425 259-375,0.423077,-1.314708912911418,0.0,1.564600113281067,1.1650164913985532,0.8445338586907133,0.7565177877977904,1.5209504227375072,0.6716453028182434,0.574117751671692,0.1872560237695487,0.1872560237695487,3.0,1.0,0.3786407766990291,0.7253521126760564,50.0,142.0,3,2,0.8252427184466019,0.7437564203370453,0.8,0.7939553916008177,0.0,0.732590906076893,1,0.6146904878413533
1na6B,3,98,0.132191,3.34458,3.560429,0-171 172-269 270-394,0.538462,-1.850498284000915,1.0,1.621421432002984,1.0113794012635582,0.752200486303002,0.6754322040858326,1.2167002454256408,0.8226711869755068,0.7934814160600008,0.064634656412712,0.1210103717799487,3.0,0.0,0.5697674418604651,0.4354430379746835,98.0,131.66666666666666,2,3,0.7468354430379747,0.7518987341772152,0.6666666666666666,0.8422184824760371,0.0,0.7015238652715787,0,0.7874444569483937
3rf7A,2,162,0.162913,3.691571,3.720191,0-183 184-345,0.5625,-1.8063883426173468,0.0,1.4578334109318436,1.1131175069602914,0.8209677149327755,0.730059456241691,1.320634709372911,0.7573820816629238,0.7460209803827453,0.2497098504116782,0.2497098504116782,2.0,0.0,0.8804347826086957,0.5317919075144508,162.0,173.0,2,2,0.9942196531791908,0.9942374937557982,1.0,0.9971103843181096,1.0,0.9971135062506196,1,0.7937375586268834
3rgaA,2,133,0.212709,3.793693,3.815512,0-132 133-280,0.75,-2.858110556753143,0.0,1.5411991399892695,0.9370179962404857,0.8166404046471257,0.8128037981341134,1.1765704836271629,0.8502756194808443,0.8330792400761675,0.2686862322635865,0.2686862322635865,2.0,0.0,0.8986486486486487,0.5266903914590747,133.0,140.5,2,2,1.0,1.0,1.0,1.0,1.0,1.0,1,0.8937910594487293
4lniA,2,106,0.115877,3.556868,3.785792,0-105 106-442,0.6875,-2.608703454232937,0.0,1.5201185101030743,1.04505943494071,0.8374107644687432,0.7666543961857638,1.3187790523039322,0.7623110565526945,0.7068574375920346,0.1272864592452537,0.1272864592452537,2.0,0.0,0.314540059347181,0.7607223476297968,106.0,221.5,2,2,1.0,1.0,1.0,1.0,1.0,1.0,1,0.7903930308115997
2hfzA,3,172,0.174524,3.492728,3.653885,0-39;123-194;253-312 40-86;423-607 87-122;195-252;313-422,0.671053,-1.98201374917819,1.0,1.4333139073394978,1.1283260059022628,0.8896048424452445,0.8044807292062681,1.4297312145401635,0.702465658671481,0.6597186088173641,0.1187081228161098,0.2163514214960227,8.0,5.0,0.7413793103448276,0.3815789473684211,36.0,76.0,4,3,0.7006578947368421,0.7427724158171243,0.7058823529411764,0.768790582778786,0.0,0.6836206492547857,0,0.625690295719967
1hyoA,2,120,0.19028,3.674323,3.81604,0-119 120-415,1.0,-2.997938838376093,0.0,1.29403867642178,1.089013694066972,0.8727936031754555,0.8691841551727209,1.2262932290405597,0.8158577881412609,0.7979711351177414,0.2720988292823356,0.2720988292823356,2.0,0.0,0.4054054054054054,0.7115384615384616,120.0,208.0,2,2,0.9536340852130326,0.9358521580806944,0.0,0.9668595777454492,1.0,0.7712691642078352,1,0.7919063594382504
5hgrA,2,145,0.169002,3.556587,3.623688,0-29;175-314 30-174,0.730769,-2.014121433024185,0.0,1.328683694780696,1.093811293910356,0.9638430282894908,0.95397140073969,1.398162273914986,0.7154500446256797,0.7027488030686952,0.1884106050561294,0.1884106050561294,3.0,1.0,0.8529411764705882,0.5396825396825397,30.0,105.0,2,2,0.8279569892473119,0.805471220746363,0.0,0.8914569473131932,1.0,0.7049770314613736,0,0.8756548619774802
3tefA,2,111,0.186969,3.624699,3.759998,0-142;254-278 143-253,0.230769,-2.55111811926967,0.0,1.350027385874047,1.047167231079592,0.8568619582782062,0.8064929688547728,1.213903858732031,0.8307014534278567,0.7549213300442786,0.2235891806687931,0.2235891806687931,3.0,1.0,0.6607142857142857,0.6021505376344086,25.0,93.0,2,2,0.949820788530466,0.951403015919145,1.0,0.9750628133223782,1.0,0.975257323554398,1,0.8406798749799252
2jksA,2,136,0.094996,3.741547,3.773906,0-147 148-283,0.875,-3.229376452175507,0.0,1.4683839424080485,0.946912634673984,0.7985937962826226,0.7493795009135483,1.107066419778405,0.9032936664647696,0.9010653845930584,0.0567273720260456,0.0567273720260456,2.0,0.0,0.918918918918919,0.5211267605633803,136.0,142.0,2,2,1.0,1.0,1.0,1.0,1.0,1.0,1,0.96347291303041
1qguA,2,235,0.1481,3.79091,3.905819,0-58;294-477 59-293,0.692308,-2.878277143823512,0.0,1.5403365852908562,1.032692885765817,0.8010251123229185,0.7464501670746625,1.264777672765542,0.7976746079831962,0.7228339559533015,0.2142615577564689,0.2142615577564689,3.0,1.0,0.9670781893004116,0.5083682008368201,59.0,159.33333333333334,3,2,0.6589403973509934,0.6221433132240516,0.5,0.6212490850615828,0.0,0.5804665591273256,0,0.7502524062520777
2pnwA,2,161,0.104373,3.542412,3.731712,0-92;254-353 93-253,0.384615,-2.643258146107065,0.0,1.36148563513995,1.1591519077216474,0.8447120259247793,0.7592588154540095,1.3192333261230291,0.7698570694285223,0.6743797795611448,0.1593656160651934,0.1593656160651934,3.0,1.0,0.8341968911917098,0.5451977401129944,93.0,118.0,2,2,1.0,1.0,1.0,1.0,1.0,1.0,1,0.8119762547317312
3r6qA,4,43,0.208473,3.288589,3.606996,0-132 133-162;206-397 163-205 398-461,0.369565,-2.3756133931604944,2.0,1.7099068262861974,0.9804725860294896,0.6994826005149928,0.4626238266686233,1.1121759763934604,0.9136831946565211,0.7995647118770561,0.0964354793780121,0.2695087423663347,5.0,1.0,0.1936936936936936,0.4805194805194805,30.0,92.4,3,4,0.8656387665198237,0.8626488823625387,0.6666666666666666,0.9245994116787096,0.0,0.7639107454455477,0,0.6804654500519127
3ju5C,2,93,0.165375,3.440517,3.590021,0-92 93-353,1.0,-3.0903376326140783,0.0,1.5150043628974843,1.0543266497715615,0.8355258622831006,0.7774361298523701,1.3265471424840771,0.7567949778117211,0.7094793956714616,0.1893448620829119,0.1893448620829119,2.0,0.0,0.3563218390804598,0.7372881355932204,93.0,177.0,2,2,0.9971590909090908,0.9944403714565004,0.0,0.9971899703557312,1.0,0.7977578865442645,1,0.749517155869272
2h12B,3,103,0.197787,3.060435,3.458055,0-102 103-257;379-425 258-378,0.194444,-2.375106512748021,1.0,1.9816135647764184,1.0177240502376133,0.8309153050062067,0.7424967116441742,1.6413215864792123,0.6335040390055052,0.5347518550443532,0.1376860633868705,0.219418459542059,4.0,1.0,0.5099009900990099,0.4741784037558685,47.0,106.5,3,3,0.655,0.7010886238134768,0.6666666666666666,0.8160774210807918,1.0,0.7677665423121871,1,0.5900078117210613
5hwaA,2,99,0.127202,3.823176,3.873557,0-44;144-258 45-143,0.307692,-2.097579383962505,0.0,1.229282573373388,1.053295865974119,0.8490589590400521,0.8071070173343278,1.0962894995577803,0.9125972299669052,0.8928012515666081,0.2650027076045333,0.2650027076045333,3.0,1.0,0.61875,0.6177606177606177,45.0,86.33333333333333,2,2,0.625968992248062,0.6821947674418605,0.6666666666666666,0.8110347382543593,1.0,0.7571730329221897,0,0.9115212975829843
3fveA,2,127,0.145751,3.824161,3.863684,0-134;262-282 135-261,0.269231,-2.59087235274475,0.0,1.212065001778516,1.0661986695730068,0.8164540979917471,0.7941799238315387,1.0541649330179328,0.9492415934969818,0.9249148963909908,0.154465421031389,0.154465421031389,3.0,1.0,0.8141025641025641,0.5512367491166078,21.0,94.33333333333331,2,2,0.9858657243816256,0.9859563287125124,1.0,0.9929280534024848,1.0,0.9929500212993244,1,0.9428225650150943
4by6A,2,217,0.062052,3.693887,3.702167,0-216 217-507,0.1875,-1.6070089038317947,0.0,1.256607341309338,1.198503588677068,0.9239472882774652,0.8019367683167012,1.3808259058403238,0.7276107258762343,0.6778253579204767,0.0270602918957206,0.0270602918957206,2.0,0.0,0.7457044673539519,0.5728346456692913,217.0,254.0,2,2,0.7554455445544555,0.7799251422583481,0.0,0.8763534994766942,1.0,0.6823448372578995,0,0.8453325954894941
3w5sA,2,156,0.207956,3.916219,4.043975,0-155 156-349,0.6875,-2.9873316536511565,0.0,1.3268412490158985,1.1010650882280013,0.7842073017832001,0.7352692793897894,1.1468559217778185,0.8785892644816334,0.802208843783234,0.3253554632593006,0.3253554632593006,2.0,0.0,0.8041237113402062,0.5542857142857143,156.0,175.0,2,2,0.9771428571428572,0.977378497790869,1.0,0.9885586196503916,1.0,0.9886159949168236,1,0.798526885094488
3pgbA,3,146,0.290148,3.300098,3.480807,0-130;277-328 131-276 329-738,0.638889,-2.065236333441943,1.0,1.931397303569286,1.215281558721423,0.8951508096207851,0.8322417385133213,2.070106912571009,0.4847568776233117,0.4451202776869328,0.221808244199109,0.4836867326253085,4.0,1.0,0.3560975609756097,0.5548037889039242,52.0,184.75,3,3,0.7347767253044655,0.7773100718869896,0.3333333333333333,0.8731326247557256,1.0,0.7437105510561028,1,0.600387804196483
3epoA,3,33,0.334271,3.241981,3.642468,0-283;460-489 284-459 490-522,0.583333,-2.49613730669386,1.0,1.4680233647163583,1.0961237867390643,0.729993777654633,0.4986957806087847,1.1666478083333585,0.9008799396332724,0.6784100384514216,0.2538078490946356,0.6148392435630168,4.0,1.0,0.1050955414012738,0.6003824091778203,30.0,130.75,3,3,0.4875717017208413,0.5969114978504706,0.3333333333333333,0.7440624805050097,1.0,0.6323758026819309,1,0.7369523319063448
4mx2B,1,439,0.0,0.0,0.0,0-438,1.0,-3.3787073761893804,1.0,2.4621178576471148,1.0035055317047477,0.6839420741577679,0.6839420741577679,1.6898491204524295,0.5917688081716233,0.5917688081716233,0.0,0.0,1.0,0.0,1.0,1.0,439.0,439.0,3,1,0.5945330296127562,0.4456442214392827,0.0,0.4433517735112267,0.0,0.3633724715793198,0,0.5534494030382686
4hgvA,4,36,0.194595,3.331052,3.600535,0-129 130-162;199-389 163-198 390-445,0.434783,-2.609288732893054,2.0,1.7115952698724457,0.9662288455259178,0.6911789546932606,0.4631856945781031,1.096067228152125,0.9362046583422574,0.8130682425792355,0.0794040909054117,0.2680713670405071,5.0,1.0,0.1607142857142857,0.5022421524663677,33.0,89.2,3,4,0.8977272727272727,0.8927406481971528,0.6666666666666666,0.9425085885264676,0.0,0.779928635223512,1,0.6869186919447539
3bqwA,3,33,0.236748,2.760273,3.307948,0-86;120-172;284-346 87-119 173-283,0.543478,-1.616399761351231,1.0,1.5840146035406184,1.056745215234833,0.8562553744219428,0.7728947886943432,1.4322993664548422,0.7101789810524576,0.635105343965264,0.1405676479309091,0.30942789030314,5.0,2.0,0.1625615763546798,0.5850144092219021,33.0,69.4,2,3,0.7550432276657061,0.7737752161383286,0.2857142857142857,0.8721530166403271,0.0,0.6373371492317295,0,0.6674698273051514
3cx3A,2,115,0.194254,3.45796,3.504363,0-143 144-258,0.3125,-3.343176103736208,0.0,1.3945876649157691,1.221796873236774,0.749967835491373,0.7408961351196471,1.2741373619439154,0.7849756294495103,0.7748391079056207,0.2111876354091431,0.2111876354091431,2.0,0.0,0.7986111111111112,0.555984555984556,115.0,129.5,2,2,0.9382239382239382,0.9403726708074536,1.0,0.9692511043862396,1.0,0.9695695426835262,1,0.7749317200716395
4c1bA,2,68,0.019344,3.349366,3.394025,0-67 68-170,0.625,-2.188534733767744,0.0,1.6856929991623053,1.130593156928566,0.6318488933188338,0.5630465513748989,1.20679187665555,0.8488716342772602,0.71783247468478,0.0,0.0,2.0,0.0,0.6601941747572816,0.6023391812865497,68.0,85.5,2,2,1.0,1.0,1.0,1.0,1.0,1.0,1,0.878498934157934
1sujA,2,171,0.26949,3.466701,3.467656,0-170 171-362,0.8125,-3.323363069362536,0.0,1.8253927775050636,1.112988420144169,0.8407727432538108,0.7570728860067929,1.689234251928951,0.5965576720594249,0.5443242025304122,0.3689417349734672,0.3689417349734672,2.0,0.0,0.890625,0.5289256198347108,171.0,181.5,2,2,0.9757142857142858,0.9596909606866002,1.0,0.9792221794378128,1.0,0.9829254851677398,1,0.6568675401352366
4nzrM,3,68,0.148782,3.297949,3.551574,0-67 68-266 267-390,0.538462,-1.918009971901432,1.0,1.6203357190360872,1.0409523737230364,0.7531714806729047,0.7035264505911267,1.246240904237316,0.8025260929691127,0.7908752348225723,0.096278891259988,0.17632866977167,3.0,0.0,0.3417085427135678,0.5089514066496164,68.0,130.33333333333334,3,3,0.9130434782608696,0.9165423644913786,0.5,0.9552245964211352,1.0,0.8569620878346766,1,0.7207148706510523
1ro2A,2,62,0.222487,3.376151,3.53552,0-61 62-209,0.4375,-3.0382537160104786,0.0,1.3229843668442407,1.1072227391365104,0.8435487182737358,0.7681442939857,1.2336936936887275,0.819092156706249,0.7355626610847928,0.2396636372671686,0.2396636372671686,2.0,0.0,0.4189189189189189,0.7047619047619048,62.0,105.0,3,2,0.8047619047619048,0.7408622908622908,0.4,0.7920377045852331,0.0,0.6475323800418857,0,0.7799399995957315
2oyhE,3,33,0.27799,2.922895,3.477807,0-32 33-137 138-294,0.653846,-1.984153762030296,1.0,1.943639315801294,0.933469274403345,0.6366697719054119,0.3284815632011821,0.9820147636037984,1.2307266550406184,0.7918933474463365,0.1302598908139688,0.3907796724419066,3.0,0.0,0.2101910828025477,0.5322033898305085,33.0,98.33333333333331,3,3,0.5796610169491525,0.6574516067287957,0.4,0.7902207379484922,1.0,0.6854666723252881,0,0.8104002890494086
3r7pA,2,123,0.147044,3.576718,3.643227,0-168 169-291,0.375,-3.096573834872081,0.0,1.5969804143448223,1.034684539803623,0.8508471348418147,0.7942378747477434,1.4042066696130489,0.7138507446795646,0.6789649869660966,0.1443224294687935,0.1443224294687935,2.0,0.0,0.727810650887574,0.5787671232876712,123.0,146.0,2,2,0.8192982456140351,0.8269697913422609,0.0,0.9052578242566244,1.0,0.710305172242584,0,0.7473601322859741
5gizA,2,126,0.128377,3.88151,3.911905,0-125 126-270,0.3125,-3.071359759305257,0.0,1.4068344795606569,0.989666903856428,0.8132592979571776,0.775217798982809,1.1183111247939237,0.897597824096636,0.8424171262044138,0.1893015396988368,0.1893015396988368,2.0,0.0,0.8689655172413793,0.5350553505535055,126.0,135.5,2,2,0.977859778597786,0.9780888153709124,1.0,0.9889226287220856,1.0,0.9889742445381569,1,0.9158060256787997
1ta9B,2,139,0.196791,3.763213,3.960032,0-254 255-393,0.8125,-2.902287369926432,0.0,1.3731508928011495,1.10004820554153,0.7784559576642206,0.7554221151663805,1.1752432707224147,0.8513551897853511,0.8314044651345782,0.2959363237443283,0.2959363237443283,2.0,0.0,0.5450980392156862,0.6472081218274112,139.0,197.0,2,2,0.5078534031413613,0.6010573863053075,0.0,0.7508175453520876,1.0,0.5719456669597512,0,0.8122734764472804
1hi8A,3,111,0.247109,3.409266,3.568457,0-99;132-278;313-385;622-638 100-131;279-312;386-510 511-621,0.684211,-2.76987151120727,1.0,1.6201859763338051,1.0820961113351182,0.9405661233164914,0.8591168152194593,1.6378842926837305,0.6120249676260126,0.5702905972798277,0.1852943220667358,0.3913257712574742,8.0,5.0,0.3293768545994065,0.5273865414710485,17.0,79.875,4,3,0.4863782051282051,0.5635564997758564,0.3333333333333333,0.669319666360382,0.0,0.5105175409195554,0,0.5386395597240052
5grmB,1,190,0.0,0.0,0.0,0-189,0.833333,-1.9398183000244755,1.0,1.4362505517706634,1.1681342596515154,0.8422695836183447,0.8422695836183447,1.4131038753827645,0.7076620603910893,0.7076620603910893,0.0,0.0,1.0,0.0,1.0,1.0,190.0,190.0,2,1,0.7736842105263158,0.6498060941828254,0.0,0.674964860221771,0.0,0.5196910329861825,0,0.6105647547866578
2d3aA,2,103,0.104338,3.445741,3.7143,0-102 103-352,0.6875,-2.2815316673793355,0.0,1.6793983032348287,0.9874334885097978,0.7805746078489537,0.7537596475180679,1.2905372997291895,0.7791750270038582,0.721265210278049,0.0869763340917304,0.0869763340917304,2.0,0.0,0.412,0.7082152974504249,103.0,176.5,2,2,0.9886685552407932,0.9887785692675816,1.0,0.9943507644697552,1.0,0.994359577795626,1,0.7407723503966358
5fb3E,2,145,0.200871,3.798091,3.934181,0-144 145-333,0.8125,-2.5141748415365117,0.0,1.2833295489873606,1.0764435954598297,0.8357448816600992,0.7225389186238966,1.143012892429884,0.8788631674610272,0.8197025215635184,0.2832613312053356,0.2832613312053356,2.0,0.0,0.7671957671957672,0.5658682634730539,145.0,167.0,2,2,0.994011976047904,0.9940326244063596,1.0,0.9970072180915944,1.0,0.9970103637091716,1,0.8938254457032568
5w56B,2,126,0.196774,3.68738,3.727858,0-138 139-264,0.125,-3.0117861998956794,0.0,1.362460386549405,1.1359472236412846,0.7357682790627373,0.7104107054535851,1.136137477385896,0.880188940848451,0.8767077258405602,0.2465045909186464,0.2465045909186464,2.0,0.0,0.9064748201438848,0.5245283018867924,126.0,132.5,2,2,0.9809885931558936,0.97762398446262,0.0,0.9886742321845776,1.0,0.7894573619606182,1,0.887920947180726
2cxaA,2,59,0.173925,3.312807,3.519046,0-58 59-220,0.75,-1.9873258290008335,0.0,1.2701504634391054,1.0710509358299345,0.8917573303341944,0.8383590797504408,1.2146634044117444,0.8285059014301435,0.7626636155516622,0.1602953880536507,0.1602953880536507,2.0,0.0,0.3641975308641975,0.7330316742081447,59.0,110.5,2,2,1.0,1.0,1.0,1.0,1.0,1.0,1,0.9531768058647024
3bfjA,2,179,0.154397,3.993109,4.106776,0-178 179-381,0.6875,-2.7576889582019533,0.0,1.2661309497300226,1.0408305391766552,0.8501261029047765,0.8274228454503846,1.1187531011212388,0.8938944528862822,0.8877539110172857,0.2140584899110296,0.2140584899110296,2.0,0.0,0.8817733990147784,0.5314136125654451,179.0,191.0,2,2,0.9790575916230366,0.9792639207696078,1.0,0.9895230393979022,1.0,0.9895689103581092,1,0.9297250864794955
4ar9A,2,113,0.148849,3.503089,3.689739,0-278 279-391,0.625,-3.5868194086832474,0.0,1.646993243643278,0.9809184513065824,0.7971842230847758,0.7744498302536404,1.2840617861286605,0.77887248236278,0.7703269918866386,0.2390864753162727,0.2390864753162727,2.0,0.0,0.4050179211469534,0.7117346938775511,113.0,196.0,3,2,0.625,0.6224327560503695,0.6666666666666666,0.5136416708104765,0.0,0.5855482187055026,0,0.7204745572337798
3rr6A,2,47,0.14949,3.316229,3.674436,0-46 47-251,0.5625,-2.625789688515592,0.0,1.3229945980605868,0.9606132076531811,0.8223509344501972,0.739550049683652,1.040125965732238,0.9655145684807608,0.9026542335712636,0.1707316461195222,0.1707316461195222,2.0,0.0,0.2292682926829268,0.8134920634920635,47.0,126.0,2,2,0.9761904761904762,0.9763646922183508,1.0,0.987955018882854,1.0,0.988102037458336,1,0.882675819757659
4nkbB,2,91,0.088659,3.430056,3.513571,0-112 113-203,0.5,-1.7819088189476646,0.0,1.3854418197047886,1.057659373921712,0.8025130114669811,0.7989232974820238,1.1755450901208355,0.8540240416092095,0.8004972596169316,0.0171761127800868,0.0171761127800868,2.0,0.0,0.8053097345132744,0.553921568627451,91.0,102.0,2,2,0.9901960784313726,0.9902499461322992,1.0,0.9951007832733696,1.0,0.9951093615674084,1,0.967351674451444
2p1gA,3,39,0.397628,3.279915,3.391892,0-106 107-145 146-228,0.346154,-1.167702950858981,1.0,1.520997759634272,1.0455963436364486,0.7780210599893791,0.4901183159719405,1.2045749024715755,0.899618494236886,0.6128274655345972,0.1942490596551125,0.5193414339493468,3.0,0.0,0.3644859813084112,0.4672489082969432,39.0,76.33333333333333,2,3,0.7030567685589519,0.7419864350088266,0.8,0.8496345620831922,0.0,0.7189355531301942,0,0.726802171376232
1wzoB,2,38,0.149126,3.224919,3.585533,0-37 38-237,0.625,-2.180491953633993,0.0,1.2908682430726914,0.9432991582238752,0.8402748267605542,0.8357296800451137,1.0238775293092268,0.9798973526851068,0.9237426520128446,0.1301628461478011,0.1301628461478011,2.0,0.0,0.19,0.8403361344537815,38.0,119.0,2,2,0.9831932773109244,0.9832773109243698,1.0,0.9915100172268366,1.0,0.991596121092426,1,0.8407461690148058
6mx3B,1,170,0.0,0.0,0.0,0-169,0.5,-2.311522080686009,1.0,1.5623070412062687,1.137000080504991,0.7026257746390179,0.7026257746390179,1.2481045391453212,0.8012149372397779,0.8012149372397779,0.0,0.0,1.0,0.0,1.0,1.0,170.0,170.0,2,1,0.7588235294117647,0.6339792387543253,0.0,0.6547708046429274,0.0,0.5095147145618034,0,0.6070662747738633
4jciA,2,153,0.125194,3.880055,3.922975,0-134;288-311 135-287,0.423077,-1.9348166507618956,0.0,1.367770970921477,1.0516968510375904,0.7419611274570848,0.7168663474815462,1.0663408118180684,0.940384781000424,0.890954026016681,0.1303661096538382,0.1303661096538382,3.0,1.0,0.9622641509433962,0.5096153846153846,24.0,104.0,2,2,0.9807692307692308,0.9809538287799155,1.0,0.9903853071744536,1.0,0.99042167334472,1,0.9234945693132194
1dk5A,2,157,0.08288,3.795401,3.842285,0-86;244-315 87-243,0.461538,-2.623682801666239,0.0,1.582579287501947,0.9961887686897072,0.680557153547154,0.6664853794149159,1.0726841330420855,0.9325791729439292,0.9148172731703466,0.0445102644022488,0.0445102644022488,3.0,1.0,0.9874213836477987,0.5031645569620253,72.0,105.33333333333331,4,2,0.4900332225913621,0.4748516436311947,0.6666666666666666,0.3489096292813575,0.0,0.4627588991007829,0,0.8877975936883846
6hjfA,2,176,0.192797,3.848647,3.903297,0-146;326-354 147-325,0.384615,-2.318088959328976,0.0,1.4273113666604065,1.0386460616055555,0.7604672333535972,0.7249835908192912,1.12334721588683,0.8912791214545468,0.8602190606978141,0.3226246395865648,0.3226246395865648,3.0,1.0,0.9832402234636872,0.504225352112676,29.0,118.33333333333331,2,2,0.9774647887323944,0.977715894972542,1.0,0.9887323943661972,1.0,0.9887826156142266,1,0.8250788457797044
4oxrA,2,122,0.218311,3.643324,3.701144,0-155 156-277,0.375,-2.8937896447694333,0.0,1.3341788044948188,1.169909875000124,0.7671432113814316,0.7457041327664927,1.1961677416479335,0.8365528323340417,0.815108992293096,0.2747647409995589,0.2747647409995589,2.0,0.0,0.782051282051282,0.5611510791366906,122.0,139.0,2,2,0.9424460431654677,0.9439217856484045,1.0,0.971144888600398,1.0,0.971502543482854,1,0.8546354363326569
2qgaC,4,60,0.200424,3.328364,3.593135,0-29;116-145;198-373 30-115 146-197;434-454 374-433,0.454545,-1.941363597990921,2.0,1.7776032392783363,0.9445767753984686,0.7336831442443812,0.6642558834987905,1.2119249828459495,0.8365539856085837,0.6949547307036297,0.0696268497870855,0.2322082835297318,7.0,3.0,0.2542372881355932,0.5186813186813187,21.0,65.0,3,4,0.6857142857142857,0.7215152286944261,0.6666666666666666,0.8359104535386336,0.0,0.6819613269228024,1,0.5894684800270186
5ha4B,2,137,0.14094,3.731009,3.821342,0-119;265-281 120-264,0.384615,-2.165140062577256,0.0,1.2955216341600928,1.0111295971401264,0.8545626193949404,0.8277342713412761,1.1191246450758672,0.895022399218623,0.8587885325046446,0.3422087124419979,0.3422087124419979,3.0,1.0,0.9448275862068966,0.5141843971631206,17.0,94.0,2,2,0.9649446494464944,0.9483468125311374,1.0,0.9731200664005804,1.0,0.9772823056756424,1,0.929240030325551
1sdjA,2,146,0.164881,3.774738,3.788946,0-128;287-303 129-286,0.346154,-1.630026501502215,0.0,1.2811217967394546,1.0160841436591737,0.8829757786204,0.8751512955302723,1.146452382775898,0.8725515276196871,0.856494132695475,0.1906129134339887,0.1906129134339887,3.0,1.0,0.9240506329113924,0.5197368421052632,17.0,101.33333333333331,2,2,0.9802631578947368,0.9804590997583242,1.0,0.9901329696643963,1.0,0.9901710454634914,1,0.9339565392776789
1toaA,2,130,0.225035,3.684648,3.716016,0-146 147-276,0.3125,-2.2160812928550477,0.0,1.3467768475682385,1.1541568309894297,0.7689159579521782,0.7668041812729743,1.1926362447751715,0.8390206942646505,0.8176945043331455,0.2878329458572282,0.2878329458572282,2.0,0.0,0.8843537414965986,0.5306859205776173,130.0,138.5,2,2,0.97992700729927,0.9749327401830008,0.0,0.9873059820454736,1.0,0.7884331459055489,1,0.8716129125049357
4mx2A,4,52,0.190184,3.09283,3.474029,0-29;152-202;253-371 30-121 122-151;203-252 372-423,0.515152,-1.9626464013801797,2.0,1.839760436003444,0.9623013594381266,0.7160834566448885,0.6526751701333561,1.262453084183798,0.8107413248448545,0.638500153917418,0.0983885445477691,0.3327916462577831,7.0,3.0,0.26,0.4716981132075472,30.0,60.57142857142857,3,4,0.6320754716981132,0.6639352936861056,0.4444444444444444,0.7938652127398442,0.0,0.6068640845137014,0,0.5614407375026249
6d1vA,2,136,0.129783,3.748579,3.824154,0-118;258-274 119-257,0.653846,-2.493126015533347,0.0,1.2837604319262284,0.9959162745948956,0.8292471568230009,0.7911933888370681,1.053581394392114,0.9507923156028651,0.9111991340290568,0.120102888979194,0.120102888979194,3.0,1.0,0.9784172661870504,0.5054545454545455,17.0,91.66666666666669,2,2,0.920754716981132,0.90828331332533,1.0,0.9516469038208168,1.0,0.9561369868254558,1,0.9411944373720411
4jadA,4,32,0.339389,2.800898,3.305926,0-50 51-228;376-425 229-260 261-375,0.782609,-1.2289751924596013,2.0,1.534333221850287,1.2044752380617771,0.7644000942681379,0.5605756418678467,1.4496063886635593,0.7837402884466944,0.4470872783418277,0.0989656542069519,0.4399948007586729,5.0,1.0,0.1403508771929824,0.5352112676056338,32.0,85.2,3,4,0.866504854368932,0.8573115785757232,0.8571428571428571,0.9214658388533676,0.0,0.8004850257881759,1,0.642721327207909
1uvjA,1,664,0.0,0.0,0.0,0-663,1.0,-5.959049284677355,1.0,1.273133627020143,1.147633373627546,0.9376952917681026,0.9376952917681026,1.3700578134641508,0.7298962059648638,0.7298962059648638,0.0,0.0,1.0,0.0,1.0,1.0,664.0,664.0,4,1,0.404320987654321,0.2974304625911051,0.0,0.240899357601713,0.0,0.2385301615694278,0,0.5823106126135165
3r6oA,3,55,0.762043,3.067729,3.195629,0-54 55-91;170-264 92-169,0.722222,-1.831712305815279,1.0,1.7181381055776328,1.1288810664963689,0.7655084021142838,0.6228287574139918,1.4490308744896705,0.7073065782207952,0.6194202736707114,0.4132421768991701,1.0,4.0,1.0,0.4166666666666667,0.4981132075471698,37.0,66.25,2,3,0.6830188679245283,0.6873854447439353,0.5,0.8075471698113208,0.0,0.6355902964959569,0,0.667580070592791
5k87B,2,193,0.145883,3.951101,3.992145,0-175;370-386 176-369,0.4,-1.8394470741759965,0.0,1.3575273361147175,1.0604243717472377,0.9010379841019412,0.8206761512409498,1.2968491254214536,0.7848882801074142,0.6808571419246222,0.5434823701151156,0.5434823701151156,3.0,1.0,0.9948453608247424,0.5012919896640827,17.0,129.0,2,2,0.9741602067183462,0.9744931937451716,1.0,0.9870818288533724,1.0,0.987147045863378,1,0.9151135835653408
3x01B,2,135,0.126713,3.471325,3.559317,0-162 163-297,0.8125,-2.293159103764924,0.0,1.5017404515966732,1.027006161469083,0.8594466454580203,0.8415239090042386,1.3251299771951857,0.7601046200244319,0.6956729676964558,0.1049915336772893,0.1049915336772893,2.0,0.0,0.8282208588957055,0.5469798657718121,135.0,149.0,2,2,0.9983164983164984,0.996657937398678,1.0,0.9983227566870688,1.0,0.998659438480449,1,0.8766077658388862
4jccA,2,137,0.198558,3.754603,3.76138,0-146 147-283,0.25,-2.9179772909832264,0.0,1.3456793286925142,1.0636775403800134,0.8541955930177416,0.7904120311852827,1.214173883951092,0.8318204632502146,0.7491550389416173,0.2096856674740874,0.2096856674740874,2.0,0.0,0.9319727891156464,0.5176056338028169,137.0,142.0,2,2,0.7676056338028169,0.7955947363010177,0.6666666666666666,0.8858950650876979,1.0,0.8231524203716398,0,0.8896511345669631
3rd8A,2,127,0.153209,3.902085,3.966545,0-126 127-456,0.875,-3.624092480849301,0.0,1.9192851682208163,0.9830823758263172,0.7634616055216501,0.7339634148104536,1.415201243544305,0.7365155454407055,0.5881124475301803,0.2461144721091068,0.2461144721091068,2.0,0.0,0.3848484848484848,0.7221006564551422,127.0,228.5,3,2,0.8647450110864745,0.7822782041005111,0.6666666666666666,0.8159645232815964,0.0,0.7259308810270497,0,0.6091827415575256
3c0wA,2,102,0.192054,3.411456,3.527015,0-120 121-222,0.8125,-1.855707324639706,0.0,1.4236726352984874,1.1832772324949556,0.8382036635872742,0.808445180356191,1.4264550739059296,0.7237352774807657,0.5955696788900895,0.1894332402176916,0.1894332402176916,2.0,0.0,0.8429752066115702,0.5426008968609866,102.0,111.5,2,2,0.9910313901345292,0.991068450505874,1.0,0.9955140612753652,1.0,0.9955227803831536,1,0.8026856773767048
3unvA,2,233,0.143451,3.90661,3.992848,0-202;312-341 203-311;342-512,0.305556,-3.352535229066252,0.0,1.499022031358043,1.0725022644261042,0.8182430475689633,0.7903074812535309,1.3128554850168372,0.7789281973951003,0.6630803274662345,0.2373100338378484,0.2373100338378484,4.0,2.0,0.8321428571428572,0.5458089668615984,30.0,128.25,2,2,0.8440545808966862,0.8574404537810908,0.5,0.923088890719234,1.0,0.8249167850794022,1,0.6912997717781143
3e0jC,2,105,0.127546,3.607259,3.736796,0-44;150-408 45-149,0.807692,-1.978913314470227,0.0,1.3593832364707188,1.108587775053294,0.8398213267565515,0.8259655048788218,1.2647859689064926,0.7918061484025114,0.7615185270483663,0.1388594841136188,0.1388594841136188,3.0,1.0,0.3453947368421052,0.7432762836185819,45.0,136.33333333333334,2,2,0.964735516372796,0.9516543891660731,0.6666666666666666,0.9752168106435852,1.0,0.9116546765698242,1,0.7989032510244759
4yisA,2,122,0.128644,3.51879,3.609592,0-172 173-294,0.5,-2.5647583014060875,0.0,1.617347356381736,1.047778155795965,0.8325822609733884,0.7996761354361912,1.411060226549775,0.7099492602923965,0.6800133242163039,0.1106180106745914,0.1106180106745914,2.0,0.0,0.7052023121387283,0.5864406779661017,122.0,147.5,2,2,0.8094405594405595,0.8170702130239702,0.0,0.8992687205083545,1.0,0.7051558985945768,0,0.7686011160264634
2qyuA,3,174,0.053831,3.780325,3.860291,0-262 263-436 437-619,0.153846,-2.3440447048475863,1.0,1.4264883811914977,0.9729944925858212,0.8526541595171943,0.8001235354313304,1.1568103236609637,0.8648614427680176,0.8393109010876377,0.0027761931631605,0.0083285794894816,3.0,0.0,0.6615969581749049,0.4241935483870968,174.0,206.66666666666663,4,3,0.532258064516129,0.5984389718130895,0.4,0.5651998945876653,0.0,0.5191793861833768,0,0.8528119694454181
3pdiB,2,170,0.236914,3.819282,3.901651,0-261 262-431,0.5,-2.7676240893033404,0.0,1.4674961791693355,1.0342724566207449,0.8766712805766282,0.8318450283859385,1.3270056695248944,0.7541226802248728,0.7338236527299734,0.379855390335188,0.379855390335188,2.0,0.0,0.648854961832061,0.6064814814814815,170.0,216.0,3,2,0.5792838874680307,0.5462259967446139,0.0,0.5283544191568597,0.0,0.4307728606739008,0,0.6643263242184212
2wzfA,2,101,0.075706,3.653569,3.739774,0-100 101-514,0.875,-3.533298162134291,0.0,1.5409806027377573,1.1297319391826457,0.7732209662535152,0.7629728832486228,1.370345634911737,0.7847666950442275,0.5769666940232995,0.1057867657452266,0.1057867657452266,2.0,0.0,0.2439613526570048,0.8038834951456311,101.0,257.5,3,2,0.7475728155339806,0.654561230711505,0.5,0.6553054920020552,0.0,0.6114879076495081,0,0.6248549969593165
2w8hA,2,135,0.053964,3.42182,3.565248,0-42;230-321 43-229,0.615385,-3.1752740534822084,0.0,1.959979517707079,1.0945180870098905,0.8144039407972123,0.724728599060257,1.7227919064686557,0.5962972043416129,0.4990976083092945,0.0,0.0,3.0,1.0,0.7219251336898396,0.5807453416149069,43.0,107.33333333333331,3,2,0.6848184818481848,0.6325687470707855,0.6666666666666666,0.5967462494958617,0.0,0.6161600290162997,0,0.6933839407706182
1tj7A,3,103,0.136431,3.49204,3.697766,0-102 103-132;173-347 133-172;348-454,0.413043,-2.8454543990391508,1.0,1.9202437964234875,0.9845229951228136,0.6679116835056561,0.6149014047181313,1.239900677489903,0.8089923899641788,0.7482157682109106,0.0880150540811288,0.1326757232137052,5.0,2.0,0.5024390243902439,0.4505494505494505,30.0,91.0,3,3,0.6681318681318681,0.7447201695585747,0.2857142857142857,0.8445610574066981,1.0,0.7086254761622853,0,0.6404389871905046
4pagA,2,147,0.199495,3.575644,3.638052,0-146 147-317,0.5,-2.916108066808688,0.0,1.3178016523793985,1.0622996919341694,0.9191725824382024,0.91655703799523,1.280988488549606,0.7806686093990961,0.7765746551912933,0.2835366023008687,0.2835366023008687,2.0,0.0,0.8596491228070176,0.5377358490566038,147.0,159.0,3,2,0.7075471698113207,0.6746275365876049,0.0,0.6492532387597183,0.0,0.5062855890317288,0,0.8882175974201226
2e1mC,2,56,0.035492,3.143496,3.197873,0-94 95-150,1.0,-0.7398455474592343,0.0,1.6808544423109684,1.104731615773204,0.7086462018748954,0.5258715293991117,1.290424467941354,0.8011604141555532,0.6562200394255587,0.0,0.0,2.0,0.0,0.5894736842105263,0.6291390728476821,56.0,75.5,2,2,0.8601694915254238,0.7908181470625717,0.0,0.8805593867777383,1.0,0.7063094050731468,1,0.89819090077081
1ofwA,2,126,0.146663,3.238771,3.340172,0-165 166-291,0.875,0.3008210184921333,0.0,1.63846467130089,1.0948933168223212,0.9508553524128334,0.8630320949748724,1.6891719617065348,0.5923520007428704,0.5780365574736402,0.2266914132763314,0.2266914132763314,2.0,0.0,0.7590361445783133,0.5684931506849316,126.0,146.0,2,2,0.7876712328767124,0.8074232199457775,0.5,0.8934378569237025,1.0,0.7977064619492384,0,0.7946266675862432
2fauA,2,139,0.083733,3.461655,3.483499,0-146 147-285,0.75,-1.6223647560176635,0.0,1.6610814179447169,1.117566518646244,0.8260694948284975,0.7517431925888669,1.5261900964011996,0.6558246810245516,0.6360159516468653,0.025983763587509,0.025983763587509,2.0,0.0,0.9455782312925172,0.513986013986014,139.0,143.0,2,2,0.9790209790209792,0.9792473713337024,1.0,0.989514727696546,1.0,0.9895566156102454,1,0.7947917094894001
2vs7A,2,65,0.156801,3.414413,3.59187,0-113 114-178,0.5,-2.0043933185381198,0.0,1.3877763168967574,1.080476181513801,0.7795988958983802,0.7271454182447066,1.1689979144385885,0.8628993222607027,0.7826357793734529,0.1053402384402151,0.1053402384402151,2.0,0.0,0.5701754385964912,0.6368715083798883,65.0,89.5,2,2,0.84375,0.8479864433811802,0.0,0.917686730079526,1.0,0.7218846346921413,1,0.8766195680675823
1vsgA,2,138,0.076367,3.840084,3.933409,0-37;77-262 38-76;263-361,0.361111,-2.3004996105326723,0.0,1.7580661032059508,0.9761428087630752,0.7167000466110349,0.6681387072645006,1.2201029806448518,0.8206021584795586,0.7919673170820687,0.0435783190956574,0.0435783190956574,4.0,2.0,0.6160714285714286,0.6187845303867403,38.0,90.5,2,2,0.8839779005524862,0.8894164364640884,1.0,0.9413645558016536,1.0,0.9429517785636456,1,0.7318334016253798
3u7qA,2,237,0.150869,3.820584,3.931465,0-56;294-476 57-293,0.769231,-2.529317334784729,0.0,1.5380452774229458,1.0258362697124417,0.7796945346541114,0.7137721910831657,1.2206691652474433,0.8219152051655294,0.7748733467984418,0.2580296629363593,0.2580296629363593,3.0,1.0,0.9875,0.5031446540880503,57.0,159.0,3,2,0.6581858407079646,0.6214432820490032,0.5,0.6178674455193078,0.0,0.5794993136552551,0,0.7405789146991578
3ieeA,2,99,0.102414,3.304456,3.422925,0-147 148-246,0.875,-3.093001858844846,0.0,2.1607203433445816,0.859793938840971,0.6412576447267515,0.6276481940965323,1.1856436553969527,0.8449605313278489,0.8089253763511363,0.1220030763287432,0.1220030763287432,2.0,0.0,0.668918918918919,0.5991902834008097,99.0,123.5,2,2,0.9898373983739838,0.9879691221154636,1.0,0.9939370755282486,1.0,0.9943487192035392,1,0.8124292255529563
1i4aA,3,73,0.143933,3.494002,3.650311,0-75 76-235 236-308,0.384615,-2.5504904650308258,1.0,1.3457031023432515,1.0078860997073258,0.8089015107763992,0.6789264609849138,1.0794272746580436,0.929455215444747,0.8806610663537463,0.0329833783946834,0.0805553783827189,3.0,0.0,0.45625,0.517799352750809,73.0,103.0,4,3,0.740983606557377,0.7179583513598969,0.8,0.6628545162973151,0.0,0.6843592948429178,0,0.882541316297975
3vldA,3,88,0.091948,3.46526,3.574004,0-165 166-360 361-448,0.461538,-2.4355128751672863,1.0,1.5184217499954349,1.0572524964867078,0.7547149742279707,0.726034949634421,1.200653266432958,0.8353580697598236,0.7780456117672307,0.0290003185326028,0.0600812657074028,3.0,0.0,0.4512820512820513,0.4342984409799554,88.0,149.66666666666666,2,3,0.4298440979955457,0.5657015590200446,0.0,0.7224581171691202,0.0,0.4436007548369421,0,0.8242611951587262
3eixA,2,132,0.204513,3.579771,3.670464,0-154 155-286,0.875,-2.452389784028773,0.0,1.2689475115320945,1.0172310797054642,0.8968966900665162,0.8594724328428893,1.159267577942091,0.8723183949229389,0.7803093999460767,0.0916361416086764,0.0916361416086764,2.0,0.0,0.8516129032258064,0.5400696864111498,132.0,143.5,2,2,0.6724738675958188,0.7221310554119366,0.0,0.8384953757021795,1.0,0.646620059741987,0,0.9549183629569292
1ye9A,2,48,0.013269,2.746276,3.172268,0-47 48-222,1.0,-1.3706255364503597,0.0,1.8363635994146943,1.203437099039891,0.7634759766753054,0.7549011596488993,1.6865042627580618,0.6073144902864579,0.513888919182539,0.0,0.0,2.0,0.0,0.2742857142857143,0.7847533632286996,48.0,111.5,3,2,0.6883720930232559,0.6001396651683929,0.5,0.6023243745549776,0.0,0.5781672265493253,0,0.7846274873916269
4a8sC,3,131,0.279077,3.522865,3.635262,0-32;93-204;268-301;332-388;626-645 33-92;205-267;490-625 302-331;389-489,0.520833,-2.965908567606016,1.0,1.390798084672472,1.178617780129955,0.9780394272275564,0.8670430339806792,1.603012326748383,0.6309407695534408,0.5399309269981459,0.2519617538678019,0.4251243777940713,10.0,7.0,0.5057915057915058,0.4009287925696594,20.0,64.6,4,3,0.4984126984126984,0.5792451227062887,0.4285714285714285,0.7114826706242667,0.0,0.5435423840629365,0,0.5482100943142237
3ocfA,3,55,0.183873,3.447542,3.751836,0-138 139-388 389-443,0.384615,-2.926584996173945,1.0,1.5497377752475618,0.9836867657148002,0.788444217902034,0.7570174272961672,1.1607900288469974,0.8749417726247649,0.7308525883379762,0.1233529744093047,0.2625275553689583,3.0,0.0,0.22,0.5630630630630631,55.0,148.0,3,3,0.9672686230248309,0.9673121752956756,1.0,0.9832665638465256,1.0,0.9835694724334064,1,0.6655159533091176
4g09A,3,43,0.16503,3.291715,3.688375,0-227;374-388 228-373 389-431,0.805556,-2.7517653146714696,1.0,1.487831041740258,1.1012696907071948,0.9092565741152364,0.7845022949144391,1.5311440010714152,0.7440733249664057,0.4189211681399989,0.0725231674499597,0.2175695023498791,4.0,1.0,0.176954732510288,0.5625,15.0,108.0,3,3,0.7839506172839507,0.7855984931961454,0.0,0.877795332154506,1.0,0.6894688885269205,0,0.7117955101073646
2x1dA,2,101,0.212124,3.780307,3.87372,0-100 101-352,0.5,-2.139392406762802,0.0,1.3771795863701508,1.0902142481490185,0.7856041230549837,0.6610712726393967,1.1477092785660064,0.872132188319775,0.8452046916744178,0.3503064571581677,0.3503064571581677,2.0,0.0,0.4007936507936508,0.7138810198300283,101.0,176.5,2,2,0.8470254957507082,0.8674725829523463,0.6666666666666666,0.927468601883544,1.0,0.861726669450653,1,0.6902937809862829
3hl6A,2,79,0.266128,3.378496,3.40356,0-78 79-188,0.3125,-2.011188684747354,0.0,1.4138863146854033,1.1060339202310296,0.8774772041103928,0.8753836863060894,1.3681821298858918,0.7334074685029741,0.6904969667167171,0.2856307105302249,0.2856307105302249,2.0,0.0,0.7181818181818181,0.582010582010582,79.0,94.5,2,2,0.9470899470899472,0.9487643158529234,1.0,0.973683300480686,1.0,0.9739075126847112,1,0.7908923275570249
1mqsA,4,52,0.162295,3.229302,3.418421,0-150 151-245;403-577 246-350 351-402,0.73913,-2.1278550104585,2.0,1.6324642650280188,1.0479021529210937,0.8269291142116322,0.7415662792604732,1.4277060794592191,0.7381983733814794,0.5359199353663983,0.0710912301716456,0.1785908988287632,5.0,1.0,0.1925925925925926,0.4671280276816609,52.0,115.6,4,4,0.7194690265486726,0.7469864206801999,0.5,0.8482660029839689,1.0,0.7629442900425683,0,0.6680964037181568
5m29A,2,109,0.155521,3.650424,3.745748,0-119 120-228,0.375,-3.523159037502486,0.0,1.3724571825777845,0.9434724945174954,0.8328658895133759,0.8068261613398474,1.0776851645295484,0.9279315714616192,0.923985086495774,0.1564507244724376,0.1564507244724376,2.0,0.0,0.9083333333333332,0.5240174672489083,109.0,114.5,2,2,0.9912663755458516,0.9913027656477438,1.0,0.9956323534724296,1.0,0.9956402989332048,1,0.9613313030075382
2w3qA,2,62,0.02557,3.021136,3.398144,0-61 62-228,0.8125,-1.7925737511844535,0.0,1.8642592414660248,1.375221671048899,0.7356463228730639,0.6458225158305376,1.876327368401804,0.5949393905337117,0.4029072628563247,0.0,0.0,2.0,0.0,0.3712574850299401,0.7292576419213974,62.0,114.5,2,2,0.9699074074074074,0.9475314603767376,0.0,0.9720008873027371,1.0,0.7778879510173764,1,0.7468037704914465
5ktnA,2,131,0.236934,3.785617,3.836922,0-85;259-303 86-258,0.961538,-3.937031227433224,0.0,1.5575945853802158,1.0825970255575232,0.7743730316843835,0.758465856967793,1.294331608103767,0.7748502129698955,0.7330897359573708,0.6133873393843012,0.6133873393843012,3.0,1.0,0.7572254335260116,0.569078947368421,45.0,101.33333333333331,3,2,0.6428571428571429,0.6050673355531494,0.0,0.5504547280324693,0.0,0.4596758412885523,0,0.6514652880782227
1cshA,2,114,0.145338,3.631643,3.723091,0-273;388-434 274-387,0.538462,-1.7000811940045917,0.0,1.4083443052618367,1.0949803256857882,0.860997131204466,0.7979634256935839,1.332775995991485,0.7631188831259497,0.6642658209389004,0.1761628943008908,0.1761628943008908,3.0,1.0,0.3551401869158878,0.7379310344827587,47.0,145.0,2,2,0.978622327790974,0.9636601771483118,1.0,0.9814186281026296,1.0,0.984740226608383,1,0.7513240650195337
2uu7A,2,110,0.144018,3.383052,3.683613,0-109 110-369,0.8125,-2.1335522387673507,0.0,1.6560669256182674,1.1072751040668851,0.7828831792261004,0.7113275213137781,1.4239791959907668,0.7168868653008984,0.614477709520415,0.1649291247381802,0.1649291247381802,2.0,0.0,0.4230769230769231,0.7027027027027027,110.0,185.0,2,2,0.9891891891891892,0.9892874692874692,1.0,0.9946090348494652,1.0,0.9946171386652248,1,0.6914435980760006
4mx8A,2,149,0.155456,3.705804,3.745718,0-148 149-298,0.1875,-2.54624310120228,0.0,1.2302975829201586,1.0874196125634346,0.9099173969700812,0.8933212122069879,1.215535477907684,0.823099086639488,0.8045860237742904,0.1911906138357475,0.1911906138357475,2.0,0.0,0.9933333333333332,0.5016722408026756,149.0,149.5,2,2,0.7391304347826086,0.7730434782608695,0.0,0.8717629315905846,1.0,0.6767873689268126,0,0.9349324712615982
3hrgA,1,248,0.0,0.0,0.0,0-247,0.833333,-3.1145644462157254,1.0,1.5058857555087832,1.0316904314612785,0.9088291382086722,0.9088291382086722,1.4119641514394572,0.7082332784302836,0.7082332784302836,0.0,0.0,1.0,0.0,1.0,1.0,248.0,248.0,2,1,0.5604838709677419,0.5073165972944849,0.0,0.4026214887055097,0.0,0.3940843913935473,0,0.7367505725919563
3sxxA,4,39,0.224588,3.002389,3.412567,0-96 97-197 198-312;352-665 313-351,0.717391,-1.9961789778504493,2.0,1.821875869353603,1.1046098096297077,0.765872354727718,0.6351108698745278,1.536657241286535,0.7002665487472326,0.5096309306431974,0.22429478667431,0.7630264849005987,5.0,1.0,0.0909090909090909,0.6441441441441441,39.0,133.2,3,4,0.852760736196319,0.8521937758900948,0.0,0.9193248642922596,0.0,0.6248558752757347,0,0.6662420892067107
4c5pA,2,131,0.293622,3.495449,3.610497,0-31;81-179 32-80;180-270,0.472222,-1.0210309956387935,0.0,1.5399885966994964,1.001332357654554,0.915927418217897,0.8848181524983263,1.408872636962225,0.7119758059285858,0.6725028369406169,0.8670870569152275,0.8670870569152275,4.0,2.0,0.9357142857142856,0.5166051660516605,32.0,67.75,2,2,0.7564575645756457,0.7866858319745987,0.8,0.8803305947620799,1.0,0.8446947982624649,0,0.6880532591757661
1w27A,2,122,0.060244,3.710562,3.90364,0-499;622-688 500-621,0.5,-3.851620021199096,0.0,1.8398219357151349,0.888529851205017,0.7264757390770625,0.7252142653650091,1.188993920136623,0.8448533648432583,0.7881466069026798,0.0406495376239578,0.0406495376239578,3.0,1.0,0.2151675485008818,0.8229317851959361,67.0,229.66666666666663,3,2,0.6531204644412192,0.5963522209198444,0.8,0.5304442446130275,0.0,0.6159833859948183,0,0.6542682342497689
3mwfA,2,134,0.147088,3.777422,3.841441,0-133 134-291,0.25,-2.5636133945003063,0.0,1.3093142787446688,1.0324730074913082,0.8150595835574721,0.7970019358972359,1.104040185368555,0.9225793521348016,0.7980266522056602,0.2009634222109677,0.2009634222109677,2.0,0.0,0.8481012658227848,0.541095890410959,134.0,146.0,2,2,0.8082191780821918,0.828255980372112,0.0,0.9058006796219604,1.0,0.7084551676152528,1,0.9101906804298213
2cw8A,4,50,0.170408,3.27868,3.541244,0-132;376-527 133-162;213-265 163-212 266-375,0.428571,-2.478423667307128,2.0,1.3674297657189696,1.0618846456346664,0.8524121539621037,0.796340219491777,1.2356672655568124,0.8169338682819822,0.7056139720966251,0.0542250905341978,0.2064868175217974,6.0,2.0,0.175438596491228,0.5397727272727273,30.0,88.0,4,4,0.553030303030303,0.5657103222070328,0.4444444444444445,0.6810543602268706,1.0,0.6488478859817302,0,0.7146735391328222
3ng0A,2,104,0.109568,3.545444,3.75822,0-103 104-464,0.625,-2.0602625072477294,0.0,1.5485064762226084,1.031303583975832,0.7985123369565659,0.7284705384585286,1.2731322230510544,0.7925888967904609,0.7174435674535572,0.1156057412567026,0.1156057412567026,2.0,0.0,0.2880886426592798,0.7763440860215054,104.0,232.5,2,2,0.9856194690265486,0.9721427153791468,1.0,0.9858491679416846,1.0,0.988722270469476,1,0.7241634039769913
4ldvA,2,106,0.109735,3.498244,3.517192,0-97;204-321 98-203,0.730769,-2.0183172007894234,0.0,1.635664926329112,1.2353921667602588,0.942588720107162,0.9041090777108652,1.8927918882148531,0.536630283283023,0.46985082601395,0.3418815392160065,0.3418815392160065,3.0,1.0,0.4907407407407407,0.6708074534161491,98.0,107.33333333333331,3,2,0.7919254658385093,0.7129322934820729,0.8,0.717542796545978,0.0,0.704480111173312,0,0.6353346443037828
1mowA,2,112,0.130233,3.614861,3.678777,0-111 112-247,0.1875,-3.1729535569784377,0.0,1.5390120523967528,1.0381604927640278,0.83350604853627,0.8307538063112243,1.3236528644463703,0.756198244142237,0.7329756717854462,0.1037873449529754,0.1037873449529754,2.0,0.0,0.8235294117647058,0.5483870967741935,112.0,124.0,2,2,0.9919354838709676,0.9919651328273243,1.0,0.9959662209525322,1.0,0.9959733675301649,1,0.8717042552252663
1hy0A,3,64,0.128644,3.600548,3.701818,0-91 92-346;411-446 347-410,0.472222,-2.539012860471475,1.0,1.6812679974764129,0.949934033197162,0.7642408108696342,0.6894125940842264,1.2045309728476934,0.8516391228383222,0.698054664641686,0.0496964350964196,0.136977172688204,4.0,1.0,0.2199312714776632,0.6510067114093959,36.0,111.75,3,3,0.7048054919908466,0.7334616405070196,0.5,0.8407287161840744,1.0,0.7557991697363882,0,0.6859369501660975
1yy3A,2,99,0.062339,3.561784,3.698078,0-59;159-314 60-158,0.884615,-2.067808484813852,0.0,1.28156558729312,1.0772254920907969,0.8722282117863225,0.8296021349187362,1.2033454709321971,0.8329283808421815,0.7930232514354494,0.0007806731942442,0.0007806731942442,3.0,1.0,0.4583333333333333,0.6857142857142857,60.0,105.0,2,2,0.9836065573770492,0.9687310261080752,1.0,0.9839950275813844,1.0,0.9872665222133018,1,0.9013254638608835
2ptrB,4,58,0.187608,3.346125,3.56334,0-148;201-248 149-200;436-455 249-377 378-435,0.571429,-1.8660021212773668,2.0,1.8264329473227607,1.0415921171491511,0.6918429569410448,0.5650739475495231,1.2853627570917594,0.7985583853998288,0.6603247307472714,0.0555396059145041,0.1775308250124472,6.0,2.0,0.2944162436548223,0.4320175438596491,20.0,76.0,3,4,0.4780701754385965,0.5624721702733992,0.5,0.7097858633774767,0.0,0.5500656418178945,0,0.6070414463781498
2prsA,2,128,0.232013,3.58015,3.626618,0-134 135-262,0.25,-2.927693833917824,0.0,1.4788355737765913,1.076926429711543,0.7300760404687237,0.6736178867155732,1.1492489191531934,0.8701361577904193,0.8686193111637288,0.3009398034351547,0.3009398034351547,2.0,0.0,0.9481481481481482,0.5133079847908745,128.0,131.5,2,2,0.8935361216730038,0.8993583650190115,0.0,0.9469957728332729,1.0,0.7479780519050576,1,0.8243206313400496
4ll1C,2,140,0.110441,3.48154,3.568583,0-139 140-279,0.6875,-3.1679334525577136,0.0,1.9625600564241965,1.0321104711814324,0.7299775499363752,0.6993983365225633,1.4757182922004608,0.6786421131734889,0.6525132499928186,0.0730176297899155,0.0730176297899155,2.0,0.0,1.0,0.5,140.0,140.0,2,2,1.0,1.0,1.0,1.0,1.0,1.0,1,0.7615630542833054
5vlcE,3,39,0.218252,3.306266,3.684565,0-229;376-390 230-375 391-429,0.666667,-2.6267351225944395,1.0,1.4713350808229066,1.1523391354153762,0.8042762134045107,0.5246701930800939,1.394528285271818,0.8427262949314382,0.4461406612555093,0.1073887195862604,0.3221661587587812,4.0,1.0,0.1591836734693877,0.5697674418604651,15.0,107.5,3,3,0.7761194029850746,0.7787088590485399,0.0,0.87370001220283,1.0,0.685705654847289,0,0.6956662593270234
5yscA,2,124,0.136048,3.727964,3.818518,0-123 124-254,0.25,-2.4742298683014408,0.0,1.3395961337743072,0.9614891472316902,0.8663014206914254,0.8659110760251649,1.115898399867449,0.8976709469282378,0.8605866441202932,0.1251669048760522,0.1251669048760522,2.0,0.0,0.9465648854961832,0.5137254901960784,124.0,127.5,2,2,0.992156862745098,0.9921884882985452,1.0,0.996078914316916,1.0,0.9960848530721118,1,0.9537551378036517
6eubA,3,32,0.269633,3.051733,3.311421,0-106;174-215 107-141 142-173,0.388889,-1.705892975548249,1.0,1.519250918986458,0.9077394434317247,0.7647447686078501,0.6549897913631969,1.031605770778265,0.9876781437081852,0.8146358871296051,0.148223073555123,0.2679144652713491,4.0,1.0,0.2147651006711409,0.6898148148148148,32.0,54.0,2,3,0.4861111111111111,0.582744594305288,0.0,0.7288175013408897,0.0,0.4595346413514578,0,0.6645662233845926
4q2hA,2,163,0.220372,3.857453,3.893918,0-144;308-344 145-307,0.307692,-2.636168079017903,0.0,1.364833702094654,1.086666696204723,0.8250097393762081,0.7844008190938687,1.2221683876843472,0.8227506673599936,0.7616820819927888,0.5976343780018953,0.5976343780018953,3.0,1.0,0.8956043956043956,0.527536231884058,37.0,115.0,2,2,0.9768115942028984,0.9770781539401576,1.0,0.9884057971014492,1.0,0.9884591090489012,1,0.7227310658233908
2p2wA,2,112,0.195254,3.597327,3.669897,0-198;311-357 199-310,0.346154,-3.1385332187976847,0.0,1.5215033498241817,1.1444542157571262,0.8595051190907645,0.7850213049048594,1.492107746229556,0.7085942684630175,0.5436367044283306,0.24636734479598,0.24636734479598,3.0,1.0,0.4552845528455284,0.6871508379888268,47.0,119.33333333333331,2,2,0.8630769230769231,0.8360473372781065,1.0,0.9104942809128856,1.0,0.921923708253583,1,0.6215318310486262
4g7nA,2,101,0.067052,3.492954,3.532651,0-116 117-217,0.5625,-2.467365033487108,0.0,1.6110783510883049,0.999903531516015,0.7720069119334445,0.7137424781380092,1.2326030102846866,0.8150125860204894,0.7599402686825675,0.0,0.0,2.0,0.0,0.8632478632478633,0.536697247706422,101.0,109.0,2,2,0.963302752293578,0.9640294304659824,1.0,0.9816825256652564,1.0,0.9818029416849632,1,0.9707488634867948
3be6A,2,142,0.089943,3.63057,3.692539,0-141 142-288,0.3125,-3.2793233619571573,0.0,1.4049420245664317,1.0074712682060727,0.8388139909090311,0.8257817736866108,1.1856879397579467,0.8464454123702094,0.7956089189148017,0.1023568246583181,0.1023568246583181,2.0,0.0,0.9659863945578232,0.5086505190311419,142.0,144.5,2,2,0.8200692041522492,0.8365417418002827,0.0,0.9109128979909336,1.0,0.7135047687886931,1,0.9423981395923406
2czrA,2,102,0.085759,3.537556,3.592709,0-101 102-225,0.3125,-3.1616708098588724,0.0,1.5351226074744455,1.1849872538043524,0.7172803444638352,0.6256370415277921,1.2869299850874245,0.7775245574832129,0.7581755434203664,0.0183190653090982,0.0183190653090982,2.0,0.0,0.8225806451612904,0.5486725663716814,102.0,113.0,2,2,0.9646017699115044,0.96517270910648,1.0,0.9822757758707272,1.0,0.9824100509777424,1,0.886097142502728
1vljA,2,132,0.196075,3.814262,3.960036,0-265 266-397,0.9375,-3.622915443495792,0.0,1.447326237822519,1.10700074598624,0.7557908385731211,0.7025816351007194,1.206232560653405,0.8292639577042991,0.815261771301183,0.2940385573906048,0.2940385573906048,2.0,0.0,0.4962406015037593,0.6683417085427136,132.0,199.0,2,2,0.5775193798449613,0.6419925783450875,0.0,0.7818222953207179,1.0,0.6002668507021534,0,0.7490149844948222
4n01A,2,108,0.136172,3.372483,3.542535,0-107 108-286,0.8125,-2.3570378660098688,0.0,1.5603708841132558,1.0226393662233166,0.8444500928673665,0.8010292904225779,1.3348589481279345,0.7495431629653135,0.7322205626679581,0.1627490573138624,0.1627490573138624,2.0,0.0,0.6033519553072626,0.6236933797909407,108.0,143.5,2,2,0.9790940766550522,0.9792692659568256,1.0,0.989519610143319,1.0,0.9895765905510394,1,0.8146123825508031
1mtyG,2,68,0.16772,3.394116,3.425078,0-67 68-161,0.625,-2.218488777404196,0.0,1.9170467302334813,1.038694251202819,0.6482757716364239,0.6328122656052221,1.2675956721785666,0.7918179602541868,0.7437099324267631,0.1144532505196959,0.1144532505196959,2.0,0.0,0.723404255319149,0.5802469135802469,68.0,81.0,2,2,0.925531914893617,0.8843368039837031,1.0,0.9348961651165753,1.0,0.9489529767987792,1,0.7608738283658699
5kohA,2,236,0.151265,3.83183,3.933477,0-62;299-482 63-298,0.730769,-2.822303800994999,0.0,1.5173365801543404,1.0316192038828718,0.8044471218553346,0.758341642333319,1.252731201728274,0.8055747549469117,0.7287897847054602,0.2228799910334029,0.2228799910334029,3.0,1.0,0.9554655870445344,0.5113871635610766,63.0,161.0,3,2,0.6623093681917211,0.6264419592627739,0.5,0.6241334521202206,0.0,0.5825769559149432,0,0.7549994202032461
4g59C,3,31,0.231213,2.955017,3.256226,0-59;165-263 60-90 91-164,0.5,-1.8378913137729476,1.0,2.122277541843935,0.9090486007156772,0.6136176676531494,0.3877234062346065,1.142332705918901,0.953178689856229,0.6625937086488222,0.1195941290310507,0.1691770289641957,4.0,1.0,0.1949685534591195,0.6022727272727273,31.0,66.0,2,3,0.4693486590038314,0.5391696185450251,0.5,0.6964668056425416,0.0,0.5409970166382796,0,0.6612779286803215
4is4A,2,105,0.114196,3.475424,3.689731,0-104 105-338,0.6875,-2.3490990712238378,0.0,1.7470159353531725,1.000028604281459,0.7624533538540296,0.7186128607264779,1.327086959873582,0.7551462469564992,0.7202118799198876,0.1003847297105875,0.1003847297105875,2.0,0.0,0.4487179487179487,0.6902654867256637,105.0,169.5,2,2,0.9882005899705014,0.9883129653041158,1.0,0.9941161063878068,1.0,0.9941259323324848,1,0.7089390825251505
3zc4A,2,73,0.194125,3.45485,3.504173,0-50;124-155 51-123,0.423077,-3.230737757167744,0.0,1.2113932745103604,1.0897688395033378,0.8699064446083445,0.8164784251813575,1.144004273207846,0.8760824053266338,0.8346463934222828,0.1595125631831296,0.1595125631831296,3.0,1.0,0.8795180722891566,0.532051282051282,32.0,52.0,2,2,0.9230769230769232,0.9262381454162276,1.0,0.9616917965755176,1.0,0.9622013730137337,1,0.9246550171433624
1h1lD,4,32,0.258491,2.808051,3.516391,0-31 32-65;312-518 66-201 202-311,0.717391,-1.5007259594929554,2.0,1.724761013460672,1.0051358194246112,0.7455481228979741,0.5176902284512911,1.2357708800228795,0.8362005861018551,0.6839097766000166,0.0929229395263125,0.3462476504815088,5.0,1.0,0.1327800829875518,0.464354527938343,32.0,103.8,4,4,0.7109207708779444,0.7127843792331505,0.0,0.7174098629387444,1.0,0.6282230026099679,0,0.6938500755375325
1dfaA,2,202,0.101194,3.541915,3.66479,0-162;366-404 163-365,0.653846,-1.982932325476652,0.0,1.515776523422195,1.0945429531201878,0.9121137594205312,0.9005108750878021,1.4903194733454548,0.6822250253133194,0.5947036445648697,0.0858402496142088,0.0858402496142088,3.0,1.0,0.9950738916256158,0.5012345679012346,39.0,135.0,3,2,0.7526737967914439,0.7370722583704327,0.0,0.7020600796755554,0.0,0.5383612269674863,0,0.8254116662815462
3c19A,2,79,0.055081,3.513176,3.590545,0-97 98-176,0.5625,-3.04063853698458,0.0,1.7780345706622338,0.917191574956374,0.708046320663364,0.6901094614438232,1.1625944387191414,0.8812019022632422,0.7449843343614848,0.0,0.0,2.0,0.0,0.8061224489795918,0.5536723163841808,79.0,88.5,2,2,0.9887005649717514,0.9887720803833226,1.0,0.9943539358322586,1.0,0.9943653162374664,1,0.9524528122812507
4lduA,2,107,0.128574,3.513742,3.532546,0-104;212-335 105-211,0.923077,-1.3255515787250132,0.0,1.308020877004676,1.1427779522184365,0.9288667526310848,0.8181480394074865,1.3880929395536763,0.7304271049593924,0.6449012121689806,0.1124589888619778,0.1124589888619778,3.0,1.0,0.4672489082969432,0.6815476190476191,105.0,112.0,3,2,0.7916666666666666,0.7101234688463803,0.8,0.7110539051301272,0.0,0.7025688081286349,0,0.77215082367003
4q68A,3,37,0.431418,3.072752,3.255063,0-108 109-145 146-227,0.423077,-1.5627030011718983,1.0,2.099194126439229,1.0835988719432834,0.7492226674784964,0.6609522091768755,1.6393956129834637,0.633814695823836,0.5137800308188805,0.3322222132450652,0.675125030575359,3.0,0.0,0.3394495412844037,0.4780701754385965,37.0,76.0,2,3,0.7192982456140351,0.7559412716187632,0.8,0.8592095067981437,0.0,0.7268898048061884,0,0.6578471515738571
1jswB,3,55,0.195251,3.431059,3.759345,0-139 140-404 405-459,0.807692,-1.9728946047875704,1.0,1.5956795511753958,0.9528089074824478,0.8104909074256348,0.7031266505689061,1.1793482511415485,0.8535644803134018,0.7698500801711333,0.096878686077928,0.2879954268028295,3.0,0.0,0.2075471698113207,0.5760869565217391,55.0,153.33333333333334,3,3,0.9637362637362638,0.9598964311640368,1.0,0.9794225361403276,1.0,0.9806110462081256,1,0.7271923466856485
2wjnC,2,124,0.172109,3.478934,3.49654,0-36;142-312 37-141;313-331,0.888889,-1.012885040536432,0.0,1.4459439516428525,1.2254330821294015,0.857059335805596,0.8427640858015283,1.528019192044991,0.6701762106877698,0.5674889881999662,0.1859051943270721,0.1859051943270721,4.0,2.0,0.5961538461538461,0.6265060240963856,19.0,83.0,2,2,0.8401360544217688,0.8197278911564626,0.8,0.8991164622882959,1.0,0.8717960815733055,1,0.7104160828418394
1n00A,2,159,0.089719,3.702324,3.791526,0-84;244-317 85-243,0.461538,-2.411442998196764,0.0,1.5996851797369809,1.0009633900200507,0.6944957447930529,0.6525552274752291,1.1101258927314737,0.9029163088093262,0.8591899801693801,0.0553565512406315,0.0553565512406315,3.0,1.0,1.0,0.5,74.0,106.0,4,2,0.4833887043189369,0.4710336613803046,0.6666666666666666,0.3420504682963154,0.0,0.4592945667991114,0,0.8732641054495183
2ybxA,2,155,0.125199,3.467863,3.536752,0-165 166-320,0.6875,-1.8439498302813289,0.0,1.5529213504855628,1.011860105296479,0.8521104308847172,0.8107733996893626,1.3360429315085691,0.7527419650842381,0.696094314782811,0.1164599872546923,0.1164599872546923,2.0,0.0,0.933734939759036,0.5171339563862928,155.0,160.5,2,2,1.0,1.0,1.0,1.0,1.0,1.0,1,0.8124085450544057
19hcA,2,126,0.15291,3.249642,3.346545,0-165 166-291,0.75,0.4917755128965372,0.0,1.6083815531290822,1.0987141621097845,0.9303589169731024,0.8578840910747652,1.6314047543603405,0.6135845120817973,0.5941455792911905,0.1881859563700023,0.1881859563700023,2.0,0.0,0.7590361445783133,0.5684931506849316,126.0,146.0,2,2,0.7876712328767124,0.8074232199457775,0.5,0.8934378569237025,1.0,0.7977064619492384,0,0.8003338724929563
1jvaB,2,215,0.079242,3.743776,3.840114,0-171;387-429 172-386,0.730769,-3.4252446329765007,0.0,1.624799715861418,0.9895631485245352,0.8411956167440513,0.7708679156206414,1.3135483058246384,0.7677065798061389,0.69755744325164,0.0559958005428522,0.0559958005428522,3.0,1.0,1.0,0.5,43.0,143.33333333333334,3,2,0.7658536585365854,0.7406920022688599,0.0,0.7023480584456194,0.0,0.541778743850213,0,0.8056750877207797
1f52A,2,106,0.122166,3.551574,3.774245,0-105 106-467,0.25,-2.1381847902167523,0.0,1.5529248361877184,1.0209861222368204,0.8151949802603873,0.7348435383969137,1.29031495211088,0.783787812794702,0.7008167978552245,0.1427826251957632,0.1427826251957632,2.0,0.0,0.292817679558011,0.7735042735042735,106.0,234.0,2,2,0.9736842105263158,0.9617939832133966,1.0,0.9805174050326406,1.0,0.9831991197544706,1,0.7553683388136221
5eksB,2,152,0.13149,3.959151,3.970217,0-171;203-232 172-202;233-353,0.361111,-2.5865866190820856,0.0,1.316838981944093,1.0769062937911378,0.8660632407045512,0.8206262760206918,1.2274809258553017,0.817961870097016,0.7661234946419166,0.2644423226048197,0.2644423226048197,4.0,2.0,0.7524752475247525,0.5706214689265536,30.0,88.5,2,2,0.8248587570621468,0.8382978128321307,0.5,0.9120165971614188,1.0,0.8150346334111392,1,0.8496621400678146
2cvcA,4,110,0.142214,3.208256,3.296417,0-109 110-228 229-378 379-499,0.888889,-0.0440320583202562,2.0,1.4752950622111944,1.1543818607860483,0.946547554492868,0.8470029507774035,1.5979907748839102,0.6265918717903424,0.595226938168463,0.0266674038228277,0.1120092620729726,4.0,0.0,0.7333333333333333,0.3,110.0,125.0,4,4,0.825,0.8275496785223607,0.3333333333333333,0.9037242064115094,1.0,0.7779214436534407,1,0.803406396313768
1kaeA,3,39,0.196057,3.294173,3.651919,0-228;373-387 229-372 388-426,0.722222,-2.4891588238725224,1.0,1.481945688336576,1.1586370325581974,0.8293869636175483,0.5378902056955386,1.476603809546317,0.8217939095403745,0.4044847566336895,0.0906144229819972,0.2718432689459916,4.0,1.0,0.1598360655737705,0.5714285714285714,15.0,106.75,3,3,0.78125,0.7829224940504854,0.0,0.8763181008958514,1.0,0.6880981189892673,0,0.6883586360155344
5kohC,2,236,0.151602,3.844036,3.944159,0-61;298-481 62-297,0.730769,-2.861333333931332,0.0,1.516884927733278,1.0351833762640967,0.797408876322155,0.7455490388206371,1.244429745342258,0.8096994777949493,0.7393134506619836,0.2301308651087191,0.2301308651087191,3.0,1.0,0.959349593495935,0.5103734439834025,62.0,160.66666666666666,3,2,0.6615720524017468,0.6257111887327171,0.5,0.6233379160999779,0.0,0.5821242314468884,0,0.7487523656682247
2ntxB,2,101,0.083163,3.390676,3.429143,0-137;239-272 138-238,0.538462,-2.365277592814085,0.0,1.5524690015343312,1.195597864469629,0.8418263456089226,0.7608895638537462,1.571749043888976,0.6628694553367593,0.5299939264134382,0.0189305842925492,0.0189305842925492,3.0,1.0,0.5872093023255814,0.63003663003663,34.0,91.0,2,2,1.0,1.0,1.0,1.0,1.0,1.0,1,0.7386822723684967
1szqA,2,136,0.050003,3.764526,3.935652,0-267;404-460 268-403,1.0,-2.133557928103123,0.0,1.331385712102676,1.0620553090616296,0.8365369871744964,0.7612399808149669,1.175803461304638,0.8507009755979396,0.837060932258062,0.004140959113627,0.004140959113627,3.0,1.0,0.4184615384615384,0.7049891540130152,57.0,153.66666666666666,2,2,0.9869848156182212,0.9870448856999832,1.0,0.9934719990051624,1.0,0.9935003400646734,1,0.8989710012948715
1gkmA,3,109,0.373234,3.688389,3.796192,0-191;291-325 192-290;435-505 326-434,0.413043,-2.2704253994236616,1.0,1.8608634970820563,1.0286304167167868,0.6887823747726304,0.5329738303170957,1.1970970497275728,0.8447300995077587,0.766846337852129,0.2994763803679636,0.5794577952531448,5.0,2.0,0.4801762114537445,0.4486166007905138,35.0,101.2,2,3,0.6343873517786561,0.6485910420837515,0.4,0.77746051432431,0.0,0.5920877816373435,0,0.6294011134141391
1re3B,3,33,0.28676,2.911868,3.459835,0-32 33-137 138-293,0.692308,-2.3503253032122777,1.0,1.943384768617524,0.9322347712196772,0.6449941980306092,0.3345488404891696,0.9875139216476564,1.218853090692228,0.7954785595190009,0.1345451294667773,0.4036353884003319,3.0,0.0,0.2115384615384615,0.5306122448979592,33.0,98.0,2,3,0.4387755102040816,0.5337519623233908,0.0,0.6955593035224983,0.0,0.4336173552099941,0,0.8132026437696342
1fzcC,3,44,0.262635,2.879823,3.434766,0-43 44-190;283-300 191-282,0.805556,-1.5528367991864602,1.0,2.111807952811571,0.905330910944062,0.7340905700338202,0.3312328342260323,1.040522645221589,1.0425290435079613,0.738234374502219,0.1160234109183061,0.3480702327549185,4.0,1.0,0.2666666666666666,0.5481727574750831,18.0,75.25,3,3,0.9559322033898304,0.9482485875706216,1.0,0.9733201760501397,1.0,0.9755001934021184,1,0.7351574566997505
2hp0A,2,133,0.121954,3.674791,3.975998,0-256;390-430 257-389,0.769231,-2.701736128476771,0.0,1.427377847184815,1.0973943860456643,0.8898453450394659,0.8748682107953557,1.3928978111896435,0.7246867688324723,0.6546998619792542,0.5185596825147758,0.5185596825147758,3.0,1.0,0.4463087248322148,0.691415313225058,41.0,143.66666666666666,2,2,0.9675174013921114,0.9683722066186348,1.0,0.9838839081488944,1.0,0.983954703231928,1,0.7998777056746105
3e0jA,2,104,0.126547,3.611267,3.719208,0-44;149-415 45-148,0.653846,-2.072448559046209,0.0,1.374433563485785,1.1044289008419392,0.8827332777261704,0.84006526421973,1.3439805524167054,0.7517989911402065,0.6755141335543307,0.136198868422464,0.136198868422464,3.0,1.0,0.3333333333333333,0.75,45.0,138.66666666666666,2,2,0.9702970297029704,0.9571763079315948,0.6666666666666666,0.978099993649981,1.0,0.9144479995902426,1,0.7631074120281074
5zxlA,2,117,0.164764,3.93049,4.090847,0-249 250-366,0.6875,-2.7440788985269244,0.0,1.32916876579147,1.066403735118573,0.7768091168341542,0.7676906705999493,1.1027310664757093,0.9118092766912472,0.8444923988239222,0.2327411532235761,0.2327411532235761,2.0,0.0,0.468,0.6811989100817438,117.0,183.5,2,2,0.5040871934604905,0.5943433242506811,0.0,0.7449140923232713,1.0,0.5686689220068886,0,0.8695784150250906
1k62A,4,64,0.15136,3.52163,3.594037,0-124;167-220 125-166;414-449 221-349 350-413,0.339286,-1.6239043360251009,2.0,1.7027754706889189,0.9730572699527968,0.8153990960514123,0.6661247285151891,1.310065177669389,0.7916705578404308,0.5870121581969567,0.0459106310716189,0.1569066040512668,6.0,2.0,0.3575418994413408,0.3977777777777778,36.0,75.0,3,4,0.6533180778032036,0.6815898137376475,0.6,0.8039564173147752,0.0,0.6477728617711253,0,0.645057132767523
3ptyA,2,112,0.161736,3.435033,3.616328,0-29;202-283 30-201,0.461538,-2.139442877076202,0.0,1.4472460608545736,1.0717070786601228,0.821162158184783,0.7745304447360762,1.2686661444973288,0.7944493611338763,0.7241541602539172,0.1679521279475262,0.1679521279475262,3.0,1.0,0.6511627906976745,0.6056338028169014,30.0,94.66666666666669,2,2,0.9577464788732394,0.9588782696177062,1.0,0.978982888154616,1.0,0.9791215273291124,1,0.7986969738017746
3qdfA,2,56,0.157893,3.42327,3.752063,0-55 56-251,0.625,-2.17257113332747,0.0,1.3199316671055583,1.0263608963043735,0.7481331931985675,0.6393483114464985,1.000011735870658,1.0018542868955618,0.9586167711274564,0.2166421481077929,0.2166421481077929,2.0,0.0,0.2857142857142857,0.7777777777777778,56.0,126.0,2,2,0.984126984126984,0.9842079689018464,1.0,0.992014223593171,1.0,0.9920698353244004,1,0.7719669123768411
6iowA,2,161,0.12331,3.943835,4.06292,0-145;307-338 146-306,0.692308,-3.038918545429562,0.0,1.2907996500500247,1.047013772439432,0.817246119196927,0.7742808062568323,1.0936466400418174,0.9168991505262494,0.8687636184504239,0.1581047629673824,0.1581047629673824,3.0,1.0,0.904494382022472,0.5250737463126843,32.0,113.0,2,2,1.0,1.0,1.0,1.0,1.0,1.0,1,0.923509598443351
3pqhA,2,48,0.061115,2.555712,2.950055,0-58 59-106,0.6875,-2.406773635741428,1.0,2.0652063463735235,1.1062649523051928,0.5247517278725184,0.3814662751670148,1.167785415184591,0.9786480105454458,0.6326503317672008,0.0833595680511456,0.0833595680511456,2.0,0.0,0.8135593220338984,0.5514018691588785,48.0,53.5,2,2,0.8470588235294118,0.8473039215686274,1.0,0.9014010116536544,1.0,0.9191527513503388,1,0.7818920589339364
4s17C,2,100,0.118239,3.427529,3.636231,0-99 100-437,0.6875,-2.2986124420170366,0.0,1.582700640331276,1.0542114198313728,0.788608422360518,0.7453038842556604,1.3182872452878385,0.7649716094020462,0.6949381647400839,0.1214155616461477,0.1214155616461477,2.0,0.0,0.2958579881656805,0.771689497716895,100.0,219.0,2,2,0.9822695035460992,0.9657589491795712,1.0,0.982579849585186,1.0,0.9861216604621712,1,0.7451643059391283
1k8kD,2,124,0.130094,3.510542,3.527009,0-123 124-283,0.333333,-2.3564451934923283,0.0,1.929426714713871,1.0040373102432378,0.7827790618218428,0.6842355860314449,1.4763105901538114,0.6918673056665499,0.5916964646496304,0.1045798097445789,0.1045798097445789,2.0,0.0,0.775,0.5633802816901409,124.0,142.0,2,2,0.946808510638298,0.9450576241134752,0.0,0.9717522930816076,1.0,0.7727236855666761,1,0.740704122459932
1vkyB,2,76,0.076065,3.713958,3.75523,0-60;137-282 61-136,0.538462,-3.060952578442864,0.0,1.2530434773736996,1.0386252245274832,0.8426624853727556,0.7782584714192894,1.1035269783174386,0.926911595914093,0.7883064669091355,0.0174015266042146,0.0174015266042146,3.0,1.0,0.3671497584541063,0.7314487632508834,61.0,94.33333333333331,2,2,0.9929328621908128,0.9929499325719944,1.0,0.9964591614130628,1.0,0.996468391235174,1,0.8643015218270009
3ednA,2,135,0.202942,3.678474,3.68992,0-115;270-288 116-269,0.692308,-1.774586585456334,0.0,1.4305097569191585,1.0275094005135927,0.9417448501221418,0.936152376913711,1.3887523930545556,0.7328881590418008,0.635966978175786,0.4937852679707936,0.4937852679707936,3.0,1.0,0.8766233766233766,0.532871972318339,19.0,96.33333333333331,2,2,0.9307958477508652,0.9332435930656154,1.0,0.9654605362019464,1.0,0.9658999954036854,1,0.795852250687261
3msuB,2,111,0.154969,3.655887,3.660494,0-269;381-425 270-380,0.423077,-2.3018363770095016,0.0,1.6529148523766728,1.0764536960668547,0.9477218235672726,0.8507258835490836,1.6732202439967532,0.6038486790064532,0.5426678603075042,0.646296586171365,0.646296586171365,3.0,1.0,0.3523809523809524,0.7394366197183099,45.0,142.0,3,2,0.8492822966507177,0.7605245073932615,0.8,0.7924251464274875,0.0,0.7404463900942934,0,0.6358066719776129
5tuxA,2,137,0.189894,3.54971,3.628721,0-167 168-304,0.8125,-1.3471254901208538,0.0,1.4108220825395037,1.1150621663134332,0.899523501386069,0.8740618562224021,1.415369492515081,0.7152407348600738,0.6363054350592511,0.243095739042239,0.243095739042239,2.0,0.0,0.8154761904761905,0.5508196721311476,137.0,152.5,2,2,0.9393382352941176,0.8921915253327609,0.0,0.9429220925011226,1.0,0.7548903706256003,1,0.8649764058433982
1y2mC,5,17,0.246889,2.767052,3.453891,0-226;315-352 227-244;353-475;584-650 245-314 476-566 567-583,0.310811,-1.8158402500167727,3.0,1.69312236176765,0.9254669304676236,0.7105183490999648,0.4343114637063677,1.1164602261513008,1.138722304289697,0.7140800675281704,0.0889188243600576,0.3216049497961302,8.0,3.0,0.0641509433962264,0.4070660522273425,17.0,81.375,3,5,0.7158218125960062,0.7285025134690382,0.6,0.8394905336954956,0.0,0.6434296386187747,0,0.5838985046091686
1avcA,3,154,0.092721,3.783326,3.834193,0-82;243-313 83-242 314-641,0.555556,-2.948553573579391,1.0,1.6777238097540152,0.9860662179336446,0.701422011211083,0.6534824072235995,1.162098489569081,0.8707061969936668,0.7431589952106722,0.0219661890245599,0.0604212629152792,4.0,1.0,0.4695121951219512,0.5109034267912772,71.0,160.5,8,3,0.3585526315789473,0.362717831426721,0.4444444444444444,0.2291382827838213,0.0,0.3123039713801201,0,0.7210723060801303
2y73B,3,30,0.231879,2.830345,3.400211,0-256 257-481;512-699 482-511,0.5,-2.485103024786865,1.0,2.154753932456405,1.045540230925276,0.7053701062399372,0.490125514656812,1.5425776449301063,0.74989693582217,0.4693376405464882,0.1565185858607134,0.3909350011649323,4.0,1.0,0.072639225181598,0.59,30.0,175.0,3,3,0.759090909090909,0.730231432204186,0.0,0.7293770242717865,1.0,0.6437398731133763,0,0.6556798413654795
2w2gB,2,125,0.078982,3.637432,3.660334,0-124 125-255,0.875,-2.782396837433303,0.0,1.3003194898463302,1.0164983410988309,0.8480437722151852,0.8315195700533284,1.1143491617516537,0.8978693401549884,0.8770114048265915,0.0178585239444817,0.0178585239444817,2.0,0.0,0.9541984732824428,0.51171875,125.0,128.0,2,2,0.984375,0.9844942748091604,1.0,0.992186546092796,1.0,0.9922111641803912,1,0.973503754925731
2f1lA,2,73,0.12254,3.383241,3.529832,0-88 89-161,0.8125,-2.053431032798509,0.0,1.3331505437535929,1.0232143835513463,0.8298349226186758,0.7408702757474703,1.1301358058577344,0.8936364787674549,0.8050224504822255,0.1076299073734221,0.1076299073734221,2.0,0.0,0.8202247191011236,0.5493827160493827,73.0,81.0,2,2,1.0,1.0,1.0,1.0,1.0,1.0,1,0.9538072044842062
4hgvD,4,39,0.194224,3.108278,3.540068,0-129 130-159;199-393 160-198 394-442,0.456522,-2.3093918824856754,2.0,1.7656818469355464,0.9837167608567824,0.6834291966763366,0.4600378113516404,1.1449600229274797,0.9019265439905396,0.7435930338179229,0.0798054206356438,0.2649013281661332,5.0,1.0,0.1733333333333333,0.5079006772009029,30.0,88.6,3,4,0.8915525114155252,0.8874523237555398,0.6666666666666666,0.9393832431080806,0.0,0.7770109489891625,1,0.6801875341748527
1ddzA,2,228,0.194813,3.801156,3.829232,0-55;309-480 56-308,0.923077,-2.322395573569776,0.0,1.440658226588932,1.1337662020173114,0.8527009781975594,0.8272883759041497,1.3816857915319467,0.7262966563528216,0.6833193616890942,0.2933337845035534,0.2933337845035534,3.0,1.0,0.9011857707509882,0.525987525987526,56.0,160.33333333333334,2,2,0.9611111111111112,0.9353553283909686,1.0,0.9655766716943188,1.0,0.9724086222392796,1,0.6777595303044806
2otnA,2,146,0.129574,3.739994,3.816579,0-130;278-292 131-277,0.346154,-2.191090289341554,0.0,1.3751986791930788,0.9845299070271428,0.8155003809239092,0.814961622434024,1.0961375002209122,0.914544669056852,0.8691788496075376,0.1240048944984605,0.1240048944984605,3.0,1.0,0.9931972789115646,0.5017064846416383,15.0,97.66666666666669,2,2,0.9863481228668942,0.9864416288746553,1.0,0.9931745385493768,1.0,0.9931928580581852,1,0.9412741836006991
2oo4A,3,38,0.157481,3.257357,3.549203,0-37 38-75 76-225,1.0,-1.799667002331077,1.0,1.3519340423596418,0.9283532441068876,0.7543068208567368,0.6484146848689678,0.9520097445996218,1.1021514693708434,0.7977835421491957,0.0558513945154172,0.1212867802672149,3.0,0.0,0.2533333333333333,0.6637168141592921,38.0,75.33333333333333,2,3,0.4911504424778761,0.5315929203539823,0.0,0.6705220181857708,0.0,0.4386530762035258,0,0.8138090703859668
4lr4A,3,56,0.402671,2.719743,3.233661,0-39;195-338 40-95 96-194,0.694444,-2.1331958819151606,1.0,1.9926886642940176,1.0056955013652955,0.6985929150485611,0.6320320816938884,1.3448836583929538,0.7516443905224097,0.6650650061742082,0.2143545226932658,0.4512080315980132,4.0,1.0,0.3043478260869565,0.5427728613569321,40.0,84.75,2,3,0.7227138643067846,0.7285013466717968,0.6666666666666666,0.8324926081854854,0.0,0.6900748971661467,0,0.6589165184775237
2dfuA,2,42,0.174158,3.397678,3.726132,0-41 42-250,0.625,-2.8045531359233875,0.0,1.2593114389017623,0.9820023574671956,0.8247022701666512,0.815466675608627,1.0205940240620732,0.9853919886409792,0.9113036390405592,0.1915331374532572,0.1915331374532572,2.0,0.0,0.200956937799043,0.8326693227091634,42.0,125.5,2,2,0.9840637450199204,0.9841399950437484,1.0,0.9919583740173477,1.0,0.9920324228162032,1,0.8538188254627499
1o7xA,2,107,0.160623,3.765117,3.783612,0-217;325-366 218-324,0.538462,-3.248762756693832,0.0,1.4018804865483077,1.1235012274358294,0.7886345332274187,0.7080622403390163,1.24996446415942,0.8200044429115434,0.6920002155396935,0.1937516092896601,0.1937516092896601,3.0,1.0,0.4115384615384615,0.7084468664850136,42.0,122.33333333333331,2,2,0.9375,0.9120076736355806,1.0,0.9537661192549322,1.0,0.9606547585781026,1,0.7454195936790079
6n1mA,4,58,0.287208,3.442075,3.694507,0-138 139-270 271-407 408-465,0.638889,-2.3542161717753287,2.0,2.243569203700651,0.8980413597409953,0.6564572988417191,0.549351169979746,1.2580781351169408,0.8004659789526656,0.7277749256897993,0.1595744928772206,0.4879375542580263,4.0,0.0,0.4172661870503597,0.2982832618025751,58.0,116.5,3,4,0.6824175824175824,0.6793706536300028,0.8,0.7924180424423735,0.0,0.6908412556979917,0,0.6459478052465046
2ojwE,2,108,0.122784,3.373094,3.670001,0-107 108-353,0.6875,-2.1878805017427374,0.0,1.665464399639364,1.0851266635962171,0.7884708481053448,0.7254147302651085,1.416823916711219,0.7189802735680302,0.6216484979852208,0.1352042164157448,0.1352042164157448,2.0,0.0,0.4390243902439024,0.6949152542372882,108.0,177.0,2,2,0.9887005649717514,0.9888051893701612,1.0,0.9943652463598772,1.0,0.994374200140358,1,0.7279854464131172
3ocfB,3,36,0.179631,3.377582,3.726947,0-137 138-393 394-429,0.538462,-2.753951156800256,1.0,1.648234839627731,0.926156231829166,0.7228515287790224,0.6208044013043884,1.0899298822792176,0.9623015580094862,0.7296915428853974,0.0865970773400478,0.2597912320201436,3.0,0.0,0.140625,0.5953488372093023,36.0,143.33333333333334,3,3,0.9953488372093025,0.9954134366925064,1.0,0.9976885292898876,1.0,0.9976901606383392,1,0.7126985921355571
3k6oA,2,71,0.128436,3.355077,3.409511,0-70 71-203,0.4375,-1.1573936447734,0.0,1.3138496916906142,1.1508068018063038,0.8042795702422154,0.7531019877158984,1.2102903126232127,0.8370399744449393,0.741996407652654,0.0607619898014278,0.0607619898014278,2.0,0.0,0.5338345864661654,0.6519607843137255,71.0,102.0,2,2,0.9901960784313726,0.990232935279375,1.0,0.995090148475276,1.0,0.9951038324372048,1,0.9125361908888383
3sxxC,3,131,0.180873,3.384062,3.565565,0-95;312-350 96-226 227-311;351-665,0.711111,-2.458010083381565,1.0,1.625369211064715,1.216770726829868,0.886040705281117,0.7569333538386528,1.7373001021156933,0.5886242469211812,0.5075486946977628,0.3010079662387384,0.5883811911748384,5.0,2.0,0.3275,0.6006006006006006,39.0,133.2,3,3,0.8164362519201229,0.8314966694861595,0.0,0.9064978339701292,1.0,0.7108861510752823,0,0.6623251121185513
2xljA,3,25,0.476995,2.552777,2.901284,0-98 99-152 153-177,0.538462,-1.4282856601047207,1.0,1.8196378143888736,1.1714216834612912,0.728314442426358,0.6231790606143538,1.5731037505314296,0.6872263307744092,0.4513149639166989,0.2280010686274861,0.524363644800665,3.0,0.0,0.2525252525252525,0.5561797752808989,25.0,59.333333333333336,2,3,0.5561797752808989,0.6065334997919267,0.5,0.7520576060110621,0.0,0.5829541762167776,0,0.6930459332578595
3uvfA,2,106,0.198231,3.410098,3.500271,0-148 149-254,0.5,-2.6876193295100586,0.0,1.4141995510942933,1.2101851209871246,0.8653361864449285,0.8520948500814127,1.477303566710673,0.6769468036030881,0.6718844223007967,0.2182262696187751,0.2182262696187751,2.0,0.0,0.7114093959731543,0.5843137254901961,106.0,127.5,2,2,0.7725490196078432,0.7946835109882878,0.0,0.885562289207898,1.0,0.6905589639608058,0,0.7755673468988036
1wacA,1,662,0.0,0.0,0.0,0-661,1.0,-6.114589341475201,1.0,1.2788446320264126,1.146384538358935,0.9418103060400592,0.9418103060400592,1.3807388453613705,0.7242499212356687,0.7242499212356687,0.0,0.0,1.0,0.0,1.0,1.0,662.0,662.0,4,1,0.4055727554179567,0.298719519609402,0.0,0.2421637279262281,0.0,0.2392912005907173,0,0.5944279788834193
2xliA,1,167,0.0,0.0,0.0,0-166,0.833333,-2.7662851473269074,1.0,1.4280109719092526,1.1387636739957807,0.944389399619261,0.944389399619261,1.5357348965273014,0.6511540515627158,0.6511540515627158,0.0,0.0,1.0,0.0,1.0,1.0,167.0,167.0,2,1,0.934131736526946,0.8769407293198036,0.0,0.902319200608072,0.0,0.6426783332909644,1,0.6211170249363931
3r5tA,2,144,0.150149,3.775382,3.813311,0-143 144-295,0.375,-3.07965938759818,0.0,1.3038002432355544,0.9950362025464132,0.8317388841458938,0.7804478107873494,1.0711842563365823,0.9345717386886284,0.9036131777066284,0.2069165915943139,0.2069165915943139,2.0,0.0,0.9473684210526316,0.5135135135135135,144.0,148.0,2,2,0.7972972972972973,0.8184121621621622,0.0,0.899989461680034,1.0,0.7031397842278987,0,0.9360208799142492
5cflA,1,187,0.0,0.0,0.0,0-186,1.0,-3.145825029585328,1.0,1.5009267074971273,1.1478163492888251,0.8005726527812269,0.8005726527812269,1.3792171306217422,0.7250489990283157,0.7250489990283157,0.0,0.0,1.0,0.0,1.0,1.0,187.0,187.0,2,1,0.786096256684492,0.6637021361777575,0.0,0.6919529924109002,0.0,0.52835027705463,0,0.5878782131093186
2b5uA,3,97,0.024306,3.502154,3.689109,0-225 226-372 373-469,0.5,-3.1113344905917324,1.0,2.274093991922117,0.9263513661671812,0.7118388998823733,0.4649413502803514,1.221416795242665,0.8238246050474017,0.7400272758043519,0.0,0.0,3.0,0.0,0.4292035398230088,0.4808510638297872,97.0,156.66666666666666,3,3,0.9258064516129032,0.924448767605427,0.5,0.960423145154328,1.0,0.8621356728745316,1,0.7166849220006623
1ng6A,2,57,0.112782,3.471945,3.5214,0-90 91-147,0.6875,-2.6948578786462853,0.0,1.5497211558987978,1.0098624579259945,0.7245029826779252,0.6559094141567132,1.1217690475000914,0.9153784256548434,0.7673770918389075,0.0274584581012979,0.0274584581012979,2.0,0.0,0.6263736263736264,0.6148648648648649,57.0,74.0,2,2,1.0,1.0,1.0,1.0,1.0,1.0,1,0.8789426579292162
4rf6A,3,90,0.178274,3.678828,3.842485,0-89 90-359 360-695,0.5,-3.72436762861028,1.0,1.4522380061371003,1.0451724907908897,0.8124876866492835,0.8043726825099027,1.2372304937170868,0.8208760931761718,0.7311134040710026,0.0816013604883089,0.2294115658909319,3.0,0.0,0.2678571428571428,0.4827586206896552,90.0,232.0,4,3,0.8390804597701149,0.7796691601289302,0.4,0.804645255641607,0.0,0.6646789751081305,0,0.7240839306502982
3pjaJ,3,31,0.220624,3.065604,3.351192,0-30 31-138 139-218,0.153846,-2.1043131202889964,1.0,2.3216930349450124,0.7036310391767392,0.5965443682740058,0.3579408062784217,0.951686324509034,1.359780112762671,0.7557536252501562,0.0987952852459685,0.1782674240806516,3.0,0.0,0.287037037037037,0.4931506849315068,31.0,73.0,2,3,0.7853881278538812,0.7956374626326337,0.6666666666666666,0.8832555012414014,0.0,0.7261895516789166,0,0.7428830620522693
3qbpB,2,115,0.161611,3.873731,3.938965,0-114 115-446,1.0,-3.5597793018723816,0.0,1.9962718110184063,0.8954849592384609,0.7580992826116747,0.7159154511412527,1.337631425191539,0.7795644387336658,0.6216845356613526,0.2444748055988415,0.2444748055988415,2.0,0.0,0.3463855421686747,0.7427293064876958,115.0,223.5,3,2,0.8600451467268623,0.7765780956784248,0.6666666666666666,0.8085419195039394,0.0,0.7223663657151786,0,0.6047887155301918
2qggA,2,81,0.111718,3.482727,3.531988,0-90 91-171,0.8125,-2.9837372144239898,0.0,1.3321417340754729,1.0167675946811696,0.8420260684342549,0.7380778060491141,1.1316164205936057,0.886332735721447,0.8379502332902024,0.0387517449191274,0.0387517449191274,2.0,0.0,0.8901098901098901,0.5290697674418605,81.0,86.0,2,2,1.0,1.0,1.0,1.0,1.0,1.0,1,0.9759708986098681
1vrpB,2,97,0.189031,3.472471,3.712444,0-96 97-373,1.0,-2.757996976167385,0.0,1.4564939159337094,1.0521827223239562,0.8233168714480472,0.7981759975280079,1.2547707074774328,0.7975687327504252,0.775504790878128,0.2539913406655652,0.2539913406655652,2.0,0.0,0.3501805054151624,0.7406417112299465,97.0,187.0,2,2,0.9973118279569892,0.9947345083693604,0.0,0.997339829749104,1.0,0.7978772332150907,1,0.6932654115995315
5eytA,4,51,0.159481,3.419143,3.555966,0-30;100-185;237-363;432-471 31-99 186-236 364-431,0.560606,-1.5302633021111869,2.0,1.6317476635580308,0.9864433265131792,0.6890431834529173,0.5732690824816596,1.103389131441335,0.9250643995690042,0.7254806755872989,0.0396504000216746,0.1739411896871387,7.0,3.0,0.1795774647887324,0.6016949152542372,31.0,67.42857142857143,3,4,0.6425438596491229,0.6780668613767112,0.4444444444444444,0.807649157473532,0.0,0.6145408645887621,0,0.6410698150793221
2nnuA,2,95,0.125819,3.423225,3.537424,0-94 95-200,0.875,-2.222239407104582,0.0,1.8523364116774053,0.9620509456284064,0.6832185884793089,0.6064066200126903,1.2122369160826063,0.8290909768324122,0.7702940594212656,0.0726208348308982,0.0726208348308982,2.0,0.0,0.8962264150943396,0.527363184079602,95.0,100.5,2,2,0.9303482587064676,0.932648080352952,1.0,0.9651499836462112,1.0,0.9656292645411262,1,0.9174857084884535
5y5sC,2,124,0.17109,3.413515,3.475951,0-34;141-292 35-140;293-310,0.861111,-0.560062853868324,0.0,1.4671993651016964,1.196374082486359,0.8977079249306612,0.8475596448214036,1.5964823380450015,0.6517291752570282,0.5231886067493479,0.1768627072731493,0.1768627072731493,4.0,2.0,0.6631016042780749,0.6012861736334405,18.0,77.75,2,2,0.8446428571428571,0.8272646595522819,0.8,0.9039281564357092,1.0,0.8751671346261697,1,0.7106102820240064
4j8qA,2,77,0.098918,3.306977,3.450943,0-76 77-190,0.3125,-1.4780560025551188,0.0,1.3682385941802666,1.00098019368387,0.8773577074621854,0.8642206363141942,1.2072039267483243,0.8416406136847405,0.7359187297184836,0.0207116414049424,0.0207116414049424,2.0,0.0,0.6754385964912281,0.5968586387434555,77.0,95.5,2,2,0.9895287958115184,0.9895967906439112,1.0,0.994770076270904,1.0,0.9947791325452668,1,0.9152516524946863
1u0kA,2,133,0.170115,3.76583,3.816464,0-116;265-280 117-264,0.461538,-2.0873944737821617,0.0,1.28027986625506,0.9977956816259332,0.8541655476267087,0.8267167115237076,1.090864586444816,0.9173889178949176,0.8923234617037785,0.1961264788342005,0.1961264788342005,3.0,1.0,0.8986486486486487,0.5266903914590747,16.0,93.66666666666669,2,2,0.9857651245551602,0.9858721536938432,1.0,0.9928856382497502,1.0,0.9929045832997508,1,0.9347987435296617
2c10A,3,114,0.152238,3.362495,3.545561,0-113 114-256 257-703,0.923077,-2.269353972373013,1.0,1.7386502945305358,1.2073714795527677,0.8356735447209799,0.7786517070418593,1.740582031960952,0.5794748396378697,0.5288414144200028,0.1401894224526218,0.204948688753659,3.0,0.0,0.2550335570469799,0.6349431818181818,114.0,234.66666666666663,3,3,0.9404945904173106,0.906105401721939,0.6666666666666666,0.9504812977586976,1.0,0.8927495913129228,1,0.6697224986830072
3ju5A,2,93,0.165531,3.447088,3.588608,0-92 93-349,1.0,-3.2753608656254185,0.0,1.5041992874749668,1.05652072665093,0.840094157988618,0.7740198240506422,1.32680145714222,0.7565907773768601,0.7097614582328338,0.2049860227613369,0.2049860227613369,2.0,0.0,0.3618677042801556,0.7342857142857143,93.0,175.0,2,2,0.9971264367816092,0.9943764676801384,0.0,0.9971576711644178,1.0,0.7977321151252331,1,0.7468294146827772
4ccaA,3,99,0.093931,3.326201,3.590613,0-126 127-236;336-541 237-335,0.694444,-2.9381438484190663,1.0,1.5897785873009491,1.0476926733613663,0.7511373692229935,0.721646738536462,1.2459689102641125,0.806717114483052,0.7325431482027068,0.052943490767416,0.1086273644884408,4.0,1.0,0.3132911392405063,0.5830258302583026,99.0,135.5,4,3,0.7870370370370371,0.725354368322589,0.6666666666666666,0.70750991909238,0.0,0.6773135982237346,0,0.7385686690254656
1ef0B,2,187,0.077578,3.811558,3.853657,0-163;351-393 164-350,0.692308,-2.9336671484765784,0.0,1.6354043122649125,0.9731768480133663,0.8261246721530974,0.7372254400806104,1.2789439953442123,0.7853138832353515,0.7334983988293028,0.0481370577047058,0.0481370577047058,3.0,1.0,0.9033816425120772,0.5253807106598984,43.0,131.33333333333334,2,2,0.9330484330484332,0.8984406182473815,0.6666666666666666,0.943347244680578,1.0,0.8883005925286118,1,0.8273428917367027
3hwkA,2,112,0.192659,3.69271,3.716189,0-211;324-365 212-323,0.5,-1.8589205529635853,0.0,1.417599528169335,1.1184190918788612,0.8813423760906515,0.8511234413861051,1.4000694461315475,0.7315208084350914,0.6191208629474134,0.2844418970964542,0.2844418970964542,3.0,1.0,0.4409448818897638,0.6939890710382514,42.0,122.0,2,2,0.8816568047337278,0.8574217575135897,1.0,0.9231485390093804,1.0,0.9324454202513396,1,0.6478636840775298
3p2dA,2,171,0.274597,3.497118,3.517712,0-170 171-353,0.9375,-3.035676616506232,0.0,1.7817248602501694,1.0653782680651414,0.8338457039994764,0.7872243792046932,1.5736017865134042,0.6400358347035108,0.5860651756402815,0.3825439007264831,0.3825439007264831,2.0,0.0,0.9344262295081968,0.5169491525423728,171.0,177.0,2,2,0.9796511627906976,0.9670383784470707,0.0,0.9830493163059992,1.0,0.7859477715087535,1,0.6698173920536956
2ybxB,2,144,0.128462,3.513753,3.558137,0-166 167-310,0.6875,-2.147883520104291,0.0,1.486322140078189,1.026805442146726,0.8646545887009971,0.8397622760872853,1.3180336722155823,0.7608943823922408,0.7200880127898612,0.1230464746250585,0.1230464746250585,2.0,0.0,0.8622754491017964,0.5369774919614148,144.0,155.5,2,2,1.0,1.0,1.0,1.0,1.0,1.0,1,0.8491441196375462
4am1A,2,89,0.164516,3.703038,3.802611,0-88 89-344,0.625,-3.6251777877689433,0.0,1.3245339218730745,1.051663551022079,0.8202764769615212,0.7358697496128086,1.1472899532915366,0.8888291444917111,0.765149467598771,0.2583478388895294,0.2583478388895294,2.0,0.0,0.34765625,0.7420289855072464,89.0,172.5,2,2,0.9620991253644317,0.9599125364431488,0.0,0.9794917375409198,1.0,0.7803006798697,1,0.6621082543150858
3ci0J,1,146,0.0,0.0,0.0,0-145,1.0,-1.5430533151771704,1.0,1.3793234848519649,1.116616296208537,0.9548097850461617,0.9548097850461617,1.470574237955133,0.6800064724311524,0.6800064724311524,0.0,0.0,1.0,0.0,1.0,1.0,146.0,146.0,2,1,0.6643835616438356,0.5540439106774254,0.0,0.5304132138226507,0.0,0.4497681372287823,0,0.6138411306994395
1lmlA,3,120,0.161157,3.771365,3.806666,0-171 172-291 292-464,0.653846,-2.6389412369834457,1.0,1.4829206479410004,1.0179693710728734,0.8127235502671167,0.7001814832818468,1.207389306051036,0.835977847942703,0.7273669797490623,0.1072577427822382,0.179889559666527,3.0,0.0,0.6936416184971098,0.3720430107526882,120.0,155.0,4,3,0.8344298245614035,0.8061812095098615,0.8,0.7961386788126288,0.0,0.7473499425767788,0,0.7556387616990854
1m1jB,2,139,0.006685,3.118807,3.591217,0-138 139-401,1.0,-2.513956062114783,0.0,4.408915911693362,0.8757037007908169,0.6495037544049095,0.4288471801464795,1.8473167082046191,0.6272453941461331,0.395097303738844,0.0,0.0,2.0,0.0,0.5285171102661597,0.654228855721393,139.0,201.0,3,2,0.7288557213930348,0.6775911317935038,0.5,0.6499278514066413,0.0,0.611274940918636,0,0.6970171222563792
4exrA,2,64,0.208497,3.444181,3.45924,0-83 84-147,0.6875,-2.4921308323110223,0.0,1.8202899301239184,0.9104922541003408,0.6725303942183688,0.6659439113319484,1.111979061423313,0.8993039591172355,0.8968955126335176,0.3362245687594737,0.3362245687594737,2.0,0.0,0.7619047619047619,0.5675675675675675,64.0,74.0,2,2,0.9324324324324323,0.934443371943372,1.0,0.9660993388794484,1.0,0.9665950286510506,1,0.8320304051245536
2wnpF,2,91,0.312847,3.440417,3.686483,0-90 91-216,0.625,-2.249413561858872,0.0,1.468770306326045,1.2100496891984762,0.6047829265723268,0.5880157758943685,1.0715751076136772,0.933206199802598,0.9325242699898848,0.2577466643440022,0.2577466643440022,2.0,0.0,0.7222222222222222,0.5806451612903226,91.0,108.5,2,2,0.511520737327189,0.61425645527028,0.0,0.7607428258066486,1.0,0.5773040036808236,0,0.7942294108997221
1r5jA,2,153,0.108932,3.7994,3.906613,0-135;289-318 136-288,0.692308,-2.351774263458365,0.0,1.3076732653532588,1.0839176624589029,0.8198303877341757,0.7860681625187218,1.153970919253471,0.8691152693746453,0.8221093514433585,0.0963353466390487,0.0963353466390487,3.0,1.0,0.9216867469879518,0.5203761755485894,30.0,106.33333333333331,2,2,1.0,1.0,1.0,1.0,1.0,1.0,1,0.9501318598879893
1m5sA,3,36,0.391956,2.962516,3.516404,0-164 165-202;239-296 203-238,0.555556,-2.394132920699996,1.0,1.6594390786955775,0.9719312371763378,0.7435263826499652,0.6320502375974929,1.1909690899447585,0.8537791017940409,0.7135450022012247,0.2343577507927505,0.6239910595176492,4.0,1.0,0.2181818181818181,0.5555555555555556,36.0,74.25,2,3,0.7508417508417509,0.7582083460871339,0.4,0.8567572527633451,0.0,0.653161469938446,0,0.7661162530943745
4by6D,2,217,0.062527,3.67542,3.680693,0-216 217-503,0.125,-2.0204387012119325,0.0,1.2699450387866609,1.1939927701384871,0.9220535201557434,0.8028072328812413,1.386980891785042,0.7235998866214766,0.6801467370737612,0.0269782697703712,0.0269782697703712,2.0,0.0,0.7560975609756098,0.5694444444444444,217.0,252.0,2,2,0.7549800796812749,0.7801130474217737,0.0,0.8764715618800103,1.0,0.6823129377966117,0,0.8391283248330164
5hgrB,2,139,0.173146,3.534743,3.609855,0-29;169-308 30-168,0.730769,-2.2676268552227024,0.0,1.3249490771754893,1.10189710882252,0.9549773378038048,0.9402446604129344,1.392780891380415,0.7184014842373488,0.7011669119236086,0.1932592185758827,0.1932592185758827,3.0,1.0,0.8176470588235294,0.5501618122977346,30.0,103.0,2,2,0.8339350180505415,0.8159776939985052,0.0,0.8975180841927868,1.0,0.7094861592483667,1,0.8733463659909999
3it4B,2,80,0.145014,3.399115,3.688865,0-79 80-201,0.75,-2.592020392233429,0.0,1.6357539203319762,0.9389386041325236,0.7362315744369518,0.6970690091416871,1.120014111186724,0.894933662986374,0.8517084959865238,0.1171610224450602,0.1171610224450602,2.0,0.0,0.6557377049180327,0.6039603960396039,80.0,101.0,2,2,0.99009900990099,0.9901608910891088,1.0,0.9950549694938688,1.0,0.9950629740967936,1,0.8764772709462566
3h9nA,2,86,0.014476,3.238906,3.411852,0-85 86-173,0.875,-2.56784404621587,0.0,1.5076468173020916,1.00555909130366,0.8190481183029412,0.7414317800136757,1.2373669845123731,0.8217108197912797,0.7162188867268179,0.0,0.0,2.0,0.0,0.9772727272727272,0.5057471264367817,86.0,87.0,2,2,0.9655172413793104,0.9661050156739812,1.0,0.982760329166548,1.0,0.982876517243968,1,0.9729573054147579
5h2gB,2,133,0.147932,3.833058,3.860177,0-129;263-279 130-262,0.230769,-2.888728575888339,0.0,1.2500074174855915,1.0252896097318511,0.8148391394239363,0.8118547111401608,1.044009357637155,0.9592952729138736,0.9220064992308112,0.1572505106158435,0.1572505106158435,3.0,1.0,0.9047619047619048,0.525,17.0,93.33333333333331,2,2,0.9857142857142858,0.9858114674441204,1.0,0.9928549522446476,1.0,0.9928761410806108,1,0.9481511726523625
4qxoA,1,182,0.0,0.0,0.0,0-181,0.5,-1.9241981488174311,1.0,1.5071542899780153,1.220775939664719,0.7365655942273873,0.7365655942273873,1.3552053387168022,0.7378955582826042,0.7378955582826042,0.0,0.0,1.0,0.0,1.0,1.0,182.0,182.0,2,1,0.7747252747252747,0.6509479531457554,0.0,0.6763855339706732,0.0,0.5204117523683407,0,0.5943393981243379
1n93X,3,100,0.145673,3.324172,3.498983,0-99 100-202 203-334,0.769231,-2.02269914342594,1.0,1.8490164107148048,1.194990203491578,0.7920936683751912,0.7726696550739875,1.775020679313295,0.60663684868211,0.4751448705145688,0.057583256928841,0.1037491891178888,3.0,0.0,0.7575757575757576,0.3940298507462687,100.0,111.66666666666669,2,3,0.6716417910447762,0.6722071460877431,0.6666666666666666,0.783054275111673,0.0,0.6587139757821718,0,0.7215801200641759
1hf2C,2,93,0.020964,3.476199,3.817834,0-92 93-201,0.6875,-3.2959135715004324,0.0,1.2042873309021451,1.057918736028812,0.8228315305272803,0.7776363563185213,1.0505889677308422,0.9598264745240505,0.8723114942690049,0.0,0.0,2.0,0.0,0.8532110091743119,0.5396039603960396,93.0,101.0,2,2,0.8880597014925373,0.8925426630289414,0.0,0.943196797965062,1.0,0.7447598324973081,1,0.9782350297120026
3tw8A,2,138,0.159953,3.490496,3.620758,0-137 138-342,0.9375,-3.0001369906718875,0.0,1.4335492991934289,1.117723950508721,0.8470784694105221,0.8440011191866487,1.3567664469639673,0.7371284626641919,0.7293569858157664,0.1796399661668927,0.1796399661668927,2.0,0.0,0.6731707317073171,0.597667638483965,138.0,171.5,3,2,0.880466472303207,0.8087463556851313,0.6666666666666666,0.8273404599935212,0.0,0.7366439909297052,0,0.8263788647024528
4i8oA,2,88,0.026963,3.541012,3.59782,0-87 88-334,0.625,-2.8055530640963093,0.0,1.4237699634845349,1.0388939518707656,0.8569405602449729,0.840106125375064,1.2729434597787506,0.8000735702654398,0.6923923477935146,0.0,0.0,2.0,0.0,0.3562753036437247,0.7373134328358208,88.0,167.5,4,2,0.5402985074626866,0.5140008459725662,0.5,0.4145566286215979,0.0,0.4604378630780368,0,0.8772236283879088
1yisA,4,50,0.341926,3.38226,3.487428,0-100 101-183;301-410 184-233 234-300,0.73913,-1.7165290749605162,2.0,2.1848855217214465,0.930064597090266,0.64118107294131,0.5569282057036059,1.2880256261608205,0.8495050579965209,0.5569290520628902,0.1269048797736413,0.4721617086268703,5.0,1.0,0.2590673575129533,0.4695863746958637,50.0,82.2,2,4,0.7153284671532847,0.7153284671532847,0.4,0.8245563117644499,0.0,0.5977093158808705,0,0.5847151177591279
3hi7A,4,30,0.169252,2.801088,3.36823,0-120 121-233 234-491;522-713 492-521,0.347826,-1.490278327892183,2.0,2.163328815302579,1.1157091437681774,0.7911499186594911,0.6070657545324059,1.809980874657775,0.606718881969274,0.3779890341876285,0.2684588013391926,1.0,5.0,1.0,0.0666666666666666,0.6302521008403361,30.0,142.8,3,4,0.8501529051987767,0.8273053459954003,0.4,0.9047720838321824,0.0,0.6964460670052719,0,0.7092685815925688
2auaA,2,36,0.057614,3.196665,3.389638,0-43;80-194 44-79,0.653846,-1.9837517113227745,0.0,1.58376709622223,1.0926838702031771,0.7593331972622265,0.6425628001198366,1.3236394047688829,0.8234940697945503,0.5868536941995011,0.0500262178723164,0.0500262178723164,3.0,1.0,0.2264150943396226,0.8153846153846154,36.0,65.0,2,2,0.5435897435897435,0.547008547008547,0.3333333333333333,0.6977641025641025,1.0,0.6243391452991452,0,0.64514106624635
6abxA,2,136,0.29033,3.568441,3.596486,0-40;177-369 41-176,0.692308,-2.770149397391485,0.0,1.670280673726009,1.2091206694123235,0.8121394999909346,0.7383831810362397,1.668498195361237,0.6349377651940242,0.4845998344331803,0.4263383227443272,0.4263383227443272,3.0,1.0,0.5811965811965812,0.6324324324324324,41.0,123.33333333333331,2,2,0.3609467455621302,0.5339098771051434,0.0,0.6937506248920642,1.0,0.5177214495118676,0,0.6016688024344504
4lb0A,2,164,0.220718,3.841038,3.894717,0-143;308-341 144-307,0.307692,-2.7021172353210474,0.0,1.379584703333492,1.040248634533671,0.8164484784808043,0.7576711951623603,1.168149508375109,0.862341047670381,0.7887143894741663,0.3198360030130583,0.3198360030130583,3.0,1.0,0.9213483146067416,0.52046783625731,34.0,114.0,2,2,0.9766081871345028,0.9768790561857568,1.0,0.9883040935672514,1.0,0.9883582673775022,1,0.7323742446093965
5nx8B,3,67,0.131433,3.444257,3.626332,0-31;101-362;430-464 32-100 363-429,0.434783,-1.762996019448601,1.0,1.783587599759361,0.907068863724721,0.7148025662240617,0.6760533084673193,1.1630407986581943,0.882744868774849,0.6935362474791116,0.0613827704765449,0.1397254141507483,5.0,2.0,0.2036474164133738,0.7075268817204301,32.0,93.0,3,3,0.769650655021834,0.7954535398534728,0.5714285714285715,0.8842343294348545,1.0,0.8041534191477465,1,0.6293151294243288
6md5A,2,131,0.085185,3.468487,3.481138,0-141 142-272,0.8125,-1.981048101681982,0.0,1.6628016161747328,1.1257994022497997,0.7952258383026545,0.7230434645908445,1.481303609898136,0.6754874388376635,0.6589191291593298,0.0913484749654566,0.0913484749654566,2.0,0.0,0.9225352112676056,0.5201465201465202,131.0,136.5,2,2,0.978021978021978,0.9782736347621844,1.0,0.9890171980764316,1.0,0.9890625621721189,1,0.8167981413766349
2ynmC,2,103,0.140069,3.557021,3.772288,0-35;139-416 36-138,0.576923,-3.2164006181761007,0.0,1.38133356231383,1.143234343464171,0.7826405201737636,0.7497450563139987,1.2296211332221207,0.8132685158354616,0.810433262124103,0.1699448339178101,0.1699448339178101,3.0,1.0,0.3280254777070063,0.7529976019184652,36.0,139.0,3,2,0.5323741007194245,0.5460294185034138,0.0,0.5294348672324718,0.0,0.421567677291062,0,0.7369378314942833
4baxA,2,92,0.107604,3.488855,3.756811,0-91 92-343,0.75,-2.974244301585138,0.0,1.637988174089125,0.9589431164408198,0.7532933357918673,0.7280541980085092,1.1802565587396647,0.8473337130744736,0.840185548807505,0.0931278694211567,0.0931278694211567,2.0,0.0,0.365079365079365,0.7325581395348837,92.0,172.0,2,2,0.9883720930232558,0.9884984833164812,1.0,0.9942065012843576,1.0,0.994215415524819,1,0.816844904384177
3hi7B,4,30,0.186367,2.806189,3.362819,0-121 122-227 228-486;517-708 487-516,0.304348,-1.4766074926638528,2.0,2.18969113109162,1.1325674182739245,0.8024792654977333,0.5814505570825148,1.8934795554302029,0.5925273947561198,0.3421870163288332,0.2620092394694502,1.0,5.0,1.0,0.0665188470066518,0.6361071932299013,30.0,141.8,3,4,0.8397534668721109,0.8177709436392403,0.0,0.8992239482407509,0.0,0.6113496717504204,0,0.7083736331842222
4j9wA,2,154,0.197395,3.854338,3.886195,0-130;285-309 131-284,0.346154,-2.5126374413020733,0.0,1.360937591651963,1.0454966774478829,0.7462117331240342,0.7409926705558699,1.0607601041109738,0.942947802764102,0.9282986551839462,0.275527520984363,0.275527520984363,3.0,1.0,0.9871794871794872,0.5032258064516129,25.0,103.33333333333331,2,2,0.9806451612903224,0.9808312807070694,1.0,0.9903228827781192,1.0,0.9903598649551022,1,0.8904191776261843
4mcaB,2,116,0.194906,3.868579,4.026315,0-246 247-362,0.625,-3.1043851435398064,0.0,1.3250439916201031,1.0631128023147165,0.7963205038788543,0.7903124250064275,1.1232208960113714,0.8944176519644307,0.8337073696308326,0.2895020116181121,0.2895020116181121,2.0,0.0,0.4696356275303643,0.6804407713498623,116.0,181.5,2,2,0.4986225895316804,0.5909815861968972,0.0,0.7423011242409661,1.0,0.5663810599939088,0,0.8210745612545165
3b6rA,2,99,0.160287,3.527301,3.721175,0-98 99-375,0.875,-3.343110227816113,0.0,1.5113896279994552,1.060327613112238,0.7983080850141595,0.7473933942996993,1.2710365479450405,0.7876879391832736,0.7606440994126865,0.1969435386131001,0.1969435386131001,2.0,0.0,0.3574007220216607,0.7367021276595744,99.0,188.0,2,2,0.9959785522788204,0.9920751049563198,0.0,0.99600833308516,1.0,0.79681239806406,1,0.7931075182434295
5br4A,2,185,0.194664,3.956169,4.08188,0-184 185-384,0.75,-2.6418799724086925,0.0,1.2708119476451245,1.069321954547367,0.836746835392616,0.8255635072422722,1.135751692598112,0.8805904960244636,0.8704683434476063,0.3390269954082231,0.3390269954082231,2.0,0.0,0.925,0.5194805194805194,185.0,192.5,2,2,0.9948051948051948,0.9948181818181818,1.0,0.997402351750486,1.0,0.9974051456747726,1,0.8741268211370692
1o2dA,2,173,0.175971,3.818372,3.888199,0-172 173-347,0.533333,-3.3123267460545263,0.0,1.324288193968052,1.0290156153502787,0.8388464048054683,0.7412579983974982,1.1345709639729,0.8832777681299155,0.8424484175165781,0.2332502795061117,0.2332502795061117,2.0,0.0,0.9885714285714284,0.5028735632183908,173.0,174.0,2,2,0.9853801169590644,0.9771791547835104,1.0,0.9884234937009796,1.0,0.9901965530887108,1,0.8663635532007453
2q18X,2,67,0.18931,3.329642,3.642013,0-66 67-281,0.5625,-3.068868162635665,0.0,1.388762557140954,1.0674897379856194,0.7953608437829474,0.71577080915591,1.1617387886582962,0.8609390203113023,0.8491904393519475,0.2249100783081256,0.2249100783081256,2.0,0.0,0.3116279069767442,0.7624113475177305,67.0,141.0,2,2,0.9787234042553192,0.9788718456209798,1.0,0.989282595483538,1.0,0.9893755690719672,1,0.7591192781309712
2e9fB,3,71,0.112571,3.482397,3.677443,0-93 94-352;424-449 353-423,0.805556,-2.447421720046799,1.0,1.6952863276838055,1.0038108495305027,0.7803297485822537,0.697065673574354,1.2928716842686103,0.7809441957533511,0.6932971418376049,0.0511810697343748,0.1062638391501066,4.0,1.0,0.2491228070175438,0.6333333333333333,26.0,112.5,3,3,0.9911111111111112,0.9911423001949315,1.0,0.9955399884688249,1.0,0.9955586799549736,1,0.7155388272935316
2qguA,3,34,0.33666,3.04787,3.233677,0-43;88-143 44-87 144-177,0.388889,-1.7902620452774372,1.0,1.8120770265300024,1.0449999634047025,0.5987954239491021,0.5419154084641544,1.1148309630517776,0.8994043186095845,0.8382148326848263,0.1548055057624214,0.2661109539581918,4.0,1.0,0.34,0.5617977528089888,34.0,44.5,2,3,0.7752808988764045,0.7807085428396932,1.0,0.8592532739774061,0.0,0.7830485431387008,0,0.6312756282745178
3axjB,3,31,0.164195,2.877298,3.310294,0-30 31-159 160-234,0.192308,-1.7939456127153968,1.0,2.2117341371333725,0.7716936912003517,0.666608170397159,0.424011763577302,1.078765288726575,0.9847033847130204,0.7072749326000503,0.0531728896538268,0.0926153933145466,3.0,0.0,0.2403100775193798,0.548936170212766,31.0,78.33333333333333,2,3,0.8,0.8082978723404255,0.6666666666666666,0.8923463104050116,0.0,0.7334621698824207,0,0.7467657898370862
3l2eA,2,98,0.157665,3.449173,3.663972,0-97 98-372,1.0,-2.6147466622150253,0.0,1.5516290580024377,1.0801511580430825,0.8195121800890774,0.7964256270576451,1.3629871245024634,0.7342925940037022,0.7131294117030633,0.1874961134188174,0.1874961134188174,2.0,0.0,0.3563636363636364,0.7372654155495979,98.0,186.5,2,2,0.9973045822102424,0.9947191814731284,0.0,0.9973323700225082,1.0,0.7978712267411758,1,0.7622595479251894
4bx8A,5,33,0.168283,3.139185,3.488754,0-140 141-241;476-567 242-348 349-442 443-475,0.625,-1.9867772053774533,3.0,1.5718514968878714,1.0218508960141972,0.7597367511351825,0.6514899292034236,1.201322848917208,0.8671440614770919,0.6641790419806091,0.0407867133366926,0.1450978368404074,6.0,1.0,0.1709844559585492,0.3397887323943662,33.0,94.66666666666669,4,5,0.9278169014084507,0.9284632299207712,0.888888888888889,0.9613549643477676,0.0,0.8413047969131757,0,0.7122773105309561
5vkwA,3,67,0.1565,3.467668,3.643696,0-30;105-367;435-469 31-104 368-434,0.413043,-2.2347767227240958,1.0,1.8109024962672968,0.9220233186878964,0.7159128800845905,0.6940535473020845,1.19762159193283,0.8556292947082138,0.6785645313009406,0.1035309236228648,0.1945099156353473,5.0,2.0,0.2036474164133738,0.7,31.0,94.0,3,3,0.7792207792207793,0.8031753615314684,0.5714285714285715,0.8891798043016441,1.0,0.8086009032964927,1,0.5731274927673411
4dk2A,3,31,0.209582,2.847132,3.29885,0-30 31-172 173-259,0.576923,-2.2237194275193577,1.0,1.7630772370088892,1.1259684774746703,0.6155420543677953,0.4707726671272004,1.193733325997903,0.8526447289729301,0.7012836476093148,0.0776604555373595,0.1736303589680826,3.0,0.0,0.2183098591549295,0.5461538461538461,31.0,86.66666666666667,2,3,0.8692307692307693,0.8807692307692307,1.0,0.9328604865310974,0.0,0.8365720973062195,1,0.7420146478298427
3czbA,2,156,0.081608,3.542953,3.715654,0-80;237-324 81-236,0.807692,-2.782105309775565,0.0,1.4166821391518456,1.1214270193958995,0.8602603495417993,0.8262773138098725,1.3662786458665677,0.7504581323296493,0.6324930787122846,0.0434678617432612,0.0434678617432612,3.0,1.0,0.9230769230769232,0.52,81.0,108.33333333333331,2,2,0.9938461538461538,0.9938658777120316,1.0,0.9969234855101172,1.0,0.9969271034136604,1,0.8222102144165215
3ujpA,2,128,0.236982,3.647801,3.654939,0-145 146-273,0.375,-2.251573973257604,0.0,1.390671577486133,1.1554664347589654,0.7394743530026189,0.7012591893745059,1.1853892036163671,0.8438317571207724,0.8299923454762518,0.302407564638265,0.302407564638265,2.0,0.0,0.8767123287671232,0.5328467153284672,128.0,137.0,2,2,0.9067164179104478,0.9018749183025953,0.0,0.948403549780722,1.0,0.751398977198753,1,0.8275718986888295
4mx2D,2,92,0.12283,3.614921,3.679387,0-29;122-438 30-121,0.692308,-2.7086582905710443,0.0,2.0260358158798053,1.0321974765608792,0.7205967892562675,0.6545239123536727,1.4999056013275711,0.7081154798895495,0.5368822020611648,0.205511861499569,0.205511861499569,3.0,1.0,0.2651296829971181,0.7904328018223234,30.0,146.33333333333334,3,2,0.7266514806378133,0.6702662138825999,0.4,0.7447512729983435,0.0,0.6083337935037514,0,0.5523123496795029
4jbdA,2,154,0.112268,3.862394,3.916944,0-130;285-307 131-284,0.346154,-2.2910820929536477,0.0,1.3331396692735595,1.0554433800168384,0.7558047099783478,0.744003179903496,1.06306809015048,0.9417216632174346,0.910304132028956,0.2044046740600345,0.2044046740600345,3.0,1.0,1.0,0.5,23.0,102.66666666666669,2,2,0.9805194805194806,0.9807075988527604,1.0,0.9902598429368614,1.0,0.9902973844618204,1,0.9322666643607437
2ie7A,2,159,0.088913,3.773519,3.774209,0-84;244-317 85-243,0.423077,-3.2938266210118545,0.0,1.6434518253664858,0.9950460350109236,0.6659364934651233,0.6547508972957372,1.0886783214173297,0.9185450404103624,0.9182973052864368,0.0531702513889732,0.0531702513889732,3.0,1.0,1.0,0.5,74.0,106.0,4,2,0.4901639344262295,0.475654472927029,0.8,0.3485743127098211,0.0,0.4895452106792826,0,0.8704304051965526
1l5hA,2,156,0.134766,3.590158,3.763238,0-248 249-404,0.8125,-2.612082743843613,0.0,1.672123254482825,1.045562318800965,0.7642565356555413,0.6979649990224692,1.3201007658276496,0.7581580508364127,0.7361282416988656,0.1561356022907142,0.1561356022907142,2.0,0.0,0.6265060240963856,0.6148148148148148,156.0,202.5,3,2,0.6147757255936676,0.5650244101079934,0.0,0.5635736018905995,0.0,0.4486747475184521,0,0.7059244325443317
4tvmA,4,43,0.285159,2.801996,3.214705,0-47 48-90 91-207 208-379,0.833333,-1.202634538081349,2.0,1.729703741587243,1.2962841145194408,0.6549734883936484,0.5164038301718883,1.5123635018179908,0.7282128250817715,0.4232927745878969,0.0859933346707401,0.3144060020929481,4.0,0.0,0.25,0.4526315789473684,43.0,95.0,3,4,0.4214092140921409,0.5137444591500179,0.3333333333333333,0.6653727636036453,0.0,0.4867719540358274,0,0.6361987128222877
1lwuC,3,55,0.28898,3.13032,3.498628,0-54 55-157 158-316,0.807692,-1.3256227884435197,1.0,2.4294692285003787,0.9644420550963412,0.6442416293572263,0.3099749257294362,1.1976447544211188,0.9079535571904084,0.6616735011369554,0.1333396411069497,0.4000189233208493,3.0,0.0,0.3459119496855345,0.501577287066246,55.0,105.66666666666669,3,3,0.5798045602605864,0.6590200732477626,0.4,0.7891926154579947,1.0,0.6856034497932687,0,0.7232477371547291
4p53A,2,170,0.137129,3.785883,3.874614,0-169 170-359,0.5,-2.622786523782866,0.0,1.326541357855659,1.0433391936216792,0.8887952468221445,0.871953491603302,1.231151399594531,0.8142994133583024,0.7734259745965393,0.1578172583092551,0.1578172583092551,2.0,0.0,0.8947368421052632,0.5277777777777778,170.0,180.0,2,2,0.9944444444444444,0.9944607843137254,1.0,0.9972226738619324,1.0,0.9972255805240204,1,0.9348518927919633
1re5D,3,71,0.158904,3.587486,3.758111,0-121;180-224 122-179;225-356;428-447 357-427,0.464286,-2.988116845003437,1.0,1.5064492419295057,1.0844130587733247,0.7891145382120278,0.7358035095572939,1.27616073312237,0.795799505609777,0.7006765197046835,0.0831136059027881,0.2016072270850728,6.0,3.0,0.3380952380952381,0.46875,20.0,74.66666666666667,3,3,0.6140939597315436,0.6845968718995352,0.0,0.8117920014724118,1.0,0.6220965666206981,1,0.6515922214903771
3n6xA,3,58,0.165932,3.543784,3.588226,0-178;283-315;374-438 179-282 316-373,0.478261,-2.99143928094094,1.0,1.533921854925863,1.1041066009785947,0.8356236523045534,0.8235676875014493,1.3924935401518892,0.7200898026626738,0.6830546344115286,0.2095268812124711,0.320149541873299,5.0,2.0,0.2093862815884476,0.6309794988610479,33.0,87.8,3,3,0.9498861047835992,0.9516413599753476,1.0,0.9751543128993893,1.0,0.9753363555316672,1,0.6256083800853337
2gruA,2,162,0.155718,3.812461,3.904977,0-170;207-240 171-206;241-366,0.583333,-2.1948713002005205,0.0,1.271969563135258,1.1207626859225046,0.8069619157120806,0.7387193810257588,1.143551120837048,0.8745559480489903,0.8658355797079136,0.1982153266812896,0.1982153266812896,4.0,2.0,0.7902439024390244,0.55858310626703,34.0,91.75,2,2,0.8092643051771117,0.8255466205888218,0.5,0.9044338016338654,1.0,0.8078489454799598,0,0.8786610609831589
5muxA,2,136,0.11432,3.901913,4.055611,0-277;414-468 278-413,1.0,-2.589140556006282,0.0,1.3174835995677476,1.032956388780685,0.8264617739733018,0.7589413094125697,1.1205569050852755,0.8932802706394162,0.8654530089203757,0.1426976395725842,0.1426976395725842,3.0,1.0,0.4084084084084084,0.7100213219616205,55.0,156.33333333333334,2,2,0.9872068230277186,0.9872644499510173,1.0,0.9935829929508596,1.0,0.993610853185919,1,0.8619405618365037
5eyvA,4,51,0.158206,3.36426,3.549423,0-29;99-184;236-354;427-465 30-98 185-235 355-426,0.530303,-1.3217184639567927,2.0,1.6213863352014943,0.9732250936177804,0.7020578043879944,0.5759866727885999,1.0982272592701106,0.9274617564130938,0.7297053081253834,0.0422854208945848,0.1680230433604097,7.0,3.0,0.1861313868613138,0.5879828326180258,30.0,66.57142857142857,3,4,0.6415929203539823,0.6771859915526951,0.4444444444444444,0.8071050765616677,0.0,0.6140656865825579,0,0.6475381244960824
1sziA,2,69,0.149303,3.47605,3.576775,0-52;178-193 53-177,0.5,-3.0440024132176617,0.0,1.6264522906527277,0.9762339835026316,0.6928478187775087,0.6707921298894529,1.0710813884409247,0.9337485151408892,0.9234925088038008,0.1106687678156209,0.1106687678156209,3.0,1.0,0.552,0.6443298969072165,16.0,64.66666666666667,2,2,0.8556701030927835,0.8695950993575376,0.5,0.9296188452558958,1.0,0.8309768095412434,1,0.7576369447735454
2etvA,2,146,0.160903,3.580013,3.663413,0-145 146-317,0.625,-3.027985451962014,0.0,1.2573068271021133,1.0886673517446166,0.881950075482858,0.8745080039678432,1.2056914729855095,0.8301574364220512,0.8050747523115197,0.1777139483522665,0.1777139483522665,2.0,0.0,0.8488372093023255,0.5408805031446541,146.0,159.0,2,2,0.9182389937106918,0.9218790385112432,0.0,0.9593275871246584,1.0,0.7598891238693187,1,0.9512411772686921
4rf6B,3,90,0.174729,3.67114,3.844029,0-89 90-368 369-697,0.5,-3.442975371378021,1.0,1.4542104946587182,1.0434063971810157,0.818593271189478,0.8012537629423038,1.244951769882909,0.8151245398117197,0.733007401267216,0.078018382425994,0.2252598375347917,3.0,0.0,0.2735562310030395,0.4713467048710602,90.0,232.66666666666663,4,3,0.839541547277937,0.7816134972624835,0.4,0.8054187063071601,0.0,0.6653147501695161,0,0.7373427445992479
3c8tA,2,69,0.069059,3.758139,3.894524,0-338;408-422 339-407,0.846154,-3.126086167215273,0.0,1.6798821149224876,0.9023744310130196,0.7886504313951208,0.7422275949247397,1.1597402688871958,0.8894439494267921,0.733955066751769,0.0353179052991736,0.0353179052991736,3.0,1.0,0.1949152542372881,0.8368794326241135,15.0,141.0,3,2,0.6978672985781991,0.6152836907917637,0.0,0.6421681468796049,0.0,0.4910638272499135,0,0.6528125602013595
4yisB,2,111,0.133223,3.455812,3.577637,0-172 173-283,0.5,-2.56446680598669,0.0,1.639456428890413,1.035764664462136,0.8376726003602195,0.8014833329378732,1.42270355564684,0.7046982684442361,0.6689727093711315,0.1141205221087085,0.1141205221087085,2.0,0.0,0.6416184971098265,0.6091549295774648,111.0,142.0,2,2,0.8018181818181818,0.809753021544929,0.0,0.8948632069684702,1.0,0.7012868820663162,0,0.7688637990971166
1u6rA,2,103,0.156137,3.441046,3.676028,0-102 103-379,1.0,-3.289788401918237,0.0,1.5464802328701053,1.0452246503983198,0.808379155646316,0.7577092488533043,1.2978700956452287,0.770584647076325,0.7621872011358006,0.1878233879267469,0.1878233879267469,2.0,0.0,0.371841155234657,0.7289473684210527,103.0,190.0,2,2,0.9973544973544972,0.9948117326758104,0.0,0.9973804336549434,1.0,0.7979093327370502,1,0.7936809004949936
4nslA,4,59,0.186577,3.253193,3.57075,0-148;201-248 149-200;429-445 249-369 370-428,0.625,-1.6461258478860394,2.0,1.8472552978882573,0.98654775785278,0.6968948264828057,0.514625573450907,1.2201115468356352,0.8407702282421503,0.6621347362885472,0.0584634290790752,0.17719203770257,6.0,2.0,0.299492385786802,0.4417040358744394,17.0,74.33333333333333,3,4,0.4641255605381166,0.5509718912350312,0.5,0.7004391313323445,0.0,0.5431073166210985,0,0.6031407839758326
1xubA,2,133,0.199619,3.860143,3.905917,0-117;263-277 118-262,0.307692,-1.9935686379950532,0.0,1.2935783327664463,1.00971093585277,0.9180743076069194,0.8934256542772951,1.2066704436133937,0.845414902759243,0.7266358405120873,0.5636395312805771,0.5636395312805771,3.0,1.0,0.9172413793103448,0.5215827338129496,15.0,92.66666666666669,2,2,0.9640287769784172,0.9646863697061984,1.0,0.9820248915130992,1.0,0.9821480076395428,1,0.8839144177322068
3tqgB,2,97,0.155249,3.602499,3.623924,0-203;301-351 204-300,0.730769,-1.944360867507655,0.0,1.5077890532714808,1.1975614509667318,0.7909564793812878,0.7439857929803584,1.4497060282838112,0.7237426451581561,0.5669965338289873,0.168616404289331,0.168616404289331,3.0,1.0,0.3803921568627451,0.7244318181818182,51.0,117.33333333333331,2,2,0.9610778443113772,0.938449147675206,1.0,0.9680667763662958,1.0,0.9735187536705758,1,0.5980185530516534
2z1dB,2,167,0.182394,3.788006,3.84033,0-59;174-259;313-366 60-173;260-312,0.673913,-2.6811966784134524,0.0,1.3517213132016164,1.094657491337402,0.859615600127638,0.8123631181295617,1.2691808442620574,0.7917541017745484,0.7365838435007177,0.5331154898237321,0.5331154898237321,5.0,3.0,0.835,0.5449591280653951,53.0,73.4,3,2,0.8319444444444445,0.7611305884286654,0.8571428571428571,0.7776005581781316,0.0,0.7455636896388197,0,0.7258935444113819
1w3wA,2,77,0.119557,3.45326,3.597624,0-76 77-310,0.875,-3.569963634038667,0.0,1.4240267925112893,1.070974345491385,0.8439492487544348,0.8297687650565104,1.2933315585341916,0.7865387807937301,0.6840991532167284,0.0954851357058695,0.0954851357058695,2.0,0.0,0.329059829059829,0.752411575562701,77.0,155.5,4,2,0.511437908496732,0.4793955106220438,0.5,0.3863144177712622,0.0,0.4420962340446742,0,0.8971809101486121
4qkuC,2,129,0.183919,3.638992,3.800645,0-128 129-419,0.875,-1.8971260800997003,0.0,1.3352619391727765,1.0438134445335496,0.8775462918862241,0.853414857277664,1.2213885085230138,0.8189047884499763,0.8072989158333854,0.2594398943544447,0.2594398943544447,2.0,0.0,0.4432989690721649,0.6928571428571428,129.0,210.0,2,2,0.9761904761904762,0.9766519010705056,1.0,0.9881621723707494,1.0,0.9882009099263462,1,0.8122173516224024
1iomA,3,39,0.343395,3.369218,3.53637,0-179;324-373 180-218 219-323,0.5,-2.475282727905144,1.0,1.496440411405363,1.1392064441548797,0.8486820988221514,0.79675140847163,1.4690219593437372,0.72214757513804,0.4980709860081574,0.2711533549533936,0.5718407689079893,4.0,1.0,0.1695652173913043,0.6149732620320856,39.0,93.5,2,3,0.8168604651162791,0.7997960921973002,0.8,0.8855260978103774,0.0,0.7604365310247914,0,0.6578755966882724
2nyfA,2,221,0.127674,4.012084,4.043612,0-190;278-307 191-277;308-509,0.305556,-3.020903569446009,0.0,1.4445175701868738,1.0433154029218237,0.8000683976838925,0.7382159821735035,1.1918557818611266,0.8406106557662981,0.8041324384731183,0.1756181921759746,0.1756181921759746,4.0,2.0,0.7647058823529411,0.5666666666666667,30.0,127.5,3,2,0.8267716535433071,0.8244871240670829,0.4,0.8961259473674061,0.0,0.6894769449955592,0,0.7681788217075249
1jq5A,2,115,0.159656,3.818857,4.031143,0-250 251-365,0.6875,-3.598351798136001,0.0,1.3049688667749828,1.0707141042783523,0.8072000632758306,0.7923159237528952,1.127038001674293,0.8891425591228299,0.8484642828047342,0.272725481809918,0.272725481809918,2.0,0.0,0.4581673306772908,0.6857923497267759,115.0,183.0,2,2,0.4804469273743016,0.5783458345389392,0.0,0.7325734517701412,1.0,0.5582732427366764,0,0.8613945468890792
3qbpA,4,36,0.203955,3.410391,3.684959,0-114 115-148;185-375 149-184 376-440,0.456522,-2.449263176580701,2.0,1.7530352252763943,0.9209605207833352,0.6413579469739338,0.383872101096093,1.0009949239719813,1.0408540642246384,0.8484836431600695,0.106619793486191,0.3120281584672462,5.0,1.0,0.16,0.5102040816326531,34.0,88.2,3,4,0.8810068649885584,0.8800216524412598,0.6666666666666666,0.9350374510932864,0.0,0.7725465270379542,0,0.6543482252176425
5fb3A,2,144,0.190828,3.725796,3.890061,0-143 144-335,0.75,-2.6058574230283806,0.0,1.2663321024314986,1.0790259741049293,0.854872808557253,0.7506144033521674,1.157675865346251,0.8659132183748315,0.8231327058301954,0.2704866432655042,0.2704866432655042,2.0,0.0,0.75,0.5714285714285714,144.0,168.0,2,2,0.9940476190476192,0.9940682870370372,1.0,0.9970251293422024,1.0,0.9970282070853718,1,0.8977469060566148
5cr9A,2,121,0.222788,3.457579,3.681124,0-165 166-286,0.6875,-2.909992795854363,0.0,1.312592872290073,1.0400825903723083,0.9156042800156744,0.8673083581047936,1.2532607018875672,0.805798824498229,0.7261126179812832,0.2768847544366285,0.2768847544366285,2.0,0.0,0.7289156626506024,0.578397212543554,121.0,143.5,2,2,0.6655052264808362,0.7138659166281852,0.0,0.8330450321779288,1.0,0.64248323505739,0,0.8969528641100141
1lwuB,3,56,0.268733,3.117726,3.599996,0-55 56-156 157-314,0.5,-1.746924100786602,1.0,2.314976943507187,0.8906773279594425,0.6468399621915407,0.3252976650001793,0.9885712361946938,1.1602048990995757,0.7932463184581224,0.1278489961068447,0.3835469883205342,3.0,0.0,0.3544303797468354,0.5015873015873016,56.0,105.0,3,3,0.6,0.6749417319670484,0.4,0.7998798821823108,1.0,0.6949643228298719,0,0.7327140982245351
6grrB,2,80,0.066928,3.492865,3.686779,0-79 80-719,0.6875,-2.971843307210624,0.0,1.367826911728518,1.0440007319370084,0.9306827027471816,0.9278597024151956,1.339208942811768,0.769472143851214,0.6371269762242672,0.0444444227387392,0.0444444227387392,2.0,0.0,0.125,0.8888888888888888,80.0,360.0,4,2,0.6853448275862069,0.537592043821839,0.0,0.5728356621329945,0.0,0.4258211733748747,0,0.6922201064792785
2nynA,2,217,0.135294,4.006775,4.051679,0-186;282-311 187-281;312-510,0.25,-3.0197701825574983,0.0,1.4428331559900447,1.0519447987241013,0.7941082858672401,0.7305243445962306,1.192362569788735,0.8405797531588627,0.8005248540477728,0.1926666019640483,0.1926666019640483,4.0,2.0,0.7380952380952381,0.5753424657534246,30.0,127.75,2,2,0.8590998043052838,0.8707873781417118,0.5,0.9307038731214404,1.0,0.8321182111136872,1,0.7553144410922373
1vgmA,2,111,0.15987,3.748874,3.80588,0-217;329-375 218-328,0.423077,-2.8718231131917875,0.0,1.493015774551834,1.121566797017997,0.8234040175097086,0.8083799814334343,1.3944797675319691,0.7483341093777802,0.5954825798641221,0.1949808334355592,0.1949808334355592,3.0,1.0,0.4188679245283019,0.7047872340425532,47.0,125.33333333333331,2,2,0.9127906976744186,0.8809002230684857,1.0,0.9362770349506556,1.0,0.945993591138712,1,0.6910446509742699
4wesA,3,65,0.272098,3.448954,3.696788,0-48;252-518 49-186 187-251,0.514286,-2.5283966864190703,1.0,1.516099714683266,1.2436562306408427,0.6811299336697246,0.5914020444188748,1.2776598979058142,0.7920432160727251,0.7042093495157629,0.4009467115974979,0.6871572918919953,4.0,1.0,0.2056962025316455,0.6088631984585742,49.0,129.75,3,3,0.7196356275303644,0.7425810014870163,0.8,0.8419837605021144,1.0,0.820840077903899,1,0.6090598626344902
1kzqA,2,124,0.039988,3.829926,3.866625,0-128 129-252,0.875,-3.045982591545764,0.0,1.3803427863754725,0.9178198306216702,0.8089424140306749,0.791848155379474,1.0239458882179115,0.9768131944325984,0.9628679262627812,0.0,0.0,2.0,0.0,0.9612403100775194,0.5098814229249012,124.0,126.5,2,2,1.0,1.0,1.0,1.0,1.0,1.0,1,0.9472471730101938
3uguA,3,43,0.282721,2.650244,3.250795,0-162 163-266;310-344 267-309,0.416667,-2.705993576518896,1.0,1.9254400686638096,1.1033390578651958,0.7626606858063307,0.7383675930021076,1.6136169077781848,0.6246764384716924,0.5498841762993136,0.2305530215411136,0.3710879824575415,4.0,1.0,0.263803680981595,0.472463768115942,35.0,86.25,2,3,0.8523391812865497,0.8526765632028791,0.0,0.9155220596803276,0.0,0.6241075608339512,0,0.6681799547381732
4pqxA,2,73,0.103249,3.372005,3.429236,0-72 73-197,0.1875,-2.584227969694094,0.0,1.3949028904215204,0.9986696094893096,0.9139582751507732,0.8935955070077862,1.273771761001123,0.7931518996236435,0.7130883510942941,0.1266007623807095,0.1266007623807095,2.0,0.0,0.584,0.6313131313131313,73.0,99.0,2,2,0.98989898989899,0.9899681748996816,1.0,0.9949568497171192,1.0,0.994964802903158,1,0.899436081221628
1qh4A,2,103,0.155813,3.476487,3.689302,0-102 103-379,1.0,-3.0298310086349165,0.0,1.541764514750218,1.0482614792184903,0.8108325958752627,0.769176739167508,1.3052247332733635,0.766182287219896,0.7613322946556583,0.187438390475699,0.187438390475699,2.0,0.0,0.371841155234657,0.7289473684210527,103.0,190.0,2,2,0.9919786096256684,0.9848917501687348,0.0,0.9922192513368984,1.0,0.7938179222262604,1,0.7940321933083739
2ptrA,4,56,0.171077,3.254335,3.547458,0-148;201-248 149-200;434-453 249-377 378-433,0.553571,-1.8243123353302115,2.0,1.814073352081652,1.0335852067730362,0.7114526611480572,0.5818552435352604,1.29848801227916,0.7830044276526551,0.6635484709500284,0.0564466208926988,0.154991641347023,6.0,2.0,0.2842639593908629,0.4339207048458149,20.0,75.66666666666667,3,4,0.4625550660792951,0.5482880914441361,0.5,0.699999417894811,0.0,0.5421685150836485,0,0.601259958174706
1m9iA,4,157,0.116283,3.707824,3.765526,0-81;243-341 82-242 342-425;591-663 426-590,0.428571,-2.6935785610508045,2.0,1.7247936785829658,0.9933350238944282,0.6604322163510167,0.652511994972679,1.130050113705864,0.8871249055213528,0.8181725194477422,0.031467633087517,0.1059560458210939,6.0,2.0,0.8674033149171271,0.2725903614457831,73.0,110.66666666666669,8,4,0.482258064516129,0.4665537985882055,0.7272727272727272,0.3462096777731356,0.0,0.4444588536300394,0,0.7416096175753808
3tnyA,2,104,0.152514,3.777086,3.822898,0-149;254-279 150-253,0.230769,-2.827706947640597,0.0,1.491439248929045,1.03323359527139,0.7912154456391007,0.7774040704932784,1.2200140026505726,0.8220304616855457,0.7779129708781161,0.2818524051617799,0.2818524051617799,3.0,1.0,0.5909090909090909,0.6285714285714286,26.0,93.33333333333331,2,2,0.5071428571428571,0.6037540584415585,0.0,0.7529207070053596,1.0,0.5727635245179551,0,0.7627685310030098
3wa2X,4,39,0.225824,3.031445,3.383343,0-91 92-181 182-297;337-619 298-336,0.369565,-1.9871714654331405,2.0,1.914171818025333,1.041323586096934,0.7949199372017759,0.6974159437165043,1.603791556048502,0.696621940032141,0.4307729511242272,0.2761570804153425,0.8431592139308813,5.0,1.0,0.0977443609022556,0.6435483870967742,39.0,124.0,3,4,0.8872549019607843,0.8844068243938317,0.0,0.9384706065920774,0.0,0.6420264665893387,1,0.6480267873406508
1pprM,2,156,0.155344,3.61095,3.648862,0-155 156-311,0.75,-2.5804135395807286,0.0,1.3783361624062485,1.2664751148371534,0.8995010834429429,0.8856588740592476,1.5701965328495449,0.637044611552176,0.6262870613581335,0.1646134831689347,0.1646134831689347,2.0,0.0,1.0,0.5,156.0,156.0,2,2,0.9935897435897436,0.9936102892833664,1.0,0.9967949047210012,1.0,0.9967989875188222,1,0.8732363675269278
1h29D,4,112,0.151352,3.188333,3.27651,0-111 112-230 231-372 373-491,0.888889,0.1606291651429014,2.0,1.4585870488101995,1.1583671108159763,0.9538157871644156,0.8630961070034703,1.5993893077011614,0.6260571906109914,0.596055784039429,0.0287521956659411,0.12123726584752,4.0,0.0,0.7887323943661971,0.2886178861788618,112.0,123.0,4,4,0.971933471933472,0.9626378621561178,0.8,0.9807142666941596,1.0,0.94305712015675,1,0.8059665175004416
2j7uA,2,204,0.116653,3.641126,3.722999,0-34;65-398 35-64;399-572,0.583333,-2.0761032078234334,0.0,1.500053243343583,1.0380513507954474,0.936655164920006,0.8624039713985723,1.4517012589696223,0.6890282244372505,0.6778525422810845,0.1882303068340211,0.1882303068340211,4.0,2.0,0.5528455284552846,0.643979057591623,30.0,143.25,4,2,0.7417102966841187,0.6410877358347075,0.4615384615384615,0.6590361480885828,0.0,0.5673411950958408,0,0.67637401977503
4k7gB,2,168,0.196005,3.855451,3.929182,0-136;305-337 137-304,0.346154,-2.668590155271157,0.0,1.3584385668856491,1.0569358428123183,0.7832033458600445,0.7479469187922728,1.1190776828690736,0.8968738242198179,0.8426292628720916,0.2726792274743304,0.2726792274743304,3.0,1.0,0.9882352941176472,0.5029585798816568,33.0,112.66666666666669,2,2,0.9763313609467456,0.9766081966018828,1.0,0.9881656804733728,1.0,0.9882210476044002,1,0.868838628948756
1ksiA,5,39,0.259275,3.07325,3.250908,0-90 91-215 216-272 273-302;342-640 303-341,0.589286,-1.64648424586161,3.0,1.9422130020187176,1.1663933921439424,0.720993599268483,0.5100010053623915,1.6318838872396608,0.7019406594857611,0.4344955896599251,0.0935265243413691,0.3484730056336912,6.0,1.0,0.1185410334346504,0.5132605304212169,30.0,106.83333333333331,3,5,0.8121911037891268,0.8104440501837537,0.3333333333333333,0.8941513154974698,0.0,0.6366906272274034,0,0.6189837326689591
5eyvB,2,69,0.125769,3.545824,3.687701,0-29;99-419 30-98,0.615385,-1.4316448860933542,0.0,1.9534081172982876,0.9206413778449662,0.7179211707881001,0.6697077111681984,1.307920465513804,0.8042994340661695,0.6255471950348235,0.1305290190703207,0.1305290190703207,3.0,1.0,0.1965811965811965,0.8357142857142857,30.0,140.0,2,2,0.8571428571428571,0.8632478632478632,0.6666666666666666,0.9237882653061223,1.0,0.8621691304727018,1,0.6025960861608627
3m7gA,2,75,0.169493,3.56861,3.761708,0-159;235-266 160-234,0.615385,-3.056707634001385,0.0,1.471033006353797,1.0148828985173055,0.7688196734717765,0.7074110359048872,1.1420751269162026,0.878301293619571,0.829584723472237,0.1882405131784913,0.1882405131784913,3.0,1.0,0.390625,0.7191011235955056,32.0,89.0,3,2,0.5093632958801498,0.5343710986267166,0.3333333333333333,0.5683546131643883,0.0,0.4890844682009176,0,0.726204374689978
1r6nA,2,95,0.111629,3.459274,3.528786,0-100 101-195,0.5,-1.856945528106959,0.0,1.8372220619999813,0.8768124977292178,0.7337061405598857,0.6671199744373182,1.1747472045673604,0.8513595111441091,0.8415711600706738,0.0480441704850063,0.0480441704850063,2.0,0.0,0.9405940594059404,0.5153061224489796,95.0,98.0,2,2,0.9693877551020408,0.9698423924025056,1.0,0.9846902908324004,1.0,0.9847840876673892,1,0.9559521772782253
4n9jA,2,111,0.069868,3.577776,3.622506,0-110 111-221,0.3125,-2.939828937047168,0.0,1.558254460524772,0.995158543483092,0.7779696252419992,0.7345125387032826,1.197122573051565,0.836492746983209,0.8053910081074367,0.0,0.0,2.0,0.0,1.0,0.5,111.0,111.0,2,2,0.963963963963964,0.9646132619105592,1.0,0.9819878334126936,1.0,0.9821130118574434,1,0.9404059246683601
1mowG,2,105,0.13997,3.527433,3.634966,0-104 105-232,0.1875,-3.0615052502767504,0.0,1.4677039489467685,1.0434733115975796,0.845583739804056,0.8376367119302519,1.284569035609885,0.7812725744324689,0.7344897123561974,0.1127668782821609,0.1127668782821609,2.0,0.0,0.8203125,0.5493562231759657,105.0,116.5,2,2,0.9914163090128756,0.991449839055794,1.0,0.9957063996397736,1.0,0.9957145095416886,1,0.9121215866202864
1jc9A,2,43,0.215472,3.222613,3.603273,0-42 43-219,0.625,-1.2609164961117054,0.0,1.4555254095927104,0.9514075836159372,0.7768965267441446,0.6671234718154282,1.0397901969537986,0.9645351230676864,0.9125423146692732,0.2490143628150658,0.2490143628150658,2.0,0.0,0.2429378531073446,0.8045454545454546,43.0,110.0,2,2,0.4727272727272727,0.4527193351076247,0.0,0.496222009569378,1.0,0.484333723480855,0,0.7025311917303083
3qb5K,3,31,0.208991,3.042029,3.37075,0-30 31-143 144-221,0.230769,-2.235983570786288,1.0,2.26310267327467,0.7251908787375001,0.6061856108706839,0.3657054858813613,0.9586309405390594,1.2559847571129954,0.7986655982343519,0.0914362542019634,0.1654890565822252,3.0,0.0,0.2743362831858407,0.509009009009009,31.0,74.0,2,3,0.7882882882882883,0.798048048048048,0.6666666666666666,0.8851516812139792,0.0,0.7276309368433964,0,0.7664330111891592
1yiiA,2,157,0.083658,3.733939,3.759087,0-86;246-315 87-245,0.346154,-2.2016691453811106,0.0,1.634048481293961,1.013480638150695,0.6659127358689549,0.6492306688697459,1.102464497366567,0.9071673429600142,0.8972391667823386,0.0426862656268454,0.0426862656268454,3.0,1.0,0.9874213836477987,0.5031645569620253,70.0,105.33333333333331,4,2,0.4934210526315789,0.4769975734673385,0.8,0.3510350021015271,0.0,0.4909573923067556,0,0.871557132109845
3ejbH,4,40,0.2926,3.033903,3.451217,0-52;277-318 53-92 93-132;232-276;319-386 133-231,0.424242,-1.349644864873013,2.0,1.6227804074484864,1.0102491437601175,0.7553565558041815,0.5636944873374771,1.2039563476030335,0.8357884372965219,0.7831951172595683,0.1052734990234928,0.2939770734273199,7.0,3.0,0.261437908496732,0.3953488372093023,40.0,55.285714285714285,2,4,0.5646551724137931,0.5699735066948269,0.2857142857142857,0.7110441384513095,0.0,0.4929440873215097,0,0.6039152613965901
